row_index,timestamp,actual_load_kw,predicted_load_kw,context_length_used,residual_kw
43104,2025-04-01 00:00:00,0.3,0.7902989387512207,512,-0.4902989387512207
43105,2025-04-01 00:15:00,0.28,0.5011547803878784,512,-0.2211547803878784
43106,2025-04-01 00:30:00,0.3,0.4722139239311218,512,-0.17221392393112184
43107,2025-04-01 00:45:00,0.3,0.4965013265609741,512,-0.19650132656097413
43108,2025-04-01 01:00:00,0.31,0.43065890669822693,512,-0.12065890669822693
43109,2025-04-01 01:15:00,0.31,0.3968275189399719,512,-0.08682751893997193
43110,2025-04-01 01:30:00,0.3,0.44208669662475586,512,-0.14208669662475587
43111,2025-04-01 01:45:00,0.29,0.4285667836666107,512,-0.13856678366661074
43112,2025-04-01 02:00:00,0.27,0.4258721172809601,512,-0.15587211728096007
43113,2025-04-01 02:15:00,0.27,0.38880136609077454,512,-0.11880136609077452
43114,2025-04-01 02:30:00,0.3,0.3672681450843811,512,-0.06726814508438111
43115,2025-04-01 02:45:00,0.28,0.3844478130340576,512,-0.10444781303405759
43116,2025-04-01 03:00:00,0.31,0.38706451654434204,512,-0.07706451654434204
43117,2025-04-01 03:15:00,0.31,0.4418522119522095,512,-0.13185221195220947
43118,2025-04-01 03:30:00,0.31,0.4958533048629761,512,-0.18585330486297608
43119,2025-04-01 03:45:00,0.31,0.4351629614830017,512,-0.1251629614830017
43120,2025-04-01 04:00:00,0.3,0.4292246699333191,512,-0.1292246699333191
43121,2025-04-01 04:15:00,0.32,0.38599783182144165,512,-0.06599783182144164
43122,2025-04-01 04:30:00,1.85,0.40902018547058105,512,1.440979814529419
43123,2025-04-01 04:45:00,2.08,1.1646736860275269,512,0.9153263139724732
43124,2025-04-01 05:00:00,1.58,1.573584794998169,512,0.006415205001831126
43125,2025-04-01 05:15:00,0.31,1.4158077239990234,512,-1.1058077239990234
43126,2025-04-01 05:30:00,0.32,0.566737711429596,512,-0.24673771142959594
43127,2025-04-01 05:45:00,0.31,0.5429190397262573,512,-0.23291903972625733
43128,2025-04-01 06:00:00,0.29,0.461116224527359,512,-0.17111622452735903
43129,2025-04-01 06:15:00,0.29,0.36197876930236816,512,-0.07197876930236818
43130,2025-04-01 06:30:00,0.27,0.3413946032524109,512,-0.07139460325241087
43131,2025-04-01 06:45:00,0.27,0.3453255891799927,512,-0.07532558917999266
43132,2025-04-01 07:00:00,0.3,0.3736459016799927,512,-0.07364590167999269
43133,2025-04-01 07:15:00,0.91,0.43454036116600037,512,0.47545963883399966
43134,2025-04-01 07:30:00,0.53,0.8939377665519714,512,-0.3639377665519714
43135,2025-04-01 07:45:00,1.26,0.6484930515289307,512,0.6115069484710693
43136,2025-04-01 08:00:00,0.54,1.066698670387268,512,-0.526698670387268
43137,2025-04-01 08:15:00,0.55,0.6705375909805298,512,-0.12053759098052974
43138,2025-04-01 08:30:00,1.43,0.6604638695716858,512,0.7695361304283141
43139,2025-04-01 08:45:00,0.33,1.1192468404769897,512,-0.7892468404769897
43140,2025-04-01 09:00:00,0.92,0.4937284588813782,512,0.42627154111862187
43141,2025-04-01 09:15:00,1.55,0.7614742517471313,512,0.7885257482528687
43142,2025-04-01 09:30:00,1.59,1.2113018035888672,512,0.3786981964111329
43143,2025-04-01 09:45:00,0.65,1.3556182384490967,512,-0.7056182384490967
43144,2025-04-01 10:00:00,0.96,0.7185387015342712,512,0.24146129846572872
43145,2025-04-01 10:15:00,1.18,1.002684473991394,512,0.1773155260086059
43146,2025-04-01 10:30:00,1.51,1.3392006158828735,512,0.17079938411712647
43147,2025-04-01 10:45:00,0.5,1.6775928735733032,512,-1.1775928735733032
43148,2025-04-01 11:00:00,4.13,1.1561832427978516,512,2.9738167572021483
43149,2025-04-01 11:15:00,4.39,3.4041895866394043,512,0.9858104133605954
43150,2025-04-01 11:30:00,4.71,3.840519666671753,512,0.869480333328247
43151,2025-04-01 11:45:00,5.4,4.370917320251465,512,1.0290826797485355
43152,2025-04-01 12:00:00,5.41,5.136216163635254,512,0.27378383636474624
43153,2025-04-01 12:15:00,3.26,5.239272594451904,512,-1.9792725944519045
43154,2025-04-01 12:30:00,3.89,3.560851573944092,512,0.3291484260559083
43155,2025-04-01 12:45:00,4.06,3.972517251968384,512,0.08748274803161582
43156,2025-04-01 13:00:00,5.41,4.017324924468994,512,1.392675075531006
43157,2025-04-01 13:15:00,5.41,4.6997551918029785,512,0.7102448081970216
43158,2025-04-01 13:30:00,4.87,4.891645908355713,512,-0.021645908355712784
43159,2025-04-01 13:45:00,3.8,4.4924774169921875,512,-0.6924774169921877
43160,2025-04-01 14:00:00,4.05,3.640639066696167,512,0.40936093330383283
43161,2025-04-01 14:15:00,3.77,4.01348352432251,512,-0.24348352432250975
43162,2025-04-01 14:30:00,4.6,3.7819442749023438,512,0.8180557250976559
43163,2025-04-01 14:45:00,3.88,4.258261680603027,512,-0.37826168060302745
43164,2025-04-01 15:00:00,3.31,3.823775053024292,512,-0.5137750530242919
43165,2025-04-01 15:15:00,3.34,3.3425004482269287,512,-0.002500448226928853
43166,2025-04-01 15:30:00,2.37,3.160644769668579,512,-0.790644769668579
43167,2025-04-01 15:45:00,2.8,2.150106430053711,512,0.6498935699462889
43168,2025-04-01 16:00:00,2.54,2.291776657104492,512,0.24822334289550785
43169,2025-04-01 16:15:00,2.43,2.100334644317627,512,0.3296653556823732
43170,2025-04-01 16:30:00,2.27,1.8575259447097778,512,0.4124740552902222
43171,2025-04-01 16:45:00,1.59,1.601881742477417,512,-0.011881742477416912
43172,2025-04-01 17:00:00,1.47,1.2135499715805054,512,0.2564500284194946
43173,2025-04-01 17:15:00,1.15,1.0788331031799316,512,0.07116689682006827
43174,2025-04-01 17:30:00,0.95,0.8966963291168213,512,0.053303670883178667
43175,2025-04-01 17:45:00,0.82,0.754623293876648,512,0.065376706123352
43176,2025-04-01 18:00:00,0.7,0.7655894756317139,512,-0.06558947563171391
43177,2025-04-01 18:15:00,1.87,0.7505092620849609,512,1.1194907379150392
43178,2025-04-01 18:30:00,0.7,1.4696331024169922,512,-0.7696331024169922
43179,2025-04-01 18:45:00,0.48,0.7829282283782959,512,-0.3029282283782959
43180,2025-04-01 19:00:00,0.43,0.6661632061004639,512,-0.23616320610046387
43181,2025-04-01 19:15:00,0.39,0.6214234828948975,512,-0.23142348289489745
43182,2025-04-01 19:30:00,0.34,0.6064335107803345,512,-0.26643351078033445
43183,2025-04-01 19:45:00,0.37,0.5265254974365234,512,-0.15652549743652344
43184,2025-04-01 20:00:00,0.3,0.539839506149292,512,-0.239839506149292
43185,2025-04-01 20:15:00,0.3,0.48269128799438477,512,-0.18269128799438478
43186,2025-04-01 20:30:00,0.29,0.5051149129867554,512,-0.2151149129867554
43187,2025-04-01 20:45:00,0.29,0.4336843490600586,512,-0.1436843490600586
43188,2025-04-01 21:00:00,0.26,0.41009020805358887,512,-0.15009020805358886
43189,2025-04-01 21:15:00,0.26,0.3985772132873535,512,-0.1385772132873535
43190,2025-04-01 21:30:00,0.5,0.38214820623397827,512,0.11785179376602173
43191,2025-04-01 21:45:00,0.37,0.49181699752807617,512,-0.12181699752807618
43192,2025-04-01 22:00:00,0.4,0.4102718234062195,512,-0.01027182340621946
43193,2025-04-01 22:15:00,0.4,0.4034128189086914,512,-0.003412818908691384
43194,2025-04-01 22:30:00,0.39,0.409690797328949,512,-0.01969079732894896
43195,2025-04-01 22:45:00,0.81,0.41577625274658203,512,0.394223747253418
43196,2025-04-01 23:00:00,0.42,0.6078463792800903,512,-0.18784637928009035
43197,2025-04-01 23:15:00,0.32,0.4986189007759094,512,-0.17861890077590942
43198,2025-04-01 23:30:00,0.25,0.4760400056838989,512,-0.22604000568389893
43199,2025-04-01 23:45:00,0.29,0.431926965713501,512,-0.141926965713501
43200,2025-04-02 00:00:00,0.3,0.4018712043762207,512,-0.10187120437622071
43201,2025-04-02 00:15:00,0.3,0.3639938533306122,512,-0.0639938533306122
43202,2025-04-02 00:30:00,0.29,0.37552136182785034,512,-0.08552136182785036
43203,2025-04-02 00:45:00,0.28,0.36470818519592285,512,-0.08470818519592282
43204,2025-04-02 01:00:00,0.25,0.3596689999103546,512,-0.10966899991035461
43205,2025-04-02 01:15:00,0.25,0.34289032220840454,512,-0.09289032220840454
43206,2025-04-02 01:30:00,0.28,0.3719034194946289,512,-0.09190341949462888
43207,2025-04-02 01:45:00,0.29,0.3978121876716614,512,-0.1078121876716614
43208,2025-04-02 02:00:00,0.34,0.376352459192276,512,-0.03635245919227598
43209,2025-04-02 02:15:00,0.36,0.3850432336330414,512,-0.025043233633041395
43210,2025-04-02 02:30:00,1.0,0.4080891013145447,512,0.5919108986854553
43211,2025-04-02 02:45:00,0.31,0.8602474927902222,512,-0.5502474927902221
43212,2025-04-02 03:00:00,0.34,0.47462689876556396,512,-0.13462689876556394
43213,2025-04-02 03:15:00,2.4,0.4918389916419983,512,1.9081610083580016
43214,2025-04-02 03:30:00,0.39,1.9060369729995728,512,-1.5160369729995726
43215,2025-04-02 03:45:00,0.39,0.6114206314086914,512,-0.2214206314086914
43216,2025-04-02 04:00:00,1.82,0.5609292387962341,512,1.259070761203766
43217,2025-04-02 04:15:00,2.63,1.4779679775238037,512,1.1520320224761962
43218,2025-04-02 04:30:00,1.84,2.0922017097473145,512,-0.2522017097473144
43219,2025-04-02 04:45:00,1.88,1.5470930337905884,512,0.3329069662094115
43220,2025-04-02 05:00:00,1.91,1.6396331787109375,512,0.2703668212890624
43221,2025-04-02 05:15:00,2.17,1.6959941387176514,512,0.47400586128234856
43222,2025-04-02 05:30:00,1.67,1.9917261600494385,512,-0.32172616004943855
43223,2025-04-02 05:45:00,0.33,1.5457966327667236,512,-1.2157966327667236
43224,2025-04-02 06:00:00,0.35,0.6814932823181152,512,-0.33149328231811526
43225,2025-04-02 06:15:00,0.35,0.5839368104934692,512,-0.23393681049346926
43226,2025-04-02 06:30:00,0.38,0.42191213369369507,512,-0.041912133693695064
43227,2025-04-02 06:45:00,0.29,0.4316803216934204,512,-0.14168032169342043
43228,2025-04-02 07:00:00,0.27,0.43827033042907715,512,-0.16827033042907713
43229,2025-04-02 07:15:00,0.25,0.4564444124698639,512,-0.2064444124698639
43230,2025-04-02 07:30:00,0.29,0.4472849369049072,512,-0.15728493690490725
43231,2025-04-02 07:45:00,0.25,0.46899041533470154,512,-0.21899041533470154
43232,2025-04-02 08:00:00,0.25,0.371557354927063,512,-0.12155735492706299
43233,2025-04-02 08:15:00,0.25,0.3711632490158081,512,-0.1211632490158081
43234,2025-04-02 08:30:00,0.24,0.36692315340042114,512,-0.12692315340042115
43235,2025-04-02 08:45:00,0.22,0.3188205361366272,512,-0.0988205361366272
43236,2025-04-02 09:00:00,0.21,0.2977840304374695,512,-0.08778403043746949
43237,2025-04-02 09:15:00,0.2,0.31832486391067505,512,-0.11832486391067504
43238,2025-04-02 09:30:00,0.25,0.2664337754249573,512,-0.016433775424957275
43239,2025-04-02 09:45:00,0.62,0.23765480518341064,512,0.38234519481658935
43240,2025-04-02 10:00:00,0.62,0.7255704402923584,512,-0.1055704402923584
43241,2025-04-02 10:15:00,0.59,0.8168837428092957,512,-0.22688374280929569
43242,2025-04-02 10:30:00,0.62,0.7839187979698181,512,-0.16391879796981812
43243,2025-04-02 10:45:00,0.65,0.8764209151268005,512,-0.22642091512680051
43244,2025-04-02 11:00:00,1.76,1.269072413444519,512,0.49092758655548097
43245,2025-04-02 11:15:00,0.48,2.632499933242798,512,-2.152499933242798
43246,2025-04-02 11:30:00,1.12,1.4741790294647217,512,-0.3541790294647216
43247,2025-04-02 11:45:00,3.41,2.20066499710083,512,1.20933500289917
43248,2025-04-02 12:00:00,5.41,3.6714060306549072,512,1.738593969345093
43249,2025-04-02 12:15:00,5.41,4.684524059295654,512,0.7254759407043458
43250,2025-04-02 12:30:00,5.41,5.012578964233398,512,0.3974210357666017
43251,2025-04-02 12:45:00,5.41,5.27996826171875,512,0.13003173828125014
43252,2025-04-02 13:00:00,5.41,5.431896209716797,512,-0.021896209716796733
43253,2025-04-02 13:15:00,5.41,5.3749589920043945,512,0.03504100799560561
43254,2025-04-02 13:30:00,3.29,5.336366653442383,512,-2.0463666534423828
43255,2025-04-02 13:45:00,2.08,3.2876296043395996,512,-1.2076296043395995
43256,2025-04-02 14:00:00,3.37,2.410875082015991,512,0.9591249179840089
43257,2025-04-02 14:15:00,3.11,3.333749771118164,512,-0.2237497711181642
43258,2025-04-02 14:30:00,1.55,3.12310791015625,512,-1.57310791015625
43259,2025-04-02 14:45:00,0.8,1.928018569946289,512,-1.128018569946289
43260,2025-04-02 15:00:00,3.48,1.1713438034057617,512,2.3086561965942383
43261,2025-04-02 15:15:00,3.95,3.2593696117401123,512,0.6906303882598879
43262,2025-04-02 15:30:00,4.06,3.3118529319763184,512,0.7481470680236812
43263,2025-04-02 15:45:00,3.03,3.4766764640808105,512,-0.44667646408081074
43264,2025-04-02 16:00:00,2.51,2.8160219192504883,512,-0.3060219192504885
43265,2025-04-02 16:15:00,2.22,2.4268546104431152,512,-0.20685461044311504
43266,2025-04-02 16:30:00,2.52,2.0118205547332764,512,0.5081794452667237
43267,2025-04-02 16:45:00,2.06,2.2175087928771973,512,-0.1575087928771972
43268,2025-04-02 17:00:00,1.34,1.838313341140747,512,-0.498313341140747
43269,2025-04-02 17:15:00,0.66,1.2665518522262573,512,-0.6065518522262573
43270,2025-04-02 17:30:00,0.45,0.6777973175048828,512,-0.2277973175048828
43271,2025-04-02 17:45:00,0.4,0.5045905113220215,512,-0.10459051132202146
43272,2025-04-02 18:00:00,0.34,0.5908210277557373,512,-0.2508210277557373
43273,2025-04-02 18:15:00,0.32,0.569646954536438,512,-0.24964695453643798
43274,2025-04-02 18:30:00,0.44,0.486525297164917,512,-0.04652529716491699
43275,2025-04-02 18:45:00,1.21,0.5009258985519409,512,0.709074101448059
43276,2025-04-02 19:00:00,0.48,0.9065617322921753,512,-0.4265617322921753
43277,2025-04-02 19:15:00,0.38,0.5723631381988525,512,-0.19236313819885253
43278,2025-04-02 19:30:00,0.32,0.5811876058578491,512,-0.2611876058578491
43279,2025-04-02 19:45:00,1.1,0.5044081211090088,512,0.5955918788909913
43280,2025-04-02 20:00:00,2.64,0.8868094682693481,512,1.753190531730652
43281,2025-04-02 20:15:00,0.45,2.4724860191345215,512,-2.0224860191345213
43282,2025-04-02 20:30:00,0.45,0.6696645021438599,512,-0.21966450214385985
43283,2025-04-02 20:45:00,0.47,0.6064735651016235,512,-0.13647356510162356
43284,2025-04-02 21:00:00,0.61,0.5812181234359741,512,0.028781876564025866
43285,2025-04-02 21:15:00,0.43,0.6330975890159607,512,-0.2030975890159607
43286,2025-04-02 21:30:00,0.41,0.557041347026825,512,-0.14704134702682498
43287,2025-04-02 21:45:00,0.4,0.5510914921760559,512,-0.15109149217605589
43288,2025-04-02 22:00:00,0.34,0.5110735297203064,512,-0.17107352972030637
43289,2025-04-02 22:15:00,0.39,0.4414828419685364,512,-0.051482841968536364
43290,2025-04-02 22:30:00,0.58,0.46962660551071167,512,0.11037339448928829
43291,2025-04-02 22:45:00,0.39,0.5533249974250793,512,-0.16332499742507933
43292,2025-04-02 23:00:00,0.31,0.4538130760192871,512,-0.1438130760192871
43293,2025-04-02 23:15:00,0.3,0.4197739362716675,512,-0.11977393627166749
43294,2025-04-02 23:30:00,0.28,0.4056728482246399,512,-0.12567284822463987
43295,2025-04-02 23:45:00,0.27,0.37052905559539795,512,-0.10052905559539793
43296,2025-04-03 00:00:00,0.28,0.33164605498313904,512,-0.05164605498313901
43297,2025-04-03 00:15:00,0.3,0.3130209445953369,512,-0.013020944595336925
43298,2025-04-03 00:30:00,0.28,0.30973824858665466,512,-0.029738248586654636
43299,2025-04-03 00:45:00,0.31,0.31363818049430847,512,-0.003638180494308474
43300,2025-04-03 01:00:00,0.31,0.3867656886577606,512,-0.07676568865776062
43301,2025-04-03 01:15:00,0.3,0.3826112151145935,512,-0.08261121511459352
43302,2025-04-03 01:30:00,0.3,0.41075265407562256,512,-0.11075265407562257
43303,2025-04-03 01:45:00,0.3,0.40849173069000244,512,-0.10849173069000245
43304,2025-04-03 02:00:00,0.29,0.42394953966140747,512,-0.1339495396614075
43305,2025-04-03 02:15:00,0.31,0.3998865783214569,512,-0.08988657832145691
43306,2025-04-03 02:30:00,0.31,0.4168323874473572,512,-0.10683238744735718
43307,2025-04-03 02:45:00,1.69,0.39539164304733276,512,1.2946083569526672
43308,2025-04-03 03:00:00,0.34,1.6154487133026123,512,-1.2754487133026122
43309,2025-04-03 03:15:00,0.99,0.5884960293769836,512,0.40150397062301635
43310,2025-04-03 03:30:00,0.32,1.0816901922225952,512,-0.7616901922225952
43311,2025-04-03 03:45:00,0.31,0.6067750453948975,512,-0.29677504539489746
43312,2025-04-03 04:00:00,0.29,0.5691928267478943,512,-0.2791928267478943
43313,2025-04-03 04:15:00,0.57,0.5143623352050781,512,0.055637664794921826
43314,2025-04-03 04:30:00,1.99,0.7112137675285339,512,1.278786232471466
43315,2025-04-03 04:45:00,1.6,1.5799556970596313,512,0.02004430294036874
43316,2025-04-03 05:00:00,0.36,1.3717222213745117,512,-1.0117222213745118
43317,2025-04-03 05:15:00,0.35,0.6147014498710632,512,-0.26470144987106325
43318,2025-04-03 05:30:00,0.33,0.5151782035827637,512,-0.18517820358276366
43319,2025-04-03 05:45:00,1.04,0.4505806267261505,512,0.5894193732738495
43320,2025-04-03 06:00:00,0.32,0.7261653542518616,512,-0.40616535425186157
43321,2025-04-03 06:15:00,0.29,0.43620461225509644,512,-0.14620461225509646
43322,2025-04-03 06:30:00,0.33,0.36144861578941345,512,-0.03144861578941344
43323,2025-04-03 06:45:00,0.92,0.4109905958175659,512,0.5090094041824341
43324,2025-04-03 07:00:00,0.44,0.6744083166122437,512,-0.23440831661224365
43325,2025-04-03 07:15:00,0.38,0.5747719407081604,512,-0.1947719407081604
43326,2025-04-03 07:30:00,1.09,0.5497947335243225,512,0.5402052664756776
43327,2025-04-03 07:45:00,0.39,0.8183727264404297,512,-0.4283727264404297
43328,2025-04-03 08:00:00,0.43,0.48578518629074097,512,-0.05578518629074097
43329,2025-04-03 08:15:00,0.42,0.4356687664985657,512,-0.01566876649856569
43330,2025-04-03 08:30:00,0.51,0.43961697816848755,512,0.07038302183151246
43331,2025-04-03 08:45:00,2.85,0.4981462061405182,512,2.351853793859482
43332,2025-04-03 09:00:00,1.53,1.9921538829803467,512,-0.46215388298034665
43333,2025-04-03 09:15:00,0.88,1.4935626983642578,512,-0.6135626983642578
43334,2025-04-03 09:30:00,1.55,0.974805474281311,512,0.575194525718689
43335,2025-04-03 09:45:00,0.44,1.503718614578247,512,-1.0637186145782471
43336,2025-04-03 10:00:00,0.2,0.7057097554206848,512,-0.5057097554206849
43337,2025-04-03 10:15:00,0.19,0.40585172176361084,512,-0.21585172176361084
43338,2025-04-03 10:30:00,1.14,0.3302276134490967,512,0.8097723865509032
43339,2025-04-03 10:45:00,3.19,1.385570764541626,512,1.804429235458374
43340,2025-04-03 11:00:00,3.46,3.133775234222412,512,0.32622476577758786
43341,2025-04-03 11:15:00,2.65,3.581782579421997,512,-0.9317825794219972
43342,2025-04-03 11:30:00,0.22,3.009596347808838,512,-2.7895963478088377
43343,2025-04-03 11:45:00,1.12,1.43442702293396,512,-0.31442702293395985
43344,2025-04-03 12:00:00,1.67,2.6650023460388184,512,-0.9950023460388184
43345,2025-04-03 12:15:00,1.56,2.6227855682373047,512,-1.0627855682373046
43346,2025-04-03 12:30:00,1.66,2.2150697708129883,512,-0.5550697708129884
43347,2025-04-03 12:45:00,1.8,2.4448611736297607,512,-0.6448611736297607
43348,2025-04-03 13:00:00,1.87,2.5167171955108643,512,-0.6467171955108642
43349,2025-04-03 13:15:00,1.89,2.3710880279541016,512,-0.48108802795410166
43350,2025-04-03 13:30:00,1.97,2.203115940093994,512,-0.23311594009399417
43351,2025-04-03 13:45:00,2.05,2.258129596710205,512,-0.20812959671020526
43352,2025-04-03 14:00:00,2.34,2.4085452556610107,512,-0.06854525566101088
43353,2025-04-03 14:15:00,2.44,2.5281190872192383,512,-0.08811908721923833
43354,2025-04-03 14:30:00,2.67,2.4943714141845703,512,0.17562858581542962
43355,2025-04-03 14:45:00,2.96,2.658452033996582,512,0.30154796600341793
43356,2025-04-03 15:00:00,3.04,2.90511417388916,512,0.13488582611083988
43357,2025-04-03 15:15:00,0.25,2.9018654823303223,512,-2.6518654823303223
43358,2025-04-03 15:30:00,0.24,0.37899768352508545,512,-0.13899768352508546
43359,2025-04-03 15:45:00,0.23,0.625639796257019,512,-0.39563979625701906
43360,2025-04-03 16:00:00,0.21,0.5113686323165894,512,-0.3013686323165894
43361,2025-04-03 16:15:00,0.33,0.4278830289840698,512,-0.09788302898406981
43362,2025-04-03 16:30:00,0.2,0.5047304630279541,512,-0.3047304630279541
43363,2025-04-03 16:45:00,0.22,0.4270915985107422,512,-0.2070915985107422
43364,2025-04-03 17:00:00,0.21,0.41476690769195557,512,-0.20476690769195557
43365,2025-04-03 17:15:00,0.24,0.3497852087020874,512,-0.10978520870208741
43366,2025-04-03 17:30:00,0.25,0.29882609844207764,512,-0.04882609844207764
43367,2025-04-03 17:45:00,0.24,0.32025253772735596,512,-0.08025253772735597
43368,2025-04-03 18:00:00,0.24,0.36207544803619385,512,-0.12207544803619386
43369,2025-04-03 18:15:00,1.39,0.3846837282180786,512,1.0053162717819213
43370,2025-04-03 18:30:00,1.6,1.1232638359069824,512,0.47673616409301767
43371,2025-04-03 18:45:00,1.36,1.3663679361343384,512,-0.006367936134338281
43372,2025-04-03 19:00:00,1.13,1.2090237140655518,512,-0.07902371406555186
43373,2025-04-03 19:15:00,0.91,1.1611974239349365,512,-0.2511974239349365
43374,2025-04-03 19:30:00,0.52,1.0052533149719238,512,-0.4852533149719238
43375,2025-04-03 19:45:00,0.55,0.6574826240539551,512,-0.10748262405395503
43376,2025-04-03 20:00:00,0.4,0.6920422911643982,512,-0.29204229116439817
43377,2025-04-03 20:15:00,0.3,0.5436520576477051,512,-0.2436520576477051
43378,2025-04-03 20:30:00,0.3,0.45549237728118896,512,-0.15549237728118898
43379,2025-04-03 20:45:00,0.27,0.43785953521728516,512,-0.16785953521728514
43380,2025-04-03 21:00:00,0.27,0.41545993089675903,512,-0.14545993089675902
43381,2025-04-03 21:15:00,0.28,0.384696364402771,512,-0.10469636440277097
43382,2025-04-03 21:30:00,0.32,0.36346280574798584,512,-0.04346280574798583
43383,2025-04-03 21:45:00,0.3,0.36419135332107544,512,-0.06419135332107545
43384,2025-04-03 22:00:00,0.33,0.36879563331604004,512,-0.038795633316040024
43385,2025-04-03 22:15:00,0.35,0.38581550121307373,512,-0.03581550121307375
43386,2025-04-03 22:30:00,0.25,0.411033570766449,512,-0.16103357076644897
43387,2025-04-03 22:45:00,0.25,0.36757832765579224,512,-0.11757832765579224
43388,2025-04-03 23:00:00,0.26,0.3486705422401428,512,-0.08867054224014281
43389,2025-04-03 23:15:00,0.28,0.33590906858444214,512,-0.05590906858444211
43390,2025-04-03 23:30:00,0.27,0.31649327278137207,512,-0.04649327278137205
43391,2025-04-03 23:45:00,0.29,0.2957538962364197,512,-0.005753896236419698
43392,2025-04-04 00:00:00,0.29,0.3154488205909729,512,-0.02544882059097292
43393,2025-04-04 00:15:00,0.28,0.327888548374176,512,-0.047888548374176
43394,2025-04-04 00:30:00,0.27,0.33806151151657104,512,-0.06806151151657103
43395,2025-04-04 00:45:00,0.26,0.31706446409225464,512,-0.05706446409225463
43396,2025-04-04 01:00:00,0.25,0.32337063550949097,512,-0.07337063550949097
43397,2025-04-04 01:15:00,0.25,0.318958580493927,512,-0.068958580493927
43398,2025-04-04 01:30:00,0.26,0.3203813433647156,512,-0.06038134336471557
43399,2025-04-04 01:45:00,0.28,0.31587743759155273,512,-0.03587743759155271
43400,2025-04-04 02:00:00,0.33,0.32057464122772217,512,0.009425358772277848
43401,2025-04-04 02:15:00,0.33,0.3720763325691223,512,-0.0420763325691223
43402,2025-04-04 02:30:00,0.99,0.40922507643699646,512,0.5807749235630035
43403,2025-04-04 02:45:00,0.34,0.8445467948913574,512,-0.5045467948913573
43404,2025-04-04 03:00:00,0.32,0.4594172239303589,512,-0.13941722393035888
43405,2025-04-04 03:15:00,2.32,0.4812644422054291,512,1.8387355577945708
43406,2025-04-04 03:30:00,0.33,2.0185978412628174,512,-1.6885978412628173
43407,2025-04-04 03:45:00,1.59,0.5766496658325195,512,1.0133503341674805
43408,2025-04-04 04:00:00,2.1,1.528336763381958,512,0.5716632366180421
43409,2025-04-04 04:15:00,1.02,2.143747568130493,512,-1.1237475681304931
43410,2025-04-04 04:30:00,0.31,1.2906882762908936,512,-0.9806882762908935
43411,2025-04-04 04:45:00,0.29,0.673201858997345,512,-0.383201858997345
43412,2025-04-04 05:00:00,0.27,0.5471405982971191,512,-0.2771405982971191
43413,2025-04-04 05:15:00,0.26,0.45760345458984375,512,-0.19760345458984374
43414,2025-04-04 05:30:00,0.26,0.4219118654727936,512,-0.16191186547279357
43415,2025-04-04 05:45:00,0.29,0.3854690194129944,512,-0.0954690194129944
43416,2025-04-04 06:00:00,0.3,0.3813237249851227,512,-0.08132372498512269
43417,2025-04-04 06:15:00,0.3,0.41727831959724426,512,-0.11727831959724427
43418,2025-04-04 06:30:00,0.72,0.4218493402004242,512,0.2981506597995758
43419,2025-04-04 06:45:00,0.46,0.6168054938316345,512,-0.1568054938316345
43420,2025-04-04 07:00:00,0.31,0.558256983757019,512,-0.24825698375701905
43421,2025-04-04 07:15:00,0.34,0.4693709909915924,512,-0.12937099099159238
43422,2025-04-04 07:30:00,1.1,0.47617271542549133,512,0.6238272845745088
43423,2025-04-04 07:45:00,1.83,0.8128150701522827,512,1.0171849298477174
43424,2025-04-04 08:00:00,2.55,1.4130808115005493,512,1.1369191884994505
43425,2025-04-04 08:15:00,0.51,2.035853862762451,512,-1.5258538627624512
43426,2025-04-04 08:30:00,0.67,0.6939888596534729,512,-0.02398885965347286
43427,2025-04-04 08:45:00,0.57,0.8148800134658813,512,-0.2448800134658814
43428,2025-04-04 09:00:00,0.83,0.6568597555160522,512,0.17314024448394771
43429,2025-04-04 09:15:00,0.65,0.8445600271224976,512,-0.19456002712249754
43430,2025-04-04 09:30:00,1.2,0.7008508443832397,512,0.4991491556167602
43431,2025-04-04 09:45:00,1.67,1.140362024307251,512,0.529637975692749
43432,2025-04-04 10:00:00,3.12,1.4458706378936768,512,1.6741293621063233
43433,2025-04-04 10:15:00,0.98,2.5337936878204346,512,-1.5537936878204346
43434,2025-04-04 10:30:00,0.97,1.0924407243728638,512,-0.1224407243728638
43435,2025-04-04 10:45:00,0.29,1.1806920766830444,512,-0.8906920766830444
43436,2025-04-04 11:00:00,0.29,0.8085747957229614,512,-0.5185747957229614
43437,2025-04-04 11:15:00,0.26,0.7436032891273499,512,-0.48360328912734984
43438,2025-04-04 11:30:00,0.25,0.5930248498916626,512,-0.3430248498916626
43439,2025-04-04 11:45:00,1.5,0.7095393538475037,512,0.7904606461524963
43440,2025-04-04 12:00:00,1.75,1.6831389665603638,512,0.06686103343963623
43441,2025-04-04 12:15:00,1.69,1.6913814544677734,512,-0.0013814544677734908
43442,2025-04-04 12:30:00,1.62,1.7883793115615845,512,-0.16837931156158437
43443,2025-04-04 12:45:00,1.78,1.732468843460083,512,0.04753115653991702
43444,2025-04-04 13:00:00,1.67,1.8946259021759033,512,-0.2246259021759034
43445,2025-04-04 13:15:00,1.78,1.646148920059204,512,0.13385107994079593
43446,2025-04-04 13:30:00,1.95,1.7599060535430908,512,0.19009394645690914
43447,2025-04-04 13:45:00,2.04,1.872559666633606,512,0.16744033336639408
43448,2025-04-04 14:00:00,1.96,2.0471649169921875,512,-0.08716491699218754
43449,2025-04-04 14:15:00,2.11,1.9849039316177368,512,0.12509606838226306
43450,2025-04-04 14:30:00,2.34,2.063169479370117,512,0.27683052062988267
43451,2025-04-04 14:45:00,2.66,2.071760416030884,512,0.5882395839691164
43452,2025-04-04 15:00:00,2.88,2.341825485229492,512,0.5381745147705077
43453,2025-04-04 15:15:00,1.97,2.462534189224243,512,-0.4925341892242432
43454,2025-04-04 15:30:00,0.2,1.604976773262024,512,-1.404976773262024
43455,2025-04-04 15:45:00,0.24,0.26732301712036133,512,-0.027323017120361337
43456,2025-04-04 16:00:00,0.2,0.37627577781677246,512,-0.17627577781677245
43457,2025-04-04 16:15:00,0.23,0.4168260097503662,512,-0.1868260097503662
43458,2025-04-04 16:30:00,0.24,0.46547389030456543,512,-0.22547389030456544
43459,2025-04-04 16:45:00,0.24,0.4181365966796875,512,-0.1781365966796875
43460,2025-04-04 17:00:00,0.24,0.35286879539489746,512,-0.11286879539489747
43461,2025-04-04 17:15:00,0.21,0.3083517551422119,512,-0.09835175514221192
43462,2025-04-04 17:30:00,0.2,0.31300973892211914,512,-0.11300973892211913
43463,2025-04-04 17:45:00,0.21,0.3350391387939453,512,-0.12503913879394532
43464,2025-04-04 18:00:00,0.23,0.39921021461486816,512,-0.16921021461486815
43465,2025-04-04 18:15:00,0.26,0.44420886039733887,512,-0.18420886039733886
43466,2025-04-04 18:30:00,1.67,0.4293205738067627,512,1.2406794261932372
43467,2025-04-04 18:45:00,0.25,1.3460379838943481,512,-1.0960379838943481
43468,2025-04-04 19:00:00,0.37,0.45114612579345703,512,-0.08114612579345704
43469,2025-04-04 19:15:00,1.15,0.49994397163391113,512,0.6500560283660888
43470,2025-04-04 19:30:00,0.65,1.0000678300857544,512,-0.3500678300857544
43471,2025-04-04 19:45:00,0.72,0.7308459281921387,512,-0.010845928192138699
43472,2025-04-04 20:00:00,0.73,0.7599278688430786,512,-0.02992786884307863
43473,2025-04-04 20:15:00,0.76,0.7500430345535278,512,0.009956965446472177
43474,2025-04-04 20:30:00,0.75,0.7571905851364136,512,-0.007190585136413574
43475,2025-04-04 20:45:00,0.71,0.7584520578384399,512,-0.04845205783843998
43476,2025-04-04 21:00:00,0.69,0.7639578580856323,512,-0.07395785808563238
43477,2025-04-04 21:15:00,0.6,0.7436816692352295,512,-0.14368166923522951
43478,2025-04-04 21:30:00,1.47,0.6780701875686646,512,0.7919298124313354
43479,2025-04-04 21:45:00,1.33,1.1260242462158203,512,0.20397575378417976
43480,2025-04-04 22:00:00,0.84,1.1897516250610352,512,-0.3497516250610352
43481,2025-04-04 22:15:00,1.67,0.8635628819465637,512,0.8064371180534362
43482,2025-04-04 22:30:00,3.27,1.241524577140808,512,2.028475422859192
43483,2025-04-04 22:45:00,1.85,2.4266765117645264,512,-0.5766765117645263
43484,2025-04-04 23:00:00,3.19,1.5079975128173828,512,1.6820024871826171
43485,2025-04-04 23:15:00,2.7,2.3673222064971924,512,0.3326777935028078
43486,2025-04-04 23:30:00,4.65,2.1670825481414795,512,2.482917451858521
43487,2025-04-04 23:45:00,2.27,3.710310935974121,512,-1.440310935974121
43488,2025-04-05 00:00:00,0.45,1.906587839126587,512,-1.456587839126587
43489,2025-04-05 00:15:00,0.37,0.7684041261672974,512,-0.39840412616729737
43490,2025-04-05 00:30:00,1.04,0.5997933149337769,512,0.4402066850662232
43491,2025-04-05 00:45:00,0.37,0.9180686473846436,512,-0.5480686473846436
43492,2025-04-05 01:00:00,0.35,0.48967891931533813,512,-0.13967891931533816
43493,2025-04-05 01:15:00,0.3,0.452908992767334,512,-0.152908992767334
43494,2025-04-05 01:30:00,0.29,0.4092558026313782,512,-0.1192558026313782
43495,2025-04-05 01:45:00,0.28,0.3313206434249878,512,-0.051320643424987766
43496,2025-04-05 02:00:00,0.32,0.3367101550102234,512,-0.016710155010223382
43497,2025-04-05 02:15:00,0.33,0.3877723813056946,512,-0.057772381305694565
43498,2025-04-05 02:30:00,0.33,0.37713170051574707,512,-0.047131700515747055
43499,2025-04-05 02:45:00,0.33,0.36746537685394287,512,-0.037465376853942856
43500,2025-04-05 03:00:00,0.32,0.35312047600746155,512,-0.03312047600746154
43501,2025-04-05 03:15:00,0.29,0.37999892234802246,512,-0.08999892234802248
43502,2025-04-05 03:30:00,0.28,0.3728092908859253,512,-0.09280929088592527
43503,2025-04-05 03:45:00,0.31,0.3802957832813263,512,-0.0702957832813263
43504,2025-04-05 04:00:00,0.31,0.4255705177783966,512,-0.11557051777839661
43505,2025-04-05 04:15:00,0.31,0.4180672764778137,512,-0.10806727647781372
43506,2025-04-05 04:30:00,0.33,0.4386642277240753,512,-0.1086642277240753
43507,2025-04-05 04:45:00,1.08,0.43307119607925415,512,0.6469288039207459
43508,2025-04-05 05:00:00,1.07,0.7628087997436523,512,0.3071912002563477
43509,2025-04-05 05:15:00,1.08,0.877562403678894,512,0.20243759632110603
43510,2025-04-05 05:30:00,1.79,0.9291061162948608,512,0.8608938837051392
43511,2025-04-05 05:45:00,2.7,1.3865866661071777,512,1.3134133338928224
43512,2025-04-05 06:00:00,0.37,2.091458320617676,512,-1.7214583206176757
43513,2025-04-05 06:15:00,0.38,0.5111265182495117,512,-0.13112651824951171
43514,2025-04-05 06:30:00,1.82,0.5086593627929688,512,1.3113406372070313
43515,2025-04-05 06:45:00,1.87,1.2685058116912842,512,0.6014941883087159
43516,2025-04-05 07:00:00,0.44,1.438199758529663,512,-0.9981997585296631
43517,2025-04-05 07:15:00,0.39,0.6318870186805725,512,-0.2418870186805725
43518,2025-04-05 07:30:00,0.37,0.6221507787704468,512,-0.2521507787704468
43519,2025-04-05 07:45:00,0.43,0.5287784934043884,512,-0.09877849340438843
43520,2025-04-05 08:00:00,0.31,0.5102396607398987,512,-0.20023966073989868
43521,2025-04-05 08:15:00,0.38,0.4335436224937439,512,-0.05354362249374389
43522,2025-04-05 08:30:00,0.46,0.4731285572052002,512,-0.013128557205200175
43523,2025-04-05 08:45:00,0.61,0.4656279683113098,512,0.14437203168869017
43524,2025-04-05 09:00:00,2.12,0.5098099708557129,512,1.6101900291442872
43525,2025-04-05 09:15:00,2.22,1.2791777849197388,512,0.9408222150802614
43526,2025-04-05 09:30:00,2.18,1.5672314167022705,512,0.6127685832977297
43527,2025-04-05 09:45:00,0.89,1.8256175518035889,512,-0.9356175518035889
43528,2025-04-05 10:00:00,0.19,0.8732960820198059,512,-0.683296082019806
43529,2025-04-05 10:15:00,0.21,0.19060289859771729,512,0.019397101402282707
43530,2025-04-05 10:30:00,0.3,0.14203119277954102,512,0.15796880722045897
43531,2025-04-05 10:45:00,3.2,0.22330808639526367,512,2.9766919136047365
43532,2025-04-05 11:00:00,2.69,2.2370293140411377,512,0.45297068595886225
43533,2025-04-05 11:15:00,2.39,2.21521258354187,512,0.17478741645813
43534,2025-04-05 11:30:00,3.17,2.6283373832702637,512,0.5416626167297363
43535,2025-04-05 11:45:00,2.58,3.28322172164917,512,-0.7032217216491699
43536,2025-04-05 12:00:00,1.93,3.1707208156585693,512,-1.2407208156585694
43537,2025-04-05 12:15:00,2.82,2.5525689125061035,512,0.2674310874938963
43538,2025-04-05 12:30:00,2.01,2.9349451065063477,512,-0.9249451065063479
43539,2025-04-05 12:45:00,1.99,2.5311717987060547,512,-0.5411717987060547
43540,2025-04-05 13:00:00,2.8,2.4004971981048584,512,0.3995028018951414
43541,2025-04-05 13:15:00,2.41,2.7420284748077393,512,-0.3320284748077391
43542,2025-04-05 13:30:00,2.43,2.480201244354248,512,-0.05020124435424789
43543,2025-04-05 13:45:00,5.41,2.448262929916382,512,2.9617370700836183
43544,2025-04-05 14:00:00,3.64,3.8878273963928223,512,-0.24782739639282214
43545,2025-04-05 14:15:00,2.54,3.093654155731201,512,-0.5536541557312011
43546,2025-04-05 14:30:00,0.31,2.5380194187164307,512,-2.2280194187164306
43547,2025-04-05 14:45:00,0.29,0.6106431484222412,512,-0.32064314842224123
43548,2025-04-05 15:00:00,1.66,0.6931331157684326,512,0.9668668842315673
43549,2025-04-05 15:15:00,0.31,1.8532696962356567,512,-1.5432696962356567
43550,2025-04-05 15:30:00,0.28,0.7184858322143555,512,-0.43848583221435544
43551,2025-04-05 15:45:00,0.96,0.5798807144165039,512,0.38011928558349606
43552,2025-04-05 16:00:00,1.87,0.9876689910888672,512,0.8823310089111329
43553,2025-04-05 16:15:00,1.77,1.6454681158065796,512,0.12453188419342043
43554,2025-04-05 16:30:00,0.99,1.5420247316360474,512,-0.5520247316360474
43555,2025-04-05 16:45:00,1.7,0.9335477352142334,512,0.7664522647857666
43556,2025-04-05 17:00:00,0.27,1.148898959159851,512,-0.8788989591598511
43557,2025-04-05 17:15:00,1.04,0.3070225715637207,512,0.7329774284362793
43558,2025-04-05 17:30:00,1.63,0.7174167633056641,512,0.9125832366943358
43559,2025-04-05 17:45:00,0.25,1.192025899887085,512,-0.942025899887085
43560,2025-04-05 18:00:00,0.24,0.501305103302002,512,-0.26130510330200196
43561,2025-04-05 18:15:00,0.21,0.4429645538330078,512,-0.23296455383300782
43562,2025-04-05 18:30:00,0.2,0.4064903259277344,512,-0.20649032592773436
43563,2025-04-05 18:45:00,0.23,0.3524479866027832,512,-0.1224479866027832
43564,2025-04-05 19:00:00,0.22,0.396068811416626,512,-0.17606881141662598
43565,2025-04-05 19:15:00,0.23,0.38251352310180664,512,-0.15251352310180663
43566,2025-04-05 19:30:00,0.23,0.36183977127075195,512,-0.13183977127075194
43567,2025-04-05 19:45:00,1.28,0.3989884853363037,512,0.8810115146636963
43568,2025-04-05 20:00:00,2.28,0.9823037385940552,512,1.2976962614059446
43569,2025-04-05 20:15:00,0.73,1.8310871124267578,512,-1.1010871124267578
43570,2025-04-05 20:30:00,0.71,0.7540771961212158,512,-0.044077196121215856
43571,2025-04-05 20:45:00,0.75,0.758169412612915,512,-0.008169412612915039
43572,2025-04-05 21:00:00,0.68,0.8592979907989502,512,-0.17929799079895015
43573,2025-04-05 21:15:00,0.69,0.829744815826416,512,-0.13974481582641607
43574,2025-04-05 21:30:00,2.8,0.8434587717056274,512,1.9565412282943724
43575,2025-04-05 21:45:00,0.86,2.507385015487671,512,-1.647385015487671
43576,2025-04-05 22:00:00,2.6,0.9583128690719604,512,1.6416871309280396
43577,2025-04-05 22:15:00,0.36,2.2700116634368896,512,-1.9100116634368898
43578,2025-04-05 22:30:00,0.78,0.7843849062919617,512,-0.004384906291961643
43579,2025-04-05 22:45:00,0.37,0.9610456228256226,512,-0.5910456228256226
43580,2025-04-05 23:00:00,0.29,0.6764070391654968,512,-0.38640703916549685
43581,2025-04-05 23:15:00,0.3,0.5261666774749756,512,-0.2261666774749756
43582,2025-04-05 23:30:00,0.3,0.5030761361122131,512,-0.20307613611221315
43583,2025-04-05 23:45:00,0.3,0.4343869686126709,512,-0.1343869686126709
43584,2025-04-06 00:00:00,0.29,0.34448301792144775,512,-0.054483017921447774
43585,2025-04-06 00:15:00,0.28,0.33802133798599243,512,-0.058021337985992405
43586,2025-04-06 00:30:00,0.26,0.3285267949104309,512,-0.0685267949104309
43587,2025-04-06 00:45:00,0.26,0.3022928833961487,512,-0.04229288339614867
43588,2025-04-06 01:00:00,0.28,0.30872461199760437,512,-0.028724611997604343
43589,2025-04-06 01:15:00,0.3,0.33021363615989685,512,-0.03021363615989686
43590,2025-04-06 01:30:00,0.3,0.3673321604728699,512,-0.06733216047286988
43591,2025-04-06 01:45:00,0.29,0.38451433181762695,512,-0.09451433181762697
43592,2025-04-06 02:00:00,0.29,0.35034114122390747,512,-0.06034114122390749
43593,2025-04-06 02:15:00,0.28,0.36088496446609497,512,-0.08088496446609494
43594,2025-04-06 02:30:00,0.26,0.34940603375434875,512,-0.08940603375434875
43595,2025-04-06 02:45:00,0.26,0.3100285828113556,512,-0.05002858281135558
43596,2025-04-06 03:00:00,0.29,0.31980186700820923,512,-0.02980186700820925
43597,2025-04-06 03:15:00,0.3,0.3402789235115051,512,-0.04027892351150514
43598,2025-04-06 03:30:00,0.8,0.35777413845062256,512,0.4422258615493775
43599,2025-04-06 03:45:00,1.82,0.6267197132110596,512,1.1932802867889405
43600,2025-04-06 04:00:00,1.38,1.1028404235839844,512,0.2771595764160155
43601,2025-04-06 04:15:00,0.27,1.1334307193756104,512,-0.8634307193756103
43602,2025-04-06 04:30:00,0.26,0.527515709400177,512,-0.267515709400177
43603,2025-04-06 04:45:00,0.26,0.43298575282096863,512,-0.17298575282096862
43604,2025-04-06 05:00:00,0.3,0.3834204077720642,512,-0.08342040777206422
43605,2025-04-06 05:15:00,0.3,0.37533608078956604,512,-0.07533608078956605
43606,2025-04-06 05:30:00,0.29,0.38329821825027466,512,-0.09329821825027468
43607,2025-04-06 05:45:00,0.29,0.3587692081928253,512,-0.06876920819282534
43608,2025-04-06 06:00:00,0.29,0.3378857374191284,512,-0.04788573741912844
43609,2025-04-06 06:15:00,0.26,0.3540292978286743,512,-0.09402929782867431
43610,2025-04-06 06:30:00,0.26,0.3398306965827942,512,-0.07983069658279418
43611,2025-04-06 06:45:00,0.27,0.3277852535247803,512,-0.057785253524780256
43612,2025-04-06 07:00:00,0.26,0.30506980419158936,512,-0.04506980419158935
43613,2025-04-06 07:15:00,0.24,0.3635371923446655,512,-0.12353719234466554
43614,2025-04-06 07:30:00,0.23,0.38292866945266724,512,-0.15292866945266723
43615,2025-04-06 07:45:00,0.24,0.3826742172241211,512,-0.1426742172241211
43616,2025-04-06 08:00:00,0.23,0.39268654584884644,512,-0.16268654584884643
43617,2025-04-06 08:15:00,0.22,0.40914037823677063,512,-0.18914037823677063
43618,2025-04-06 08:30:00,0.62,0.3974931538105011,512,0.2225068461894989
43619,2025-04-06 08:45:00,0.37,0.7829114198684692,512,-0.41291141986846924
43620,2025-04-06 09:00:00,0.24,0.5957053303718567,512,-0.3557053303718567
43621,2025-04-06 09:15:00,0.35,0.3934098482131958,512,-0.04340984821319582
43622,2025-04-06 09:30:00,0.53,0.4503931403160095,512,0.0796068596839905
43623,2025-04-06 09:45:00,1.26,0.621518611907959,512,0.638481388092041
43624,2025-04-06 10:00:00,1.94,1.1311945915222168,512,0.8088054084777831
43625,2025-04-06 10:15:00,0.52,1.615126132965088,512,-1.0951261329650879
43626,2025-04-06 10:30:00,0.62,0.7811547517776489,512,-0.16115475177764893
43627,2025-04-06 10:45:00,2.37,1.2994496822357178,512,1.0705503177642823
43628,2025-04-06 11:00:00,2.13,2.13275146484375,512,-0.0027514648437501066
43629,2025-04-06 11:15:00,2.16,1.9955124855041504,512,0.16448751449584975
43630,2025-04-06 11:30:00,2.29,2.3035192489624023,512,-0.013519248962402308
43631,2025-04-06 11:45:00,1.6,2.438906192779541,512,-0.8389061927795409
43632,2025-04-06 12:00:00,1.65,2.0465052127838135,512,-0.39650521278381357
43633,2025-04-06 12:15:00,1.73,1.9813601970672607,512,-0.25136019706726076
43634,2025-04-06 12:30:00,1.88,1.9619293212890625,512,-0.0819293212890626
43635,2025-04-06 12:45:00,1.93,2.081434726715088,512,-0.15143472671508795
43636,2025-04-06 13:00:00,1.94,2.0859649181365967,512,-0.14596491813659673
43637,2025-04-06 13:15:00,2.1,1.9998990297317505,512,0.1001009702682496
43638,2025-04-06 13:30:00,2.18,2.1129777431488037,512,0.06702225685119645
43639,2025-04-06 13:45:00,2.61,2.205707550048828,512,0.40429244995117175
43640,2025-04-06 14:00:00,2.83,2.4616973400115967,512,0.3683026599884034
43641,2025-04-06 14:15:00,1.19,2.665091037750244,512,-1.4750910377502442
43642,2025-04-06 14:30:00,0.22,1.4443442821502686,512,-1.2243442821502686
43643,2025-04-06 14:45:00,0.23,0.3935089111328125,512,-0.1635089111328125
43644,2025-04-06 15:00:00,0.23,0.43944621086120605,512,-0.20944621086120604
43645,2025-04-06 15:15:00,0.22,0.3773384094238281,512,-0.15733840942382812
43646,2025-04-06 15:30:00,0.22,0.40224432945251465,512,-0.18224432945251465
43647,2025-04-06 15:45:00,0.22,0.4131948947906494,512,-0.1931948947906494
43648,2025-04-06 16:00:00,0.19,0.40793323516845703,512,-0.21793323516845703
43649,2025-04-06 16:15:00,0.19,0.3477003574371338,512,-0.1577003574371338
43650,2025-04-06 16:30:00,0.2,0.3102579116821289,512,-0.1102579116821289
43651,2025-04-06 16:45:00,0.23,0.2861027717590332,512,-0.05610277175903319
43652,2025-04-06 17:00:00,0.24,0.2927365303039551,512,-0.05273653030395509
43653,2025-04-06 17:15:00,0.25,0.27678632736206055,512,-0.026786327362060547
43654,2025-04-06 17:30:00,1.12,0.26487207412719727,512,0.8551279258728028
43655,2025-04-06 17:45:00,1.02,0.9713389873504639,512,0.04866101264953615
43656,2025-04-06 18:00:00,0.78,0.9465236663818359,512,-0.1665236663818359
43657,2025-04-06 18:15:00,0.65,0.8684759140014648,512,-0.21847591400146482
43658,2025-04-06 18:30:00,0.43,0.7872180938720703,512,-0.3572180938720703
43659,2025-04-06 18:45:00,0.41,0.5575478076934814,512,-0.14754780769348147
43660,2025-04-06 19:00:00,0.4,0.5382513999938965,512,-0.13825139999389646
43661,2025-04-06 19:15:00,0.4,0.5268967151641846,512,-0.12689671516418455
43662,2025-04-06 19:30:00,0.35,0.5194270610809326,512,-0.16942706108093264
43663,2025-04-06 19:45:00,0.46,0.5143072605133057,512,-0.054307260513305644
43664,2025-04-06 20:00:00,0.46,0.5748505592346191,512,-0.11485055923461912
43665,2025-04-06 20:15:00,0.4,0.5176268815994263,512,-0.11762688159942625
43666,2025-04-06 20:30:00,0.37,0.49970197677612305,512,-0.12970197677612305
43667,2025-04-06 20:45:00,0.37,0.4965769052505493,512,-0.12657690525054932
43668,2025-04-06 21:00:00,0.38,0.5018033981323242,512,-0.12180339813232421
43669,2025-04-06 21:15:00,0.53,0.5043737888336182,512,0.025626211166381863
43670,2025-04-06 21:30:00,0.54,0.6020952463150024,512,-0.062095246315002406
43671,2025-04-06 21:45:00,0.37,0.6317025423049927,512,-0.2617025423049927
43672,2025-04-06 22:00:00,0.34,0.5497601628303528,512,-0.20976016283035276
43673,2025-04-06 22:15:00,0.34,0.4797629117965698,512,-0.1397629117965698
43674,2025-04-06 22:30:00,0.76,0.4524255394935608,512,0.3075744605064392
43675,2025-04-06 22:45:00,0.26,0.7344326972961426,512,-0.47443269729614257
43676,2025-04-06 23:00:00,0.25,0.4068033695220947,512,-0.15680336952209473
43677,2025-04-06 23:15:00,0.28,0.37690258026123047,512,-0.09690258026123044
43678,2025-04-06 23:30:00,0.29,0.37331676483154297,512,-0.08331676483154299
43679,2025-04-06 23:45:00,0.29,0.36514461040496826,512,-0.07514461040496828
43680,2025-04-07 00:00:00,0.3,0.3479134142398834,512,-0.047913414239883434
43681,2025-04-07 00:15:00,0.3,0.38924816250801086,512,-0.08924816250801088
43682,2025-04-07 00:30:00,0.29,0.4074729382991791,512,-0.1174729382991791
43683,2025-04-07 00:45:00,0.28,0.3852947950363159,512,-0.10529479503631589
43684,2025-04-07 01:00:00,0.25,0.3801608681678772,512,-0.1301608681678772
43685,2025-04-07 01:15:00,0.25,0.337388277053833,512,-0.08738827705383301
43686,2025-04-07 01:30:00,0.27,0.34720897674560547,512,-0.07720897674560545
43687,2025-04-07 01:45:00,0.3,0.35973796248435974,512,-0.05973796248435975
43688,2025-04-07 02:00:00,0.99,0.3802666962146759,512,0.6097333037853241
43689,2025-04-07 02:15:00,2.08,1.008874535560608,512,1.0711254644393922
43690,2025-04-07 02:30:00,2.15,2.081510543823242,512,0.06848945617675772
43691,2025-04-07 02:45:00,0.99,2.223813533782959,512,-1.233813533782959
43692,2025-04-07 03:00:00,0.32,0.9612040519714355,512,-0.6412040519714355
43693,2025-04-07 03:15:00,2.32,0.5327348709106445,512,1.7872651290893553
43694,2025-04-07 03:30:00,1.02,1.8981690406799316,512,-0.8781690406799316
43695,2025-04-07 03:45:00,0.36,0.8594561219215393,512,-0.4994561219215393
43696,2025-04-07 04:00:00,0.33,0.5374029874801636,512,-0.20740298748016356
43697,2025-04-07 04:15:00,1.0,0.47264599800109863,512,0.5273540019989014
43698,2025-04-07 04:30:00,0.27,0.8560776710510254,512,-0.5860776710510254
43699,2025-04-07 04:45:00,0.26,0.4482726454734802,512,-0.18827264547348022
43700,2025-04-07 05:00:00,0.26,0.4151862561702728,512,-0.15518625617027282
43701,2025-04-07 05:15:00,0.28,0.41001540422439575,512,-0.13001540422439573
43702,2025-04-07 05:30:00,0.26,0.405188649892807,512,-0.145188649892807
43703,2025-04-07 05:45:00,0.29,0.38384249806404114,512,-0.09384249806404116
43704,2025-04-07 06:00:00,0.29,0.40268775820732117,512,-0.11268775820732119
43705,2025-04-07 06:15:00,0.28,0.4198465645313263,512,-0.13984656453132627
43706,2025-04-07 06:30:00,0.28,0.4182751476764679,512,-0.13827514767646787
43707,2025-04-07 06:45:00,0.27,0.3942500352859497,512,-0.12425003528594969
43708,2025-04-07 07:00:00,0.25,0.3932006061077118,512,-0.1432006061077118
43709,2025-04-07 07:15:00,0.22,0.36884579062461853,512,-0.14884579062461853
43710,2025-04-07 07:30:00,0.96,0.3259686231613159,512,0.634031376838684
43711,2025-04-07 07:45:00,3.15,0.8581137657165527,512,2.291886234283447
43712,2025-04-07 08:00:00,1.36,2.317934989929199,512,-0.9579349899291991
43713,2025-04-07 08:15:00,1.41,1.2487449645996094,512,0.16125503540039055
43714,2025-04-07 08:30:00,1.29,1.5416074991226196,512,-0.2516074991226196
43715,2025-04-07 08:45:00,0.6,1.4374549388885498,512,-0.8374549388885498
43716,2025-04-07 09:00:00,0.55,0.8496905565261841,512,-0.29969055652618404
43717,2025-04-07 09:15:00,1.99,0.7505767345428467,512,1.2394232654571533
43718,2025-04-07 09:30:00,0.59,1.8254480361938477,512,-1.2354480361938478
43719,2025-04-07 09:45:00,0.49,0.773103654384613,512,-0.28310365438461305
43720,2025-04-07 10:00:00,1.51,0.7679123878479004,512,0.7420876121520996
43721,2025-04-07 10:15:00,2.39,1.4068331718444824,512,0.9831668281555177
43722,2025-04-07 10:30:00,0.35,2.167141914367676,512,-1.8171419143676757
43723,2025-04-07 10:45:00,1.88,0.7516735196113586,512,1.1283264803886413
43724,2025-04-07 11:00:00,1.87,1.8620374202728271,512,0.007962579727172958
43725,2025-04-07 11:15:00,1.97,1.8484894037246704,512,0.12151059627532956
43726,2025-04-07 11:30:00,2.21,1.786010503768921,512,0.42398949623107907
43727,2025-04-07 11:45:00,2.37,1.9168002605438232,512,0.45319973945617686
43728,2025-04-07 12:00:00,2.43,2.0991592407226562,512,0.3308407592773439
43729,2025-04-07 12:15:00,2.71,2.2403430938720703,512,0.46965690612792965
43730,2025-04-07 12:30:00,2.51,2.36923885345459,512,0.14076114654540994
43731,2025-04-07 12:45:00,2.71,2.2539544105529785,512,0.45604558944702145
43732,2025-04-07 13:00:00,2.83,2.5163071155548096,512,0.3136928844451905
43733,2025-04-07 13:15:00,2.77,2.530445098876953,512,0.2395549011230469
43734,2025-04-07 13:30:00,2.48,2.5547635555267334,512,-0.07476355552673342
43735,2025-04-07 13:45:00,2.85,2.3870065212249756,512,0.4629934787750245
43736,2025-04-07 14:00:00,2.97,2.669405937194824,512,0.300594062805176
43737,2025-04-07 14:15:00,3.12,2.502408027648926,512,0.6175919723510743
43738,2025-04-07 14:30:00,0.22,2.63348126411438,512,-2.4134812641143797
43739,2025-04-07 14:45:00,0.48,0.36035776138305664,512,0.11964223861694334
43740,2025-04-07 15:00:00,0.47,0.49496614933013916,512,-0.024966149330139187
43741,2025-04-07 15:15:00,0.51,0.5321354866027832,512,-0.022135486602783194
43742,2025-04-07 15:30:00,0.25,0.501347541809082,512,-0.25134754180908203
43743,2025-04-07 15:45:00,0.24,0.44217896461486816,512,-0.20217896461486817
43744,2025-04-07 16:00:00,0.33,0.499570369720459,512,-0.16957036972045897
43745,2025-04-07 16:15:00,0.32,0.5221965312957764,512,-0.20219653129577636
43746,2025-04-07 16:30:00,0.28,0.5191254615783691,512,-0.23912546157836911
43747,2025-04-07 16:45:00,0.21,0.48683249950408936,512,-0.2768324995040894
43748,2025-04-07 17:00:00,0.23,0.4236629009246826,512,-0.1936629009246826
43749,2025-04-07 17:15:00,0.25,0.42887043952941895,512,-0.17887043952941895
43750,2025-04-07 17:30:00,0.25,0.3691728115081787,512,-0.11917281150817871
43751,2025-04-07 17:45:00,0.24,0.3858146667480469,512,-0.14581466674804688
43752,2025-04-07 18:00:00,0.24,0.39923644065856934,512,-0.15923644065856934
43753,2025-04-07 18:15:00,0.22,0.3627750873565674,512,-0.14277508735656738
43754,2025-04-07 18:30:00,0.22,0.3109312057495117,512,-0.09093120574951172
43755,2025-04-07 18:45:00,0.79,0.3140285015106201,512,0.4759714984893799
43756,2025-04-07 19:00:00,0.55,0.8499184846878052,512,-0.29991848468780513
43757,2025-04-07 19:15:00,0.96,0.6364164352416992,512,0.32358356475830075
43758,2025-04-07 19:30:00,0.69,0.9900603294372559,512,-0.3000603294372559
43759,2025-04-07 19:45:00,0.72,0.7947711944580078,512,-0.07477119445800784
43760,2025-04-07 20:00:00,0.72,0.7533587217330933,512,-0.03335872173309329
43761,2025-04-07 20:15:00,0.58,0.7634336948394775,512,-0.18343369483947758
43762,2025-04-07 20:30:00,0.48,0.6240283250808716,512,-0.1440283250808716
43763,2025-04-07 20:45:00,0.43,0.5795637369155884,512,-0.14956373691558839
43764,2025-04-07 21:00:00,0.46,0.5521336793899536,512,-0.0921336793899536
43765,2025-04-07 21:15:00,0.56,0.5429829359054565,512,0.01701706409454351
43766,2025-04-07 21:30:00,0.86,0.6026100516319275,512,0.2573899483680725
43767,2025-04-07 21:45:00,0.38,0.7747353911399841,512,-0.3947353911399841
43768,2025-04-07 22:00:00,0.39,0.5506492257118225,512,-0.1606492257118225
43769,2025-04-07 22:15:00,0.37,0.5619311332702637,512,-0.19193113327026368
43770,2025-04-07 22:30:00,0.41,0.5220465660095215,512,-0.11204656600952151
43771,2025-04-07 22:45:00,0.43,0.5157293677330017,512,-0.08572936773300172
43772,2025-04-07 23:00:00,0.35,0.5365219712257385,512,-0.18652197122573855
43773,2025-04-07 23:15:00,0.28,0.47216957807540894,512,-0.1921695780754089
43774,2025-04-07 23:30:00,0.27,0.3937114477157593,512,-0.12371144771575926
43775,2025-04-07 23:45:00,0.24,0.3639953136444092,512,-0.12399531364440919
43776,2025-04-08 00:00:00,0.24,0.32528388500213623,512,-0.08528388500213624
43777,2025-04-08 00:15:00,0.26,0.3277549147605896,512,-0.06775491476058959
43778,2025-04-08 00:30:00,0.29,0.3321805000305176,512,-0.0421805000305176
43779,2025-04-08 00:45:00,0.29,0.370613157749176,512,-0.08061315774917605
43780,2025-04-08 01:00:00,0.28,0.3626447319984436,512,-0.08264473199844358
43781,2025-04-08 01:15:00,0.28,0.3616456687450409,512,-0.08164566874504087
43782,2025-04-08 01:30:00,0.25,0.37189650535583496,512,-0.12189650535583496
43783,2025-04-08 01:45:00,0.28,0.33562859892845154,512,-0.05562859892845151
43784,2025-04-08 02:00:00,1.89,0.372189462184906,512,1.517810537815094
43785,2025-04-08 02:15:00,2.1,1.5986053943634033,512,0.5013946056365968
43786,2025-04-08 02:30:00,0.33,1.7459769248962402,512,-1.4159769248962402
43787,2025-04-08 02:45:00,0.29,0.4254213571548462,512,-0.1354213571548462
43788,2025-04-08 03:00:00,0.28,0.3951417803764343,512,-0.1151417803764343
43789,2025-04-08 03:15:00,0.25,0.40348687767982483,512,-0.15348687767982483
43790,2025-04-08 03:30:00,0.24,0.3060518503189087,512,-0.0660518503189087
43791,2025-04-08 03:45:00,0.26,0.34388798475265503,512,-0.08388798475265502
43792,2025-04-08 04:00:00,0.28,0.330655038356781,512,-0.05065503835678098
43793,2025-04-08 04:15:00,0.29,0.30718904733657837,512,-0.01718904733657839
43794,2025-04-08 04:30:00,0.28,0.32994529604911804,512,-0.049945296049118015
43795,2025-04-08 04:45:00,0.28,0.33331605792045593,512,-0.053316057920455906
43796,2025-04-08 05:00:00,0.24,0.31561845541000366,512,-0.07561845541000367
43797,2025-04-08 05:15:00,0.25,0.3022242784500122,512,-0.05222427845001221
43798,2025-04-08 05:30:00,0.26,0.2975368797779083,512,-0.037536879777908316
43799,2025-04-08 05:45:00,0.28,0.2790434956550598,512,0.0009565043449402122
43800,2025-04-08 06:00:00,0.27,0.2853679955005646,512,-0.015367995500564557
43801,2025-04-08 06:15:00,0.29,0.3000424802303314,512,-0.010042480230331441
43802,2025-04-08 06:30:00,0.3,0.3613439202308655,512,-0.06134392023086549
43803,2025-04-08 06:45:00,0.27,0.33044299483299255,512,-0.060442994832992536
43804,2025-04-08 07:00:00,0.27,0.32565754652023315,512,-0.05565754652023314
43805,2025-04-08 07:15:00,0.3,0.2946106493473053,512,0.005389350652694691
43806,2025-04-08 07:30:00,0.56,0.35280871391296387,512,0.20719128608703619
43807,2025-04-08 07:45:00,1.17,0.6310889720916748,512,0.5389110279083251
43808,2025-04-08 08:00:00,0.56,1.0749198198318481,512,-0.5149198198318481
43809,2025-04-08 08:15:00,2.0,0.7224529385566711,512,1.2775470614433289
43810,2025-04-08 08:30:00,0.6,1.5116870403289795,512,-0.9116870403289795
43811,2025-04-08 08:45:00,0.2,0.7902003526687622,512,-0.5902003526687623
43812,2025-04-08 09:00:00,0.17,0.4185059070587158,512,-0.2485059070587158
43813,2025-04-08 09:15:00,0.21,0.33417022228240967,512,-0.12417022228240968
43814,2025-04-08 09:30:00,0.12,0.30196401476860046,512,-0.18196401476860047
43815,2025-04-08 09:45:00,0.14,0.2417338788509369,512,-0.10173387885093688
43816,2025-04-08 10:00:00,1.1,0.2953021228313446,512,0.8046978771686555
43817,2025-04-08 10:15:00,1.63,0.9781486988067627,512,0.6518513011932372
43818,2025-04-08 10:30:00,0.17,1.4891201257705688,512,-1.319120125770569
43819,2025-04-08 10:45:00,1.74,0.5673116445541382,512,1.1726883554458618
43820,2025-04-08 11:00:00,1.75,1.5222370624542236,512,0.22776293754577637
43821,2025-04-08 11:15:00,1.86,1.6372320652008057,512,0.22276793479919443
43822,2025-04-08 11:30:00,2.07,1.7411386966705322,512,0.3288613033294676
43823,2025-04-08 11:45:00,2.19,1.984890103340149,512,0.20510989665985102
43824,2025-04-08 12:00:00,2.34,2.185976505279541,512,0.15402349472045884
43825,2025-04-08 12:15:00,2.4,2.304809331893921,512,0.09519066810607901
43826,2025-04-08 12:30:00,2.59,2.312434196472168,512,0.2775658035278319
43827,2025-04-08 12:45:00,2.68,2.6002864837646484,512,0.07971351623535172
43828,2025-04-08 13:00:00,2.75,2.6993722915649414,512,0.050627708435058594
43829,2025-04-08 13:15:00,2.82,2.73652982711792,512,0.08347017288207992
43830,2025-04-08 13:30:00,3.03,2.8216724395751953,512,0.2083275604248045
43831,2025-04-08 13:45:00,3.08,3.007936954498291,512,0.07206304550170906
43832,2025-04-08 14:00:00,2.02,2.836601734161377,512,-0.8166017341613769
43833,2025-04-08 14:15:00,0.12,1.421949863433838,512,-1.3019498634338378
43834,2025-04-08 14:30:00,0.12,0.15880465507507324,512,-0.03880465507507325
43835,2025-04-08 14:45:00,0.12,0.25243353843688965,512,-0.13243353843688965
43836,2025-04-08 15:00:00,0.12,0.22676289081573486,512,-0.10676289081573487
43837,2025-04-08 15:15:00,0.12,0.21799981594085693,512,-0.09799981594085694
43838,2025-04-08 15:30:00,0.13,0.23443806171417236,512,-0.10443806171417236
43839,2025-04-08 15:45:00,0.13,0.2553638219833374,512,-0.1253638219833374
43840,2025-04-08 16:00:00,0.12,0.23740625381469727,512,-0.11740625381469727
43841,2025-04-08 16:15:00,0.12,0.18365263938903809,512,-0.06365263938903809
43842,2025-04-08 16:30:00,0.12,0.15068495273590088,512,-0.030684952735900883
43843,2025-04-08 16:45:00,0.12,0.14380991458892822,512,-0.023809914588928227
43844,2025-04-08 17:00:00,0.12,0.12302029132843018,512,-0.0030202913284301802
43845,2025-04-08 17:15:00,0.14,0.114967942237854,512,0.02503205776214601
43846,2025-04-08 17:30:00,0.14,0.15200626850128174,512,-0.012006268501281725
43847,2025-04-08 17:45:00,0.13,0.15044236183166504,512,-0.020442361831665035
43848,2025-04-08 18:00:00,0.12,0.17316830158233643,512,-0.05316830158233643
43849,2025-04-08 18:15:00,0.12,0.17841017246246338,512,-0.05841017246246338
43850,2025-04-08 18:30:00,0.12,0.16964614391326904,512,-0.04964614391326905
43851,2025-04-08 18:45:00,1.86,0.20953476428985596,512,1.6504652357101441
43852,2025-04-08 19:00:00,0.65,1.3197376728057861,512,-0.6697376728057861
43853,2025-04-08 19:15:00,0.38,0.5987567901611328,512,-0.2187567901611328
43854,2025-04-08 19:30:00,0.29,0.4509918689727783,512,-0.16099186897277834
43855,2025-04-08 19:45:00,0.34,0.43967825174331665,512,-0.09967825174331663
43856,2025-04-08 20:00:00,0.34,0.4469156861305237,512,-0.10691568613052366
43857,2025-04-08 20:15:00,0.35,0.4120174050331116,512,-0.062017405033111594
43858,2025-04-08 20:30:00,0.23,0.4014994502067566,512,-0.17149945020675658
43859,2025-04-08 20:45:00,0.16,0.3747655749320984,512,-0.21476557493209839
43860,2025-04-08 21:00:00,0.16,0.3354617953300476,512,-0.1754617953300476
43861,2025-04-08 21:15:00,0.21,0.33118128776550293,512,-0.12118128776550294
43862,2025-04-08 21:30:00,0.82,0.3018341660499573,512,0.5181658339500427
43863,2025-04-08 21:45:00,0.88,0.6944029331207275,512,0.18559706687927247
43864,2025-04-08 22:00:00,0.52,0.7295421361923218,512,-0.20954213619232176
43865,2025-04-08 22:15:00,0.52,0.5122396349906921,512,0.007760365009307879
43866,2025-04-08 22:30:00,0.55,0.5371172428131104,512,0.012882757186889693
43867,2025-04-08 22:45:00,0.56,0.5527786612510681,512,0.007221338748931938
43868,2025-04-08 23:00:00,0.55,0.5105124711990356,512,0.0394875288009644
43869,2025-04-08 23:15:00,0.51,0.4854738116264343,512,0.024526188373565683
43870,2025-04-08 23:30:00,0.31,0.47731998562812805,512,-0.16731998562812805
43871,2025-04-08 23:45:00,0.23,0.3698391318321228,512,-0.1398391318321228
43872,2025-04-09 00:00:00,1.79,0.28552067279815674,512,1.5044793272018433
43873,2025-04-09 00:15:00,1.96,1.011494755744934,512,0.9485052442550659
43874,2025-04-09 00:30:00,0.15,1.2775678634643555,512,-1.1275678634643556
43875,2025-04-09 00:45:00,0.19,0.35735607147216797,512,-0.16735607147216797
43876,2025-04-09 01:00:00,0.18,0.3708852231502533,512,-0.1908852231502533
43877,2025-04-09 01:15:00,0.17,0.26697635650634766,512,-0.09697635650634764
43878,2025-04-09 01:30:00,0.16,0.2693290710449219,512,-0.10932907104492187
43879,2025-04-09 01:45:00,0.14,0.30470192432403564,512,-0.16470192432403563
43880,2025-04-09 02:00:00,0.17,0.3054714798927307,512,-0.1354714798927307
43881,2025-04-09 02:15:00,0.21,0.31484687328338623,512,-0.10484687328338624
43882,2025-04-09 02:30:00,0.24,0.252498060464859,512,-0.012498060464859018
43883,2025-04-09 02:45:00,1.58,0.2651495337486267,512,1.3148504662513734
43884,2025-04-09 03:00:00,0.25,1.0660923719406128,512,-0.8160923719406128
43885,2025-04-09 03:15:00,1.56,0.3610454201698303,512,1.1989545798301697
43886,2025-04-09 03:30:00,1.57,1.1910419464111328,512,0.37895805358886725
43887,2025-04-09 03:45:00,1.0,1.6374387741088867,512,-0.6374387741088867
43888,2025-04-09 04:00:00,1.88,1.183699131011963,512,0.696300868988037
43889,2025-04-09 04:15:00,2.77,1.5200144052505493,512,1.2499855947494507
43890,2025-04-09 04:30:00,0.22,2.0601353645324707,512,-1.8401353645324707
43891,2025-04-09 04:45:00,0.2,0.4132474362850189,512,-0.2132474362850189
43892,2025-04-09 05:00:00,0.17,0.3411597013473511,512,-0.17115970134735106
43893,2025-04-09 05:15:00,0.17,0.2931942343711853,512,-0.12319423437118529
43894,2025-04-09 05:30:00,0.15,0.1944705843925476,512,-0.04447058439254761
43895,2025-04-09 05:45:00,0.14,0.2708415985107422,512,-0.13084159851074217
43896,2025-04-09 06:00:00,0.15,0.2564675211906433,512,-0.10646752119064332
43897,2025-04-09 06:15:00,0.18,0.3032376766204834,512,-0.1232376766204834
43898,2025-04-09 06:30:00,0.18,0.3079315721988678,512,-0.1279315721988678
43899,2025-04-09 06:45:00,0.16,0.2727015018463135,512,-0.11270150184631347
43900,2025-04-09 07:00:00,0.13,0.22857841849327087,512,-0.09857841849327087
43901,2025-04-09 07:15:00,0.22,0.21938136219978333,512,0.0006186378002166759
43902,2025-04-09 07:30:00,0.39,0.4082688093185425,512,-0.018268809318542467
43903,2025-04-09 07:45:00,0.75,0.908318817615509,512,-0.15831881761550903
43904,2025-04-09 08:00:00,0.73,0.864952027797699,512,-0.134952027797699
43905,2025-04-09 08:15:00,0.71,0.6704126000404358,512,0.03958739995956417
43906,2025-04-09 08:30:00,0.63,0.6462117433547974,512,-0.01621174335479736
43907,2025-04-09 08:45:00,0.41,0.571230411529541,512,-0.16123041152954104
43908,2025-04-09 09:00:00,0.21,0.5163980722427368,512,-0.30639807224273685
43909,2025-04-09 09:15:00,0.2,0.428812712430954,512,-0.22881271243095397
43910,2025-04-09 09:30:00,0.19,0.8095228672027588,512,-0.6195228672027588
43911,2025-04-09 09:45:00,0.24,1.5792510509490967,512,-1.3392510509490967
43912,2025-04-09 10:00:00,0.24,1.0647095441818237,512,-0.8247095441818237
43913,2025-04-09 10:15:00,0.23,0.7222533226013184,512,-0.4922533226013184
43914,2025-04-09 10:30:00,0.26,0.6180028915405273,512,-0.35800289154052733
43915,2025-04-09 10:45:00,1.71,1.016308307647705,512,0.6936916923522949
43916,2025-04-09 11:00:00,1.82,1.9529591798782349,512,-0.1329591798782348
43917,2025-04-09 11:15:00,1.92,1.8975600004196167,512,0.02243999958038323
43918,2025-04-09 11:30:00,2.49,2.0241713523864746,512,0.4658286476135256
43919,2025-04-09 11:45:00,2.47,2.561577558517456,512,-0.09157755851745586
43920,2025-04-09 12:00:00,2.6,2.6132771968841553,512,-0.013277196884155185
43921,2025-04-09 12:15:00,2.55,2.6817893981933594,512,-0.13178939819335955
43922,2025-04-09 12:30:00,2.63,2.60882830619812,512,0.021171693801879776
43923,2025-04-09 12:45:00,2.86,2.7684414386749268,512,0.09155856132507312
43924,2025-04-09 13:00:00,2.92,2.9213106632232666,512,-0.0013106632232666726
43925,2025-04-09 13:15:00,2.94,2.992142677307129,512,-0.05214267730712896
43926,2025-04-09 13:30:00,3.11,3.0388998985290527,512,0.07110010147094714
43927,2025-04-09 13:45:00,3.21,3.0828652381896973,512,0.1271347618103027
43928,2025-04-09 14:00:00,2.18,3.0648152828216553,512,-0.8848152828216551
43929,2025-04-09 14:15:00,0.25,1.4966366291046143,512,-1.2466366291046143
43930,2025-04-09 14:30:00,0.59,0.24640274047851562,512,0.34359725952148434
43931,2025-04-09 14:45:00,0.96,0.4662739634513855,512,0.49372603654861447
43932,2025-04-09 15:00:00,0.76,0.7357874512672424,512,0.024212548732757577
43933,2025-04-09 15:15:00,1.06,0.46425992250442505,512,0.595740077495575
43934,2025-04-09 15:30:00,2.26,0.7439702749252319,512,1.5160297250747679
43935,2025-04-09 15:45:00,0.61,1.4089982509613037,512,-0.7989982509613037
43936,2025-04-09 16:00:00,0.32,0.38892316818237305,512,-0.06892316818237304
43937,2025-04-09 16:15:00,0.25,0.29972338676452637,512,-0.04972338676452637
43938,2025-04-09 16:30:00,0.23,0.2513488531112671,512,-0.02134885311126708
43939,2025-04-09 16:45:00,0.2,0.27528178691864014,512,-0.07528178691864013
43940,2025-04-09 17:00:00,0.2,0.2553642988204956,512,-0.055364298820495594
43941,2025-04-09 17:15:00,0.22,0.2448033094406128,512,-0.024803309440612792
43942,2025-04-09 17:30:00,0.22,0.24807417392730713,512,-0.028074173927307128
43943,2025-04-09 17:45:00,0.23,0.24735647439956665,512,-0.01735647439956664
43944,2025-04-09 18:00:00,0.24,0.2372080683708191,512,0.0027919316291808993
43945,2025-04-09 18:15:00,0.28,0.3020557761192322,512,-0.02205577611923215
43946,2025-04-09 18:30:00,1.26,0.3359720706939697,512,0.9240279293060303
43947,2025-04-09 18:45:00,0.31,0.9622548818588257,512,-0.6522548818588256
43948,2025-04-09 19:00:00,0.57,0.38036972284317017,512,0.18963027715682979
43949,2025-04-09 19:15:00,0.61,0.5316289067268372,512,0.07837109327316283
43950,2025-04-09 19:30:00,0.6,0.5819865465164185,512,0.01801345348358152
43951,2025-04-09 19:45:00,0.65,0.6191927790641785,512,0.030807220935821555
43952,2025-04-09 20:00:00,2.98,0.6805856823921204,512,2.2994143176078796
43953,2025-04-09 20:15:00,0.77,2.09151029586792,512,-1.32151029586792
43954,2025-04-09 20:30:00,0.76,0.7261937856674194,512,0.033806214332580575
43955,2025-04-09 20:45:00,1.36,0.8831901550292969,512,0.4768098449707032
43956,2025-04-09 21:00:00,0.64,1.2070529460906982,512,-0.5670529460906982
43957,2025-04-09 21:15:00,0.61,0.8035554885864258,512,-0.1935554885864258
43958,2025-04-09 21:30:00,1.47,0.7805302739143372,512,0.6894697260856628
43959,2025-04-09 21:45:00,0.74,1.1006971597671509,512,-0.3606971597671509
43960,2025-04-09 22:00:00,0.54,0.7295522689819336,512,-0.18955226898193356
43961,2025-04-09 22:15:00,1.48,0.6412851214408875,512,0.8387148785591125
43962,2025-04-09 22:30:00,0.62,1.0173239707946777,512,-0.39732397079467774
43963,2025-04-09 22:45:00,0.36,0.7010946869850159,512,-0.3410946869850159
43964,2025-04-09 23:00:00,0.31,0.5430314540863037,512,-0.2330314540863037
43965,2025-04-09 23:15:00,0.3,0.4500020146369934,512,-0.15000201463699342
43966,2025-04-09 23:30:00,0.27,0.4385969638824463,512,-0.16859696388244627
43967,2025-04-09 23:45:00,0.26,0.41680461168289185,512,-0.15680461168289184
43968,2025-04-10 00:00:00,0.31,0.37603551149368286,512,-0.06603551149368286
43969,2025-04-10 00:15:00,0.31,0.374144971370697,512,-0.06414497137069702
43970,2025-04-10 00:30:00,1.27,0.3805825710296631,512,0.8894174289703369
43971,2025-04-10 00:45:00,1.9,0.7774194478988647,512,1.1225805521011352
43972,2025-04-10 01:00:00,0.85,1.6942484378814697,512,-0.8442484378814697
43973,2025-04-10 01:15:00,0.3,1.0734670162200928,512,-0.7734670162200927
43974,2025-04-10 01:30:00,0.26,0.7584367990493774,512,-0.49843679904937743
43975,2025-04-10 01:45:00,0.27,0.4915854334831238,512,-0.22158543348312376
43976,2025-04-10 02:00:00,0.33,0.4179612994194031,512,-0.08796129941940306
43977,2025-04-10 02:15:00,0.37,0.4605429172515869,512,-0.09054291725158692
43978,2025-04-10 02:30:00,1.02,0.34047842025756836,512,0.6795215797424317
43979,2025-04-10 02:45:00,0.38,0.7295211553573608,512,-0.34952115535736084
43980,2025-04-10 03:00:00,0.38,0.38240283727645874,512,-0.002402837276458736
43981,2025-04-10 03:15:00,2.35,0.5034830570220947,512,1.8465169429779054
43982,2025-04-10 03:30:00,0.37,1.2517117261886597,512,-0.8817117261886597
43983,2025-04-10 03:45:00,0.32,0.5757293105125427,512,-0.2557293105125427
43984,2025-04-10 04:00:00,0.3,0.5085733532905579,512,-0.20857335329055787
43985,2025-04-10 04:15:00,0.99,0.43055689334869385,512,0.5594431066513061
43986,2025-04-10 04:30:00,1.42,0.6323773860931396,512,0.7876226139068603
43987,2025-04-10 04:45:00,2.06,0.972795844078064,512,1.087204155921936
43988,2025-04-10 05:00:00,1.57,1.3256702423095703,512,0.24432975769042975
43989,2025-04-10 05:15:00,0.31,1.1799441576004028,512,-0.8699441576004028
43990,2025-04-10 05:30:00,0.3,0.3944211006164551,512,-0.09442110061645509
43991,2025-04-10 05:45:00,0.3,0.3386351466178894,512,-0.038635146617889415
43992,2025-04-10 06:00:00,0.3,0.3479158878326416,512,-0.04791588783264161
43993,2025-04-10 06:15:00,0.27,0.3570379614830017,512,-0.08703796148300169
43994,2025-04-10 06:30:00,0.27,0.3394562602043152,512,-0.06945626020431517
43995,2025-04-10 06:45:00,0.26,0.3567863702774048,512,-0.09678637027740478
43996,2025-04-10 07:00:00,0.25,0.36082273721694946,512,-0.11082273721694946
43997,2025-04-10 07:15:00,0.49,0.35936009883880615,512,0.13063990116119384
43998,2025-04-10 07:30:00,0.81,0.6817556619644165,512,0.12824433803558355
43999,2025-04-10 07:45:00,2.78,1.0374640226364136,512,1.7425359773635862
44000,2025-04-10 08:00:00,2.11,2.242809534072876,512,-0.1328095340728761
44001,2025-04-10 08:15:00,1.31,1.6803550720214844,512,-0.3703550720214843
44002,2025-04-10 08:30:00,0.47,1.3429901599884033,512,-0.8729901599884033
44003,2025-04-10 08:45:00,0.51,0.6852508187294006,512,-0.17525081872940063
44004,2025-04-10 09:00:00,0.44,0.7083215713500977,512,-0.26832157135009765
44005,2025-04-10 09:15:00,1.49,0.6884452700614929,512,0.8015547299385071
44006,2025-04-10 09:30:00,0.46,1.5485986471176147,512,-1.0885986471176148
44007,2025-04-10 09:45:00,1.15,0.8862224221229553,512,0.2637775778770446
44008,2025-04-10 10:00:00,0.97,1.3116481304168701,512,-0.34164813041687014
44009,2025-04-10 10:15:00,0.3,1.3638118505477905,512,-1.0638118505477905
44010,2025-04-10 10:30:00,0.36,1.4174362421035767,512,-1.0574362421035768
44011,2025-04-10 10:45:00,1.77,1.852743148803711,512,-0.08274314880371092
44012,2025-04-10 11:00:00,2.55,2.314202070236206,512,0.23579792976379377
44013,2025-04-10 11:15:00,2.58,2.4535984992980957,512,0.12640150070190437
44014,2025-04-10 11:30:00,2.01,2.3866705894470215,512,-0.3766705894470217
44015,2025-04-10 11:45:00,2.19,2.0030181407928467,512,0.18698185920715327
44016,2025-04-10 12:00:00,2.33,2.0787646770477295,512,0.2512353229522706
44017,2025-04-10 12:15:00,2.24,2.263284206390381,512,-0.023284206390380646
44018,2025-04-10 12:30:00,1.85,2.271955728530884,512,-0.4219557285308837
44019,2025-04-10 12:45:00,2.59,2.047973394393921,512,0.542026605606079
44020,2025-04-10 13:00:00,2.16,2.3723113536834717,512,-0.21231135368347154
44021,2025-04-10 13:15:00,1.96,2.169983386993408,512,-0.20998338699340824
44022,2025-04-10 13:30:00,2.13,2.082878828048706,512,0.04712117195129384
44023,2025-04-10 13:45:00,2.36,2.2301576137542725,512,0.12984238624572741
44024,2025-04-10 14:00:00,2.63,2.1923675537109375,512,0.4376324462890624
44025,2025-04-10 14:15:00,2.81,2.1806652545928955,512,0.6293347454071045
44026,2025-04-10 14:30:00,2.04,2.2264060974121094,512,-0.18640609741210934
44027,2025-04-10 14:45:00,0.25,1.765944480895996,512,-1.515944480895996
44028,2025-04-10 15:00:00,0.24,0.45710062980651855,512,-0.21710062980651856
44029,2025-04-10 15:15:00,0.23,0.5037907361984253,512,-0.2737907361984253
44030,2025-04-10 15:30:00,0.39,0.36689865589141846,512,0.023101344108581556
44031,2025-04-10 15:45:00,0.24,0.4692953824996948,512,-0.22929538249969483
44032,2025-04-10 16:00:00,0.21,0.4086681604385376,512,-0.1986681604385376
44033,2025-04-10 16:15:00,0.21,0.4218946695327759,512,-0.2118946695327759
44034,2025-04-10 16:30:00,0.21,0.38318097591400146,512,-0.17318097591400147
44035,2025-04-10 16:45:00,0.24,0.3836005926132202,512,-0.14360059261322022
44036,2025-04-10 17:00:00,0.25,0.2727745771408081,512,-0.022774577140808105
44037,2025-04-10 17:15:00,0.25,0.2571842670440674,512,-0.007184267044067383
44038,2025-04-10 17:30:00,0.25,0.25848495960235596,512,-0.008484959602355957
44039,2025-04-10 17:45:00,0.24,0.28282594680786133,512,-0.04282594680786134
44040,2025-04-10 18:00:00,0.24,0.2723616361618042,512,-0.03236163616180421
44041,2025-04-10 18:15:00,0.21,0.2928884029388428,512,-0.08288840293884278
44042,2025-04-10 18:30:00,0.21,0.30041956901550293,512,-0.09041956901550294
44043,2025-04-10 18:45:00,0.23,0.29003429412841797,512,-0.06003429412841796
44044,2025-04-10 19:00:00,0.31,0.2902796268463135,512,0.01972037315368652
44045,2025-04-10 19:15:00,0.33,0.3363311290740967,512,-0.006331129074096664
44046,2025-04-10 19:30:00,0.38,0.40233373641967773,512,-0.02233373641967773
44047,2025-04-10 19:45:00,0.78,0.416109561920166,512,0.363890438079834
44048,2025-04-10 20:00:00,1.65,0.6201180219650269,512,1.029881978034973
44049,2025-04-10 20:15:00,1.66,1.277187466621399,512,0.382812533378601
44050,2025-04-10 20:30:00,2.64,1.2584335803985596,512,1.3815664196014406
44051,2025-04-10 20:45:00,0.81,1.8454458713531494,512,-1.0354458713531494
44052,2025-04-10 21:00:00,0.73,0.6083968877792358,512,0.12160311222076414
44053,2025-04-10 21:15:00,1.47,0.638815701007843,512,0.831184298992157
44054,2025-04-10 21:30:00,0.73,1.0256667137145996,512,-0.2956667137145996
44055,2025-04-10 21:45:00,0.71,0.6463167667388916,512,0.06368323326110836
44056,2025-04-10 22:00:00,0.49,0.6580327153205872,512,-0.16803271532058717
44057,2025-04-10 22:15:00,2.59,0.5579095482826233,512,2.0320904517173766
44058,2025-04-10 22:30:00,0.32,1.2117688655853271,512,-0.8917688655853271
44059,2025-04-10 22:45:00,1.03,0.45972558856010437,512,0.5702744114398957
44060,2025-04-10 23:00:00,0.39,0.7035022974014282,512,-0.3135022974014282
44061,2025-04-10 23:15:00,0.31,0.48851028084754944,512,-0.17851028084754944
44062,2025-04-10 23:30:00,0.34,0.45302775502204895,512,-0.11302775502204893
44063,2025-04-10 23:45:00,1.75,0.4453408420085907,512,1.3046591579914093
44064,2025-04-11 00:00:00,1.98,0.8521221280097961,512,1.1278778719902038
44065,2025-04-11 00:15:00,0.29,0.9447025656700134,512,-0.6547025656700134
44066,2025-04-11 00:30:00,0.29,0.4571117162704468,512,-0.1671117162704468
44067,2025-04-11 00:45:00,0.28,0.44313040375709534,512,-0.1631304037570953
44068,2025-04-11 01:00:00,0.27,0.37531548738479614,512,-0.10531548738479612
44069,2025-04-11 01:15:00,0.26,0.34203922748565674,512,-0.08203922748565673
44070,2025-04-11 01:30:00,0.24,0.3444846272468567,512,-0.1044846272468567
44071,2025-04-11 01:45:00,0.24,0.37174996733665466,512,-0.13174996733665467
44072,2025-04-11 02:00:00,0.26,0.37169310450553894,512,-0.11169310450553893
44073,2025-04-11 02:15:00,0.26,0.37903493642807007,512,-0.11903493642807006
44074,2025-04-11 02:30:00,0.28,0.34847012162208557,512,-0.06847012162208554
44075,2025-04-11 02:45:00,0.28,0.3543422520160675,512,-0.07434225201606748
44076,2025-04-11 03:00:00,1.3,0.31189391016960144,512,0.9881060898303986
44077,2025-04-11 03:15:00,1.86,0.9023910760879517,512,0.9576089239120484
44078,2025-04-11 03:30:00,0.91,1.122743844985962,512,-0.21274384498596188
44079,2025-04-11 03:45:00,0.27,0.768386721611023,512,-0.49838672161102293
44080,2025-04-11 04:00:00,0.24,0.42114490270614624,512,-0.18114490270614625
44081,2025-04-11 04:15:00,0.24,0.37158656120300293,512,-0.13158656120300294
44082,2025-04-11 04:30:00,0.24,0.35523515939712524,512,-0.11523515939712525
44083,2025-04-11 04:45:00,0.26,0.30237460136413574,512,-0.04237460136413573
44084,2025-04-11 05:00:00,0.24,0.29104989767074585,512,-0.05104989767074586
44085,2025-04-11 05:15:00,0.3,0.2673552334308624,512,0.03264476656913756
44086,2025-04-11 05:30:00,0.27,0.32526278495788574,512,-0.055262784957885724
44087,2025-04-11 05:45:00,0.27,0.34974491596221924,512,-0.07974491596221922
44088,2025-04-11 06:00:00,0.27,0.36135581135749817,512,-0.09135581135749815
44089,2025-04-11 06:15:00,0.27,0.4194800853729248,512,-0.1494800853729248
44090,2025-04-11 06:30:00,0.26,0.43825972080230713,512,-0.17825972080230712
44091,2025-04-11 06:45:00,0.24,0.4496114253997803,512,-0.20961142539978028
44092,2025-04-11 07:00:00,0.24,0.4020121693611145,512,-0.1620121693611145
44093,2025-04-11 07:15:00,1.12,0.38322949409484863,512,0.7367705059051515
44094,2025-04-11 07:30:00,0.32,0.8453280925750732,512,-0.5253280925750732
44095,2025-04-11 07:45:00,0.33,0.49087581038475037,512,-0.16087581038475035
44096,2025-04-11 08:00:00,0.4,0.5959650874137878,512,-0.19596508741378782
44097,2025-04-11 08:15:00,0.27,0.5846188068389893,512,-0.31461880683898924
44098,2025-04-11 08:30:00,0.98,0.4002584218978882,512,0.5797415781021118
44099,2025-04-11 08:45:00,3.26,0.7827866673469543,512,2.4772133326530454
44100,2025-04-11 09:00:00,1.33,1.9151902198791504,512,-0.5851902198791503
44101,2025-04-11 09:15:00,0.47,1.1778066158294678,512,-0.7078066158294678
44102,2025-04-11 09:30:00,0.35,0.7751482725143433,512,-0.4251482725143433
44103,2025-04-11 09:45:00,0.3,0.6367308497428894,512,-0.3367308497428894
44104,2025-04-11 10:00:00,0.3,0.719936192035675,512,-0.41993619203567506
44105,2025-04-11 10:15:00,0.33,0.621107280254364,512,-0.291107280254364
44106,2025-04-11 10:30:00,0.35,0.8282370567321777,512,-0.47823705673217776
44107,2025-04-11 10:45:00,1.93,0.9357417821884155,512,0.9942582178115844
44108,2025-04-11 11:00:00,2.1,1.9623329639434814,512,0.13766703605651864
44109,2025-04-11 11:15:00,1.85,1.8784613609313965,512,-0.028461360931396396
44110,2025-04-11 11:30:00,1.61,1.843686819076538,512,-0.233686819076538
44111,2025-04-11 11:45:00,2.06,1.7939879894256592,512,0.2660120105743409
44112,2025-04-11 12:00:00,1.7,2.022034168243408,512,-0.32203416824340825
44113,2025-04-11 12:15:00,1.79,1.8337517976760864,512,-0.04375179767608639
44114,2025-04-11 12:30:00,1.83,1.9140233993530273,512,-0.08402339935302727
44115,2025-04-11 12:45:00,1.89,1.9683592319488525,512,-0.07835923194885264
44116,2025-04-11 13:00:00,1.95,2.027426242828369,512,-0.07742624282836919
44117,2025-04-11 13:15:00,1.98,2.0256242752075195,512,-0.04562427520751955
44118,2025-04-11 13:30:00,2.02,2.0323634147644043,512,-0.012363414764404279
44119,2025-04-11 13:45:00,2.25,2.258509397506714,512,-0.008509397506713867
44120,2025-04-11 14:00:00,2.48,2.2521286010742188,512,0.22787139892578123
44121,2025-04-11 14:15:00,2.4,1.9090709686279297,512,0.4909290313720702
44122,2025-04-11 14:30:00,2.77,1.8271254301071167,512,0.9428745698928833
44123,2025-04-11 14:45:00,2.05,1.8758745193481445,512,0.1741254806518553
44124,2025-04-11 15:00:00,0.22,1.116324782371521,512,-0.896324782371521
44125,2025-04-11 15:15:00,0.25,0.17846083641052246,512,0.07153916358947754
44126,2025-04-11 15:30:00,0.24,0.25747811794281006,512,-0.017478117942810067
44127,2025-04-11 15:45:00,0.24,0.2789760231971741,512,-0.03897602319717408
44128,2025-04-11 16:00:00,0.24,0.26636725664138794,512,-0.02636725664138795
44129,2025-04-11 16:15:00,0.23,0.2986631989479065,512,-0.06866319894790648
44130,2025-04-11 16:30:00,0.22,0.2679244875907898,512,-0.047924487590789794
44131,2025-04-11 16:45:00,0.2,0.2838502526283264,512,-0.0838502526283264
44132,2025-04-11 17:00:00,0.21,0.2658206820487976,512,-0.055820682048797615
44133,2025-04-11 17:15:00,0.23,0.3005109429359436,512,-0.0705109429359436
44134,2025-04-11 17:30:00,0.25,0.27410179376602173,512,-0.02410179376602173
44135,2025-04-11 17:45:00,0.25,0.2839477062225342,512,-0.03394770622253418
44136,2025-04-11 18:00:00,0.25,0.2932254672050476,512,-0.04322546720504761
44137,2025-04-11 18:15:00,0.24,0.30879485607147217,512,-0.06879485607147218
44138,2025-04-11 18:30:00,0.24,0.2881773114204407,512,-0.04817731142044068
44139,2025-04-11 18:45:00,0.25,0.3067585229873657,512,-0.05675852298736572
44140,2025-04-11 19:00:00,0.21,0.3317059278488159,512,-0.12170592784881593
44141,2025-04-11 19:15:00,0.21,0.31334859132766724,512,-0.10334859132766724
44142,2025-04-11 19:30:00,0.25,0.3348102569580078,512,-0.08481025695800781
44143,2025-04-11 19:45:00,0.29,0.32043445110321045,512,-0.03043445110321047
44144,2025-04-11 20:00:00,0.32,0.39355915784835815,512,-0.07355915784835815
44145,2025-04-11 20:15:00,0.32,0.35735905170440674,512,-0.03735905170440673
44146,2025-04-11 20:30:00,0.34,0.3437519669532776,512,-0.0037519669532775635
44147,2025-04-11 20:45:00,1.76,0.3692289888858795,512,1.3907710111141205
44148,2025-04-11 21:00:00,2.45,1.1484084129333496,512,1.3015915870666506
44149,2025-04-11 21:15:00,1.87,1.5758180618286133,512,0.2941819381713868
44150,2025-04-11 21:30:00,1.8,1.4352108240127563,512,0.3647891759872437
44151,2025-04-11 21:45:00,1.53,1.572669506072998,512,-0.04266950607299802
44152,2025-04-11 22:00:00,1.58,1.2652926445007324,512,0.31470735549926765
44153,2025-04-11 22:15:00,0.74,1.449196457862854,512,-0.709196457862854
44154,2025-04-11 22:30:00,0.31,0.6953837871551514,512,-0.38538378715515137
44155,2025-04-11 22:45:00,0.3,0.4402030408382416,512,-0.1402030408382416
44156,2025-04-11 23:00:00,0.3,0.40409955382347107,512,-0.10409955382347108
44157,2025-04-11 23:15:00,0.29,0.39783620834350586,512,-0.10783620834350588
44158,2025-04-11 23:30:00,0.29,0.3484242856502533,512,-0.058424285650253316
44159,2025-04-11 23:45:00,0.26,0.3631686568260193,512,-0.10316865682601928
44160,2025-04-12 00:00:00,0.26,0.3414729833602905,512,-0.08147298336029052
44161,2025-04-12 00:15:00,0.28,0.31781649589538574,512,-0.037816495895385716
44162,2025-04-12 00:30:00,0.31,0.3229326009750366,512,-0.012932600975036623
44163,2025-04-12 00:45:00,0.32,0.33183279633522034,512,-0.01183279633522033
44164,2025-04-12 01:00:00,0.31,0.3533087372779846,512,-0.04330873727798462
44165,2025-04-12 01:15:00,0.31,0.36327967047691345,512,-0.053279670476913454
44166,2025-04-12 01:30:00,0.29,0.34914547204971313,512,-0.059145472049713155
44167,2025-04-12 01:45:00,0.27,0.3351920247077942,512,-0.06519202470779417
44168,2025-04-12 02:00:00,0.27,0.3285996615886688,512,-0.058599661588668805
44169,2025-04-12 02:15:00,0.31,0.31616973876953125,512,-0.006169738769531252
44170,2025-04-12 02:30:00,0.29,0.36687999963760376,512,-0.07687999963760378
44171,2025-04-12 02:45:00,0.31,0.3776494860649109,512,-0.06764948606491089
44172,2025-04-12 03:00:00,0.31,0.43113428354263306,512,-0.12113428354263306
44173,2025-04-12 03:15:00,0.31,0.41868674755096436,512,-0.10868674755096436
44174,2025-04-12 03:30:00,0.3,0.39089393615722656,512,-0.09089393615722657
44175,2025-04-12 03:45:00,0.3,0.3814240097999573,512,-0.08142400979995729
44176,2025-04-12 04:00:00,0.29,0.3628051280975342,512,-0.0728051280975342
44177,2025-04-12 04:15:00,0.27,0.311069518327713,512,-0.041069518327712995
44178,2025-04-12 04:30:00,1.05,0.2627423107624054,512,0.7872576892375946
44179,2025-04-12 04:45:00,0.32,0.8892884254455566,512,-0.5692884254455566
44180,2025-04-12 05:00:00,2.58,0.34864214062690735,512,2.2313578593730927
44181,2025-04-12 05:15:00,1.09,1.462151288986206,512,-0.372151288986206
44182,2025-04-12 05:30:00,0.39,0.7091871500015259,512,-0.31918715000152587
44183,2025-04-12 05:45:00,2.54,0.47950106859207153,512,2.0604989314079285
44184,2025-04-12 06:00:00,1.84,1.4951395988464355,512,0.34486040115356453
44185,2025-04-12 06:15:00,0.36,1.2478225231170654,512,-0.8878225231170654
44186,2025-04-12 06:30:00,0.38,0.5588493943214417,512,-0.17884939432144165
44187,2025-04-12 06:45:00,0.33,0.5538134574890137,512,-0.22381345748901366
44188,2025-04-12 07:00:00,0.36,0.4527953565120697,512,-0.09279535651206972
44189,2025-04-12 07:15:00,2.39,0.48395031690597534,512,1.9060496830940248
44190,2025-04-12 07:30:00,1.67,1.5274450778961182,512,0.14255492210388176
44191,2025-04-12 07:45:00,1.47,1.3528207540512085,512,0.11717924594879148
44192,2025-04-12 08:00:00,0.31,1.4190049171447754,512,-1.1090049171447753
44193,2025-04-12 08:15:00,0.43,0.54067063331604,512,-0.11067063331604005
44194,2025-04-12 08:30:00,0.34,0.49395760893821716,512,-0.15395760893821714
44195,2025-04-12 08:45:00,0.45,0.42729905247688293,512,0.022700947523117077
44196,2025-04-12 09:00:00,0.51,0.4614672362804413,512,0.048532763719558725
44197,2025-04-12 09:15:00,0.47,0.5288687348365784,512,-0.058868734836578396
44198,2025-04-12 09:30:00,1.94,0.5072810649871826,512,1.4327189350128173
44199,2025-04-12 09:45:00,0.58,1.1981686353683472,512,-0.6181686353683472
44200,2025-04-12 10:00:00,2.57,0.5997354984283447,512,1.9702645015716551
44201,2025-04-12 10:15:00,4.84,1.6065833568572998,512,3.2334166431427
44202,2025-04-12 10:30:00,4.91,3.0033440589904785,512,1.9066559410095216
44203,2025-04-12 10:45:00,5.41,3.8435349464416504,512,1.5664650535583498
44204,2025-04-12 11:00:00,5.41,4.684910297393799,512,0.7250897026062013
44205,2025-04-12 11:15:00,5.41,4.932811260223389,512,0.47718873977661147
44206,2025-04-12 11:30:00,5.41,5.22697114944458,512,0.18302885055542006
44207,2025-04-12 11:45:00,5.41,5.417629718780518,512,-0.007629718780517436
44208,2025-04-12 12:00:00,5.41,5.472018241882324,512,-0.06201824188232408
44209,2025-04-12 12:15:00,4.91,5.477198123931885,512,-0.5671981239318846
44210,2025-04-12 12:30:00,2.3,4.790583610534668,512,-2.490583610534668
44211,2025-04-12 12:45:00,3.13,2.2572593688964844,512,0.8727406311035155
44212,2025-04-12 13:00:00,3.77,2.9965524673461914,512,0.7734475326538086
44213,2025-04-12 13:15:00,3.82,3.541067123413086,512,0.2789328765869139
44214,2025-04-12 13:30:00,2.43,3.6294264793395996,512,-1.1994264793395994
44215,2025-04-12 13:45:00,2.22,2.3531312942504883,512,-0.13313129425048809
44216,2025-04-12 14:00:00,2.95,2.0621886253356934,512,0.8878113746643068
44217,2025-04-12 14:15:00,4.1,2.566714286804199,512,1.5332857131958004
44218,2025-04-12 14:30:00,2.68,3.2230331897735596,512,-0.5430331897735594
44219,2025-04-12 14:45:00,3.92,1.974714994430542,512,1.945285005569458
44220,2025-04-12 15:00:00,3.84,2.810368537902832,512,1.0296314620971678
44221,2025-04-12 15:15:00,3.29,2.904247760772705,512,0.38575223922729496
44222,2025-04-12 15:30:00,2.09,2.651473045349121,512,-0.5614730453491212
44223,2025-04-12 15:45:00,2.71,1.7041255235671997,512,1.0058744764328003
44224,2025-04-12 16:00:00,2.18,2.3345346450805664,512,-0.15453464508056625
44225,2025-04-12 16:15:00,2.37,2.1830453872680664,512,0.1869546127319337
44226,2025-04-12 16:30:00,1.89,2.272285223007202,512,-0.38228522300720225
44227,2025-04-12 16:45:00,2.13,1.9448707103729248,512,0.1851292896270751
44228,2025-04-12 17:00:00,2.07,2.0122735500335693,512,0.057726449966430504
44229,2025-04-12 17:15:00,1.04,2.0071425437927246,512,-0.9671425437927246
44230,2025-04-12 17:30:00,0.58,1.0839285850524902,512,-0.5039285850524903
44231,2025-04-12 17:45:00,0.59,0.5925019383430481,512,-0.002501938343048127
44232,2025-04-12 18:00:00,0.58,0.5182892680168152,512,0.061710731983184774
44233,2025-04-12 18:15:00,0.47,0.5360231399536133,512,-0.06602313995361331
44234,2025-04-12 18:30:00,0.43,0.4510781764984131,512,-0.021078176498413093
44235,2025-04-12 18:45:00,0.24,0.4889274835586548,512,-0.2489274835586548
44236,2025-04-12 19:00:00,0.26,0.3673768639564514,512,-0.10737686395645141
44237,2025-04-12 19:15:00,0.2,0.40549325942993164,512,-0.20549325942993163
44238,2025-04-12 19:30:00,0.22,0.36234450340270996,512,-0.14234450340270996
44239,2025-04-12 19:45:00,0.29,0.39808720350265503,512,-0.10808720350265505
44240,2025-04-12 20:00:00,0.32,0.4032994508743286,512,-0.0832994508743286
44241,2025-04-12 20:15:00,0.44,0.4173889756202698,512,0.022611024379730227
44242,2025-04-12 20:30:00,0.63,0.4843326807022095,512,0.14566731929779053
44243,2025-04-12 20:45:00,0.78,0.6220394372940063,512,0.15796056270599368
44244,2025-04-12 21:00:00,0.63,0.7165918350219727,512,-0.08659183502197265
44245,2025-04-12 21:15:00,0.69,0.5986847877502441,512,0.0913152122497558
44246,2025-04-12 21:30:00,1.42,0.6570512056350708,512,0.7629487943649291
44247,2025-04-12 21:45:00,1.49,1.2540866136550903,512,0.23591338634490966
44248,2025-04-12 22:00:00,0.6,1.3005952835083008,512,-0.7005952835083008
44249,2025-04-12 22:15:00,0.6,0.6034960150718689,512,-0.0034960150718689187
44250,2025-04-12 22:30:00,0.49,0.6510961055755615,512,-0.16109610557556153
44251,2025-04-12 22:45:00,0.38,0.5585141777992249,512,-0.17851417779922485
44252,2025-04-12 23:00:00,0.3,0.501432478427887,512,-0.20143247842788697
44253,2025-04-12 23:15:00,0.26,0.4459020793437958,512,-0.18590207934379577
44254,2025-04-12 23:30:00,0.26,0.39013275504112244,512,-0.13013275504112243
44255,2025-04-12 23:45:00,0.27,0.3792642056941986,512,-0.10926420569419859
44256,2025-04-13 00:00:00,0.29,0.3869616687297821,512,-0.09696166872978212
44257,2025-04-13 00:15:00,0.29,0.3708849847316742,512,-0.08088498473167421
44258,2025-04-13 00:30:00,0.28,0.37021589279174805,512,-0.09021589279174802
44259,2025-04-13 00:45:00,0.28,0.35040074586868286,512,-0.07040074586868283
44260,2025-04-13 01:00:00,0.27,0.3389783203601837,512,-0.0689783203601837
44261,2025-04-13 01:15:00,0.25,0.3370366096496582,512,-0.0870366096496582
44262,2025-04-13 01:30:00,0.25,0.30597376823425293,512,-0.05597376823425293
44263,2025-04-13 01:45:00,0.28,0.3379300534725189,512,-0.057930053472518894
44264,2025-04-13 02:00:00,0.29,0.3647783100605011,512,-0.07477831006050112
44265,2025-04-13 02:15:00,0.29,0.39568737149238586,512,-0.10568737149238588
44266,2025-04-13 02:30:00,0.28,0.3764958381652832,512,-0.09649583816528318
44267,2025-04-13 02:45:00,0.28,0.41991162300109863,512,-0.1399116230010986
44268,2025-04-13 03:00:00,0.27,0.4131876230239868,512,-0.1431876230239868
44269,2025-04-13 03:15:00,0.26,0.40833407640457153,512,-0.14833407640457152
44270,2025-04-13 03:30:00,0.26,0.38139837980270386,512,-0.12139837980270385
44271,2025-04-13 03:45:00,0.3,0.38100600242614746,512,-0.08100600242614747
44272,2025-04-13 04:00:00,0.3,0.4157339334487915,512,-0.11573393344879152
44273,2025-04-13 04:15:00,0.3,0.43232470750808716,512,-0.13232470750808717
44274,2025-04-13 04:30:00,0.29,0.44007107615470886,512,-0.15007107615470888
44275,2025-04-13 04:45:00,0.29,0.4129769206047058,512,-0.12297692060470583
44276,2025-04-13 05:00:00,0.27,0.39835789799690247,512,-0.12835789799690245
44277,2025-04-13 05:15:00,0.25,0.3596600294113159,512,-0.10966002941131592
44278,2025-04-13 05:30:00,0.26,0.33436068892478943,512,-0.07436068892478942
44279,2025-04-13 05:45:00,0.29,0.3608465790748596,512,-0.07084657907485964
44280,2025-04-13 06:00:00,0.3,0.376334011554718,512,-0.07633401155471803
44281,2025-04-13 06:15:00,0.29,0.3796181380748749,512,-0.0896181380748749
44282,2025-04-13 06:30:00,0.28,0.3880862891674042,512,-0.10808628916740415
44283,2025-04-13 06:45:00,0.28,0.39660215377807617,512,-0.11660215377807615
44284,2025-04-13 07:00:00,0.26,0.4086480736732483,512,-0.14864807367324828
44285,2025-04-13 07:15:00,0.24,0.3922475576400757,512,-0.1522475576400757
44286,2025-04-13 07:30:00,0.2,0.34050363302230835,512,-0.14050363302230834
44287,2025-04-13 07:45:00,0.24,0.3071576952934265,512,-0.06715769529342652
44288,2025-04-13 08:00:00,0.24,0.3394114673137665,512,-0.09941146731376649
44289,2025-04-13 08:15:00,0.23,0.3383350372314453,512,-0.1083350372314453
44290,2025-04-13 08:30:00,0.23,0.3232175409793854,512,-0.09321754097938537
44291,2025-04-13 08:45:00,0.46,0.3190242648124695,512,0.14097573518753054
44292,2025-04-13 09:00:00,0.77,0.6376693844795227,512,0.1323306155204773
44293,2025-04-13 09:15:00,0.76,0.9975960850715637,512,-0.2375960850715637
44294,2025-04-13 09:30:00,0.53,0.8972894549369812,512,-0.3672894549369812
44295,2025-04-13 09:45:00,0.56,0.6518003344535828,512,-0.09180033445358271
44296,2025-04-13 10:00:00,0.55,0.723113477230072,512,-0.17311347723007198
44297,2025-04-13 10:15:00,1.07,0.7061483860015869,512,0.36385161399841315
44298,2025-04-13 10:30:00,0.12,1.2168973684310913,512,-1.0968973684310912
44299,2025-04-13 10:45:00,0.12,0.46616876125335693,512,-0.34616876125335694
44300,2025-04-13 11:00:00,0.12,0.3729914426803589,512,-0.2529914426803589
44301,2025-04-13 11:15:00,0.12,0.306976318359375,512,-0.186976318359375
44302,2025-04-13 11:30:00,0.12,0.2146877944469452,512,-0.0946877944469452
44303,2025-04-13 11:45:00,1.02,0.21377676725387573,512,0.8062232327461243
44304,2025-04-13 12:00:00,1.47,1.081722378730774,512,0.38827762126922605
44305,2025-04-13 12:15:00,1.33,1.5209684371948242,512,-0.19096843719482415
44306,2025-04-13 12:30:00,1.88,1.3697915077209473,512,0.5102084922790526
44307,2025-04-13 12:45:00,1.43,1.9454803466796875,512,-0.5154803466796876
44308,2025-04-13 13:00:00,1.96,1.48240065574646,512,0.47759934425354
44309,2025-04-13 13:15:00,2.35,1.9348163604736328,512,0.4151836395263673
44310,2025-04-13 13:30:00,2.66,2.239572048187256,512,0.4204279518127443
44311,2025-04-13 13:45:00,1.82,2.626516342163086,512,-0.8065163421630859
44312,2025-04-13 14:00:00,1.64,1.7893108129501343,512,-0.14931081295013438
44313,2025-04-13 14:15:00,1.33,1.6424967050552368,512,-0.31249670505523675
44314,2025-04-13 14:30:00,0.47,1.2865492105484009,512,-0.8165492105484009
44315,2025-04-13 14:45:00,1.06,0.5403240919113159,512,0.5196759080886841
44316,2025-04-13 15:00:00,0.96,1.039794921875,512,-0.07979492187500004
44317,2025-04-13 15:15:00,0.93,0.9773033857345581,512,-0.04730338573455806
44318,2025-04-13 15:30:00,0.87,0.9724644422531128,512,-0.1024644422531128
44319,2025-04-13 15:45:00,0.9,0.9024124145507812,512,-0.002412414550781228
44320,2025-04-13 16:00:00,0.87,0.9379714131355286,512,-0.06797141313552857
44321,2025-04-13 16:15:00,0.89,0.9634369611740112,512,-0.07343696117401122
44322,2025-04-13 16:30:00,0.89,0.9522534608840942,512,-0.062253460884094225
44323,2025-04-13 16:45:00,0.9,0.9593479037284851,512,-0.059347903728485085
44324,2025-04-13 17:00:00,1.46,0.9306982755661011,512,0.5293017244338989
44325,2025-04-13 17:15:00,2.02,1.2531933784484863,512,0.7668066215515137
44326,2025-04-13 17:30:00,0.85,1.6115576028823853,512,-0.7615576028823853
44327,2025-04-13 17:45:00,0.14,1.0059763193130493,512,-0.8659763193130493
44328,2025-04-13 18:00:00,0.13,0.4100155830383301,512,-0.2800155830383301
44329,2025-04-13 18:15:00,0.12,0.3535580039024353,512,-0.2335580039024353
44330,2025-04-13 18:30:00,0.12,0.3675990104675293,512,-0.2475990104675293
44331,2025-04-13 18:45:00,0.12,0.33053016662597656,512,-0.21053016662597657
44332,2025-04-13 19:00:00,0.31,0.32803064584732056,512,-0.01803064584732056
44333,2025-04-13 19:15:00,0.23,0.47775810956954956,512,-0.24775810956954955
44334,2025-04-13 19:30:00,0.29,0.40860819816589355,512,-0.11860819816589357
44335,2025-04-13 19:45:00,1.84,0.4438555836677551,512,1.396144416332245
44336,2025-04-13 20:00:00,0.34,1.521064043045044,512,-1.1810640430450439
44337,2025-04-13 20:15:00,0.33,0.6633171439170837,512,-0.3333171439170837
44338,2025-04-13 20:30:00,0.32,0.6819131374359131,512,-0.3619131374359131
44339,2025-04-13 20:45:00,0.3,0.6582499146461487,512,-0.3582499146461487
44340,2025-04-13 21:00:00,1.27,0.5604013204574585,512,0.7095986795425415
44341,2025-04-13 21:15:00,2.68,1.1148529052734375,512,1.5651470947265627
44342,2025-04-13 21:30:00,3.21,2.0419139862060547,512,1.1680860137939453
44343,2025-04-13 21:45:00,3.25,2.425605058670044,512,0.824394941329956
44344,2025-04-13 22:00:00,2.8,2.5482940673828125,512,0.2517059326171873
44345,2025-04-13 22:15:00,0.83,2.3410699367523193,512,-1.5110699367523193
44346,2025-04-13 22:30:00,0.72,0.5984940528869629,512,0.12150594711303708
44347,2025-04-13 22:45:00,0.46,0.7360150218009949,512,-0.27601502180099485
44348,2025-04-13 23:00:00,1.1,0.5205395817756653,512,0.5794604182243348
44349,2025-04-13 23:15:00,2.05,0.9857355356216431,512,1.0642644643783568
44350,2025-04-13 23:30:00,2.19,1.750312089920044,512,0.439687910079956
44351,2025-04-13 23:45:00,2.31,1.914764642715454,512,0.39523535728454595
44352,2025-04-14 00:00:00,2.33,2.0601234436035156,512,0.26987655639648445
44353,2025-04-14 00:15:00,0.31,1.90190851688385,512,-1.59190851688385
44354,2025-04-14 00:30:00,0.28,0.4147680997848511,512,-0.13476809978485105
44355,2025-04-14 00:45:00,0.26,0.46138352155685425,512,-0.20138352155685424
44356,2025-04-14 01:00:00,0.26,0.3758295178413391,512,-0.1158295178413391
44357,2025-04-14 01:15:00,0.29,0.36066287755966187,512,-0.07066287755966189
44358,2025-04-14 01:30:00,0.3,0.34671247005462646,512,-0.046712470054626476
44359,2025-04-14 01:45:00,0.3,0.365010142326355,512,-0.06501014232635499
44360,2025-04-14 02:00:00,0.29,0.3804623484611511,512,-0.09046234846115114
44361,2025-04-14 02:15:00,0.29,0.35423892736434937,512,-0.06423892736434939
44362,2025-04-14 02:30:00,0.27,0.35618793964385986,512,-0.08618793964385985
44363,2025-04-14 02:45:00,0.26,0.3680553436279297,512,-0.10805534362792968
44364,2025-04-14 03:00:00,0.26,0.3403303623199463,512,-0.08033036231994628
44365,2025-04-14 03:15:00,0.3,0.3426094055175781,512,-0.042609405517578136
44366,2025-04-14 03:30:00,0.3,0.3563089072704315,512,-0.05630890727043153
44367,2025-04-14 03:45:00,0.29,0.33982643485069275,512,-0.04982643485069277
44368,2025-04-14 04:00:00,0.29,0.34298431873321533,512,-0.05298431873321535
44369,2025-04-14 04:15:00,0.29,0.34506556391716003,512,-0.055065563917160054
44370,2025-04-14 04:30:00,0.99,0.33697640895843506,512,0.6530235910415649
44371,2025-04-14 04:45:00,0.29,0.7123147249221802,512,-0.4223147249221802
44372,2025-04-14 05:00:00,1.72,0.3578874468803406,512,1.3621125531196594
44373,2025-04-14 05:15:00,0.33,1.1309484243392944,512,-0.8009484243392944
44374,2025-04-14 05:30:00,0.33,0.4530481696128845,512,-0.1230481696128845
44375,2025-04-14 05:45:00,1.03,0.3802795112133026,512,0.6497204887866974
44376,2025-04-14 06:00:00,0.32,0.8544140458106995,512,-0.5344140458106994
44377,2025-04-14 06:15:00,0.31,0.42232027649879456,512,-0.11232027649879456
44378,2025-04-14 06:30:00,0.27,0.4142276644706726,512,-0.1442276644706726
44379,2025-04-14 06:45:00,0.35,0.387108713388443,512,-0.037108713388443015
44380,2025-04-14 07:00:00,0.66,0.43985915184020996,512,0.22014084815979007
44381,2025-04-14 07:15:00,0.33,0.6452564597129822,512,-0.31525645971298216
44382,2025-04-14 07:30:00,0.54,0.42942318320274353,512,0.1105768167972565
44383,2025-04-14 07:45:00,1.19,0.6053916215896606,512,0.5846083784103393
44384,2025-04-14 08:00:00,2.25,0.9852724075317383,512,1.2647275924682617
44385,2025-04-14 08:15:00,3.45,1.6445900201797485,512,1.8054099798202516
44386,2025-04-14 08:30:00,2.02,2.832343578338623,512,-0.812343578338623
44387,2025-04-14 08:45:00,2.1,1.6464506387710571,512,0.45354936122894296
44388,2025-04-14 09:00:00,2.44,1.8704966306686401,512,0.5695033693313598
44389,2025-04-14 09:15:00,2.91,2.2529478073120117,512,0.6570521926879884
44390,2025-04-14 09:30:00,2.53,2.667193651199341,512,-0.13719365119934102
44391,2025-04-14 09:45:00,0.54,2.4244258403778076,512,-1.8844258403778076
44392,2025-04-14 10:00:00,1.65,0.3747384548187256,512,1.2752615451812743
44393,2025-04-14 10:15:00,0.91,1.7801580429077148,512,-0.8701580429077148
44394,2025-04-14 10:30:00,0.28,1.0278279781341553,512,-0.7478279781341552
44395,2025-04-14 10:45:00,2.26,0.6262956857681274,512,1.6337043142318723
44396,2025-04-14 11:00:00,2.38,2.2846133708953857,512,0.09538662910461415
44397,2025-04-14 11:15:00,2.93,2.2684249877929688,512,0.6615750122070314
44398,2025-04-14 11:30:00,3.31,2.502033233642578,512,0.8079667663574219
44399,2025-04-14 11:45:00,2.97,2.804243326187134,512,0.1657566738128664
44400,2025-04-14 12:00:00,3.23,2.6117148399353027,512,0.6182851600646972
44401,2025-04-14 12:15:00,3.16,2.8119258880615234,512,0.3480741119384767
44402,2025-04-14 12:30:00,3.7,2.7684805393218994,512,0.9315194606781008
44403,2025-04-14 12:45:00,5.1,3.229104518890381,512,1.8708954811096188
44404,2025-04-14 13:00:00,3.84,4.088809967041016,512,-0.24880996704101577
44405,2025-04-14 13:15:00,1.03,3.3378303050994873,512,-2.307830305099487
44406,2025-04-14 13:30:00,0.24,0.9698479771614075,512,-0.7298479771614075
44407,2025-04-14 13:45:00,0.23,0.3235687017440796,512,-0.09356870174407958
44408,2025-04-14 14:00:00,0.21,0.5395811796188354,512,-0.3295811796188355
44409,2025-04-14 14:15:00,0.2,0.5224035978317261,512,-0.32240359783172606
44410,2025-04-14 14:30:00,0.23,0.47179484367370605,512,-0.24179484367370604
44411,2025-04-14 14:45:00,0.25,0.41276782751083374,512,-0.16276782751083374
44412,2025-04-14 15:00:00,0.26,0.29729771614074707,512,-0.03729771614074706
44413,2025-04-14 15:15:00,0.24,0.38155239820480347,512,-0.14155239820480348
44414,2025-04-14 15:30:00,0.23,0.3706773519515991,512,-0.1406773519515991
44415,2025-04-14 15:45:00,0.2,0.35722970962524414,512,-0.15722970962524413
44416,2025-04-14 16:00:00,0.2,0.34638679027557373,512,-0.14638679027557372
44417,2025-04-14 16:15:00,0.23,0.2944246530532837,512,-0.06442465305328368
44418,2025-04-14 16:30:00,0.29,0.30685579776763916,512,-0.01685579776763918
44419,2025-04-14 16:45:00,0.28,0.342124342918396,512,-0.06212434291839597
44420,2025-04-14 17:00:00,0.3,0.34302079677581787,512,-0.04302079677581788
44421,2025-04-14 17:15:00,0.3,0.3074154853820801,512,-0.007415485382080089
44422,2025-04-14 17:30:00,0.32,0.2919423580169678,512,0.028057641983032233
44423,2025-04-14 17:45:00,0.25,0.33966171741485596,512,-0.08966171741485596
44424,2025-04-14 18:00:00,0.34,0.29404640197753906,512,0.04595359802246096
44425,2025-04-14 18:15:00,0.32,0.3840755224227905,512,-0.06407552242279052
44426,2025-04-14 18:30:00,0.28,0.3868139982223511,512,-0.10681399822235105
44427,2025-04-14 18:45:00,0.48,0.38890230655670166,512,0.09109769344329832
44428,2025-04-14 19:00:00,2.04,0.5555970072746277,512,1.4844029927253723
44429,2025-04-14 19:15:00,0.85,1.8323569297790527,512,-0.9823569297790528
44430,2025-04-14 19:30:00,0.73,0.8376383781433105,512,-0.10763837814331056
44431,2025-04-14 19:45:00,0.82,0.8525099754333496,512,-0.03250997543334966
44432,2025-04-14 20:00:00,0.75,0.9338418841362,512,-0.18384188413619995
44433,2025-04-14 20:15:00,0.61,0.8706773519515991,512,-0.26067735195159913
44434,2025-04-14 20:30:00,0.5,0.7435420751571655,512,-0.24354207515716553
44435,2025-04-14 20:45:00,0.59,0.6388205289840698,512,-0.048820528984069855
44436,2025-04-14 21:00:00,0.73,0.7335491180419922,512,-0.0035491180419922053
44437,2025-04-14 21:15:00,0.73,0.8238065242767334,512,-0.09380652427673342
44438,2025-04-14 21:30:00,0.69,0.7802817821502686,512,-0.09028178215026861
44439,2025-04-14 21:45:00,0.65,0.7712198495864868,512,-0.1212198495864868
44440,2025-04-14 22:00:00,0.64,0.7316387295722961,512,-0.09163872957229613
44441,2025-04-14 22:15:00,0.58,0.6668735146522522,512,-0.08687351465225224
44442,2025-04-14 22:30:00,0.57,0.5929595828056335,512,-0.022959582805633594
44443,2025-04-14 22:45:00,0.54,0.589759886264801,512,-0.04975988626480099
44444,2025-04-14 23:00:00,0.53,0.5589987635612488,512,-0.028998763561248753
44445,2025-04-14 23:15:00,0.45,0.5588259100914001,512,-0.10882591009140014
44446,2025-04-14 23:30:00,0.29,0.5158640146255493,512,-0.22586401462554934
44447,2025-04-14 23:45:00,0.26,0.399406760931015,512,-0.139406760931015
44448,2025-04-15 00:00:00,0.26,0.36220166087150574,512,-0.10220166087150573
44449,2025-04-15 00:15:00,0.28,0.3326619267463684,512,-0.05266192674636838
44450,2025-04-15 00:30:00,0.29,0.35823574662208557,512,-0.06823574662208559
44451,2025-04-15 00:45:00,0.27,0.3648430109024048,512,-0.09484301090240477
44452,2025-04-15 01:00:00,0.29,0.3431338965892792,512,-0.053133896589279195
44453,2025-04-15 01:15:00,0.29,0.381283164024353,512,-0.09128316402435305
44454,2025-04-15 01:30:00,0.29,0.36025962233543396,512,-0.07025962233543398
44455,2025-04-15 01:45:00,0.28,0.3522583842277527,512,-0.07225838422775266
44456,2025-04-15 02:00:00,1.74,0.33152368664741516,512,1.4084763133525848
44457,2025-04-15 02:15:00,1.88,1.7490569353103638,512,0.13094306468963612
44458,2025-04-15 02:30:00,0.23,1.7909269332885742,512,-1.5609269332885742
44459,2025-04-15 02:45:00,0.27,0.35609737038612366,512,-0.08609737038612364
44460,2025-04-15 03:00:00,0.28,0.4267353117465973,512,-0.14673531174659726
44461,2025-04-15 03:15:00,0.28,0.35360053181648254,512,-0.07360053181648252
44462,2025-04-15 03:30:00,0.27,0.32792022824287415,512,-0.05792022824287413
44463,2025-04-15 03:45:00,0.26,0.3269203305244446,512,-0.06692033052444457
44464,2025-04-15 04:00:00,0.28,0.32270538806915283,512,-0.042705388069152805
44465,2025-04-15 04:15:00,0.24,0.3245276212692261,512,-0.08452762126922608
44466,2025-04-15 04:30:00,0.21,0.3161813020706177,512,-0.10618130207061768
44467,2025-04-15 04:45:00,0.23,0.30117174983024597,512,-0.07117174983024596
44468,2025-04-15 05:00:00,0.26,0.33420249819755554,512,-0.07420249819755553
44469,2025-04-15 05:15:00,0.26,0.3432871103286743,512,-0.08328711032867431
44470,2025-04-15 05:30:00,0.27,0.33312955498695374,512,-0.06312955498695372
44471,2025-04-15 05:45:00,0.26,0.3602212071418762,512,-0.10022120714187621
44472,2025-04-15 06:00:00,0.25,0.3108291029930115,512,-0.060829102993011475
44473,2025-04-15 06:15:00,0.27,0.3124638795852661,512,-0.042463879585266096
44474,2025-04-15 06:30:00,0.23,0.3520231544971466,512,-0.1220231544971466
44475,2025-04-15 06:45:00,0.23,0.33274540305137634,512,-0.10274540305137633
44476,2025-04-15 07:00:00,0.24,0.37791886925697327,512,-0.13791886925697328
44477,2025-04-15 07:15:00,0.27,0.3902877867221832,512,-0.12028778672218321
44478,2025-04-15 07:30:00,1.11,0.44222012162208557,512,0.6677798783779145
44479,2025-04-15 07:45:00,2.98,1.3524839878082275,512,1.6275160121917724
44480,2025-04-15 08:00:00,1.56,2.7557461261749268,512,-1.1957461261749267
44481,2025-04-15 08:15:00,0.91,1.448725700378418,512,-0.5387257003784179
44482,2025-04-15 08:30:00,0.24,1.1178942918777466,512,-0.8778942918777466
44483,2025-04-15 08:45:00,0.21,0.4664285182952881,512,-0.2564285182952881
44484,2025-04-15 09:00:00,0.32,0.26597410440444946,512,0.054025895595550544
44485,2025-04-15 09:15:00,0.25,0.28369662165641785,512,-0.03369662165641785
44486,2025-04-15 09:30:00,0.31,0.1656385064125061,512,0.1443614935874939
44487,2025-04-15 09:45:00,0.28,0.31208091974258423,512,-0.0320809197425842
44488,2025-04-15 10:00:00,0.24,0.3287910521030426,512,-0.08879105210304261
44489,2025-04-15 10:15:00,0.23,0.24955272674560547,512,-0.01955272674560546
44490,2025-04-15 10:30:00,0.26,0.36378028988838196,512,-0.10378028988838195
44491,2025-04-15 10:45:00,1.64,0.4708434045314789,512,1.169156595468521
44492,2025-04-15 11:00:00,1.75,2.011568546295166,512,-0.261568546295166
44493,2025-04-15 11:15:00,1.89,1.7870386838912964,512,0.10296131610870352
44494,2025-04-15 11:30:00,2.15,1.8536642789840698,512,0.2963357210159301
44495,2025-04-15 11:45:00,2.27,2.006566047668457,512,0.263433952331543
44496,2025-04-15 12:00:00,2.43,2.096949815750122,512,0.3330501842498781
44497,2025-04-15 12:15:00,2.52,2.4010329246520996,512,0.11896707534790041
44498,2025-04-15 12:30:00,2.54,2.5736608505249023,512,-0.03366085052490231
44499,2025-04-15 12:45:00,2.78,2.5597586631774902,512,0.22024133682250957
44500,2025-04-15 13:00:00,2.93,2.781005620956421,512,0.14899437904357926
44501,2025-04-15 13:15:00,3.14,2.8739264011383057,512,0.26607359886169446
44502,2025-04-15 13:30:00,3.11,3.181549072265625,512,-0.07154907226562512
44503,2025-04-15 13:45:00,4.68,3.2686281204223633,512,1.4113718795776364
44504,2025-04-15 14:00:00,2.19,4.407018661499023,512,-2.2170186614990235
44505,2025-04-15 14:15:00,0.29,1.9815953969955444,512,-1.6915953969955444
44506,2025-04-15 14:30:00,0.29,0.38060474395751953,512,-0.09060474395751955
44507,2025-04-15 14:45:00,0.94,0.45282185077667236,512,0.4871781492233276
44508,2025-04-15 15:00:00,0.21,0.9592121839523315,512,-0.7492121839523316
44509,2025-04-15 15:15:00,0.21,0.33529138565063477,512,-0.12529138565063477
44510,2025-04-15 15:30:00,1.65,0.41305410861968994,512,1.23694589138031
44511,2025-04-15 15:45:00,0.27,1.8497669696807861,512,-1.5797669696807861
44512,2025-04-15 16:00:00,0.27,0.3652714490890503,512,-0.09527144908905028
44513,2025-04-15 16:15:00,0.25,0.36945879459381104,512,-0.11945879459381104
44514,2025-04-15 16:30:00,1.04,0.31445229053497314,512,0.7255477094650269
44515,2025-04-15 16:45:00,0.25,0.8599218726158142,512,-0.6099218726158142
44516,2025-04-15 17:00:00,0.23,0.3509674072265625,512,-0.12096740722656249
44517,2025-04-15 17:15:00,0.21,0.2690783739089966,512,-0.05907837390899659
44518,2025-04-15 17:30:00,0.22,0.2712310552597046,512,-0.05123105525970459
44519,2025-04-15 17:45:00,0.25,0.31448328495025635,512,-0.06448328495025635
44520,2025-04-15 18:00:00,0.26,0.2842022180557251,512,-0.02420221805572509
44521,2025-04-15 18:15:00,0.26,0.29782330989837646,512,-0.037823309898376456
44522,2025-04-15 18:30:00,1.22,0.2964097857475281,512,0.9235902142524719
44523,2025-04-15 18:45:00,0.68,1.1608139276504517,512,-0.4808139276504516
44524,2025-04-15 19:00:00,0.27,0.7964484095573425,512,-0.5264484095573425
44525,2025-04-15 19:15:00,0.3,0.44406986236572266,512,-0.14406986236572267
44526,2025-04-15 19:30:00,0.39,0.4763582944869995,512,-0.0863582944869995
44527,2025-04-15 19:45:00,0.61,0.5048905611038208,512,0.10510943889617919
44528,2025-04-15 20:00:00,0.29,0.6736772060394287,512,-0.38367720603942873
44529,2025-04-15 20:15:00,0.3,0.43233633041381836,512,-0.13233633041381837
44530,2025-04-15 20:30:00,0.54,0.4487021565437317,512,0.09129784345626835
44531,2025-04-15 20:45:00,0.64,0.5992417335510254,512,0.04075826644897462
44532,2025-04-15 21:00:00,0.62,0.7206766605377197,512,-0.10067666053771973
44533,2025-04-15 21:15:00,0.54,0.653266429901123,512,-0.11326642990112301
44534,2025-04-15 21:30:00,0.63,0.5639426708221436,512,0.06605732917785645
44535,2025-04-15 21:45:00,2.2,0.6644002795219421,512,1.535599720478058
44536,2025-04-15 22:00:00,0.63,2.0126328468322754,512,-1.3826328468322755
44537,2025-04-15 22:15:00,0.33,0.704230785369873,512,-0.37423078536987303
44538,2025-04-15 22:30:00,0.32,0.547928512096405,512,-0.22792851209640502
44539,2025-04-15 22:45:00,0.32,0.4754081964492798,512,-0.15540819644927978
44540,2025-04-15 23:00:00,0.28,0.4583677649497986,512,-0.17836776494979856
44541,2025-04-15 23:15:00,0.26,0.417843759059906,512,-0.157843759059906
44542,2025-04-15 23:30:00,0.28,0.36665627360343933,512,-0.0866562736034393
44543,2025-04-15 23:45:00,0.28,0.39025381207466125,512,-0.11025381207466123
44544,2025-04-16 00:00:00,0.29,0.3797356188297272,512,-0.08973561882972719
44545,2025-04-16 00:15:00,0.3,0.3923892080783844,512,-0.09238920807838441
44546,2025-04-16 00:30:00,0.3,0.40349751710891724,512,-0.10349751710891725
44547,2025-04-16 00:45:00,0.3,0.4238353371620178,512,-0.12383533716201783
44548,2025-04-16 01:00:00,0.29,0.4147970378398895,512,-0.12479703783988955
44549,2025-04-16 01:15:00,0.29,0.39458024501800537,512,-0.10458024501800539
44550,2025-04-16 01:30:00,0.26,0.41904786229133606,512,-0.15904786229133605
44551,2025-04-16 01:45:00,0.26,0.3865310847759247,512,-0.12653108477592467
44552,2025-04-16 02:00:00,0.28,0.3942333459854126,512,-0.11423334598541257
44553,2025-04-16 02:15:00,0.3,0.39159873127937317,512,-0.09159873127937318
44554,2025-04-16 02:30:00,0.3,0.3939458727836609,512,-0.0939458727836609
44555,2025-04-16 02:45:00,0.3,0.4160977900028229,512,-0.11609779000282289
44556,2025-04-16 03:00:00,1.17,0.4010796546936035,512,0.7689203453063964
44557,2025-04-16 03:15:00,1.87,1.0165759325027466,512,0.8534240674972535
44558,2025-04-16 03:30:00,0.83,1.620164155960083,512,-0.790164155960083
44559,2025-04-16 03:45:00,0.26,0.7720391750335693,512,-0.5120391750335693
44560,2025-04-16 04:00:00,0.27,0.4534432888031006,512,-0.18344328880310057
44561,2025-04-16 04:15:00,0.3,0.4141331613063812,512,-0.11413316130638124
44562,2025-04-16 04:30:00,0.3,0.41307926177978516,512,-0.11307926177978517
44563,2025-04-16 04:45:00,0.3,0.44777411222457886,512,-0.14777411222457887
44564,2025-04-16 05:00:00,0.29,0.44369298219680786,512,-0.15369298219680788
44565,2025-04-16 05:15:00,0.29,0.39138680696487427,512,-0.10138680696487429
44566,2025-04-16 05:30:00,0.27,0.3946189880371094,512,-0.12461898803710936
44567,2025-04-16 05:45:00,0.26,0.37465980648994446,512,-0.11465980648994445
44568,2025-04-16 06:00:00,0.26,0.3450745940208435,512,-0.0850745940208435
44569,2025-04-16 06:15:00,0.3,0.33532676100730896,512,-0.03532676100730897
44570,2025-04-16 06:30:00,0.3,0.4172784090042114,512,-0.11727840900421144
44571,2025-04-16 06:45:00,0.3,0.4448813796043396,512,-0.1448813796043396
44572,2025-04-16 07:00:00,0.26,0.42385655641555786,512,-0.16385655641555785
44573,2025-04-16 07:15:00,0.45,0.3945010304450989,512,0.055498969554901134
44574,2025-04-16 07:30:00,0.48,0.5886905193328857,512,-0.10869051933288576
44575,2025-04-16 07:45:00,3.15,0.6292037963867188,512,2.520796203613281
44576,2025-04-16 08:00:00,0.28,2.3223698139190674,512,-2.042369813919067
44577,2025-04-16 08:15:00,0.6,0.2635595500469208,512,0.3364404499530792
44578,2025-04-16 08:30:00,1.38,0.4824667274951935,512,0.8975332725048064
44579,2025-04-16 08:45:00,1.39,1.169240951538086,512,0.22075904846191396
44580,2025-04-16 09:00:00,0.66,1.270263910293579,512,-0.6102639102935791
44581,2025-04-16 09:15:00,2.62,0.7164283990859985,512,1.9035716009140016
44582,2025-04-16 09:30:00,0.68,2.0461246967315674,512,-1.3661246967315672
44583,2025-04-16 09:45:00,2.07,0.6499576568603516,512,1.4200423431396483
44584,2025-04-16 10:00:00,2.58,1.6018455028533936,512,0.9781544971466065
44585,2025-04-16 10:15:00,0.41,1.9900221824645996,512,-1.5800221824645997
44586,2025-04-16 10:30:00,0.42,0.7626531720161438,512,-0.3426531720161438
44587,2025-04-16 10:45:00,1.81,0.7531708478927612,512,1.0568291521072388
44588,2025-04-16 11:00:00,1.86,1.5427875518798828,512,0.3172124481201173
44589,2025-04-16 11:15:00,3.35,1.728952407836914,512,1.621047592163086
44590,2025-04-16 11:30:00,2.79,2.6426596641540527,512,0.1473403358459473
44591,2025-04-16 11:45:00,2.54,2.324573040008545,512,0.2154269599914551
44592,2025-04-16 12:00:00,2.56,2.2924957275390625,512,0.26750427246093755
44593,2025-04-16 12:15:00,2.67,2.3598575592041016,512,0.31014244079589837
44594,2025-04-16 12:30:00,2.87,2.43626070022583,512,0.43373929977417003
44595,2025-04-16 12:45:00,4.73,2.641728401184082,512,2.0882715988159184
44596,2025-04-16 13:00:00,4.21,3.8022241592407227,512,0.4077758407592773
44597,2025-04-16 13:15:00,4.38,3.2524056434631348,512,1.1275943565368651
44598,2025-04-16 13:30:00,2.94,3.48873233795166,512,-0.5487323379516602
44599,2025-04-16 13:45:00,3.13,2.53806209564209,512,0.59193790435791
44600,2025-04-16 14:00:00,2.54,2.614995241165161,512,-0.0749952411651611
44601,2025-04-16 14:15:00,0.22,2.1732492446899414,512,-1.9532492446899414
44602,2025-04-16 14:30:00,0.24,0.5382447242736816,512,-0.29824472427368165
44603,2025-04-16 14:45:00,0.29,0.49423694610595703,512,-0.20423694610595705
44604,2025-04-16 15:00:00,0.58,0.36439037322998047,512,0.2156096267700195
44605,2025-04-16 15:15:00,0.94,0.5484160780906677,512,0.3915839219093322
44606,2025-04-16 15:30:00,0.3,0.7275981307029724,512,-0.4275981307029724
44607,2025-04-16 15:45:00,0.35,0.45876383781433105,512,-0.10876383781433108
44608,2025-04-16 16:00:00,0.36,0.4259486794471741,512,-0.06594867944717409
44609,2025-04-16 16:15:00,0.35,0.39986294507980347,512,-0.04986294507980349
44610,2025-04-16 16:30:00,0.28,0.35247886180877686,512,-0.07247886180877683
44611,2025-04-16 16:45:00,0.23,0.3197038173675537,512,-0.0897038173675537
44612,2025-04-16 17:00:00,0.23,0.2903316020965576,512,-0.06033160209655761
44613,2025-04-16 17:15:00,0.23,0.22456198930740356,512,0.0054380106925964455
44614,2025-04-16 17:30:00,0.22,0.25223392248153687,512,-0.032233922481536864
44615,2025-04-16 17:45:00,0.21,0.2633744478225708,512,-0.05337444782257081
44616,2025-04-16 18:00:00,0.23,0.2702815532684326,512,-0.04028155326843261
44617,2025-04-16 18:15:00,0.33,0.2869758605957031,512,0.04302413940429689
44618,2025-04-16 18:30:00,0.45,0.349812388420105,512,0.10018761157989503
44619,2025-04-16 18:45:00,1.69,0.476401150226593,512,1.213598849773407
44620,2025-04-16 19:00:00,1.34,1.1705461740493774,512,0.16945382595062264
44621,2025-04-16 19:15:00,0.69,1.0418328046798706,512,-0.35183280467987066
44622,2025-04-16 19:30:00,1.16,0.790223240852356,512,0.36977675914764396
44623,2025-04-16 19:45:00,0.73,1.1653228998184204,512,-0.43532289981842043
44624,2025-04-16 20:00:00,2.31,0.7779392600059509,512,1.5320607399940491
44625,2025-04-16 20:15:00,2.15,1.7617087364196777,512,0.3882912635803222
44626,2025-04-16 20:30:00,1.34,1.8363873958587646,512,-0.49638739585876457
44627,2025-04-16 20:45:00,1.36,1.3349802494049072,512,0.02501975059509287
44628,2025-04-16 21:00:00,0.58,1.3134605884552002,512,-0.7334605884552002
44629,2025-04-16 21:15:00,0.62,0.7317153811454773,512,-0.1117153811454773
44630,2025-04-16 21:30:00,0.94,0.741729199886322,512,0.19827080011367793
44631,2025-04-16 21:45:00,1.24,0.9195088744163513,512,0.3204911255836487
44632,2025-04-16 22:00:00,0.61,1.040501356124878,512,-0.43050135612487794
44633,2025-04-16 22:15:00,1.26,0.6550694108009338,512,0.6049305891990662
44634,2025-04-16 22:30:00,1.46,1.0313712358474731,512,0.4286287641525268
44635,2025-04-16 22:45:00,1.48,1.0916465520858765,512,0.3883534479141235
44636,2025-04-16 23:00:00,1.11,1.1107282638549805,512,-0.000728263854980371
44637,2025-04-16 23:15:00,0.22,0.9534763097763062,512,-0.7334763097763062
44638,2025-04-16 23:30:00,0.23,0.43299949169158936,512,-0.20299949169158935
44639,2025-04-16 23:45:00,0.25,0.38344478607177734,512,-0.13344478607177734
44640,2025-04-17 00:00:00,0.25,0.3733556270599365,512,-0.12335562705993652
44641,2025-04-17 00:15:00,0.28,0.318689227104187,512,-0.038689227104186985
44642,2025-04-17 00:30:00,0.26,0.30802667140960693,512,-0.048026671409606925
44643,2025-04-17 00:45:00,0.29,0.30686089396476746,512,-0.016860893964767476
44644,2025-04-17 01:00:00,0.26,0.3075874149799347,512,-0.047587414979934684
44645,2025-04-17 01:15:00,0.24,0.22405245900154114,512,0.015947540998458853
44646,2025-04-17 01:30:00,0.22,0.26636382937431335,512,-0.04636382937431335
44647,2025-04-17 01:45:00,0.23,0.2715466320514679,512,-0.041546632051467886
44648,2025-04-17 02:00:00,0.24,0.25469157099723816,512,-0.014691570997238168
44649,2025-04-17 02:15:00,0.28,0.27030423283576965,512,0.009695767164230373
44650,2025-04-17 02:30:00,0.3,0.2886146306991577,512,0.011385369300842274
44651,2025-04-17 02:45:00,0.35,0.3437911868095398,512,0.006208813190460183
44652,2025-04-17 03:00:00,0.97,0.4163416624069214,512,0.5536583375930786
44653,2025-04-17 03:15:00,0.99,0.8690335750579834,512,0.12096642494201659
44654,2025-04-17 03:30:00,0.29,0.9019919633865356,512,-0.6119919633865356
44655,2025-04-17 03:45:00,1.6,0.4278532862663269,512,1.1721467137336732
44656,2025-04-17 04:00:00,0.96,1.2010611295700073,512,-0.24106112957000736
44657,2025-04-17 04:15:00,0.32,0.835501492023468,512,-0.515501492023468
44658,2025-04-17 04:30:00,0.28,0.4658395051956177,512,-0.18583950519561765
44659,2025-04-17 04:45:00,1.7,0.42707860469818115,512,1.2729213953018188
44660,2025-04-17 05:00:00,1.69,1.2620922327041626,512,0.42790776729583735
44661,2025-04-17 05:15:00,2.45,1.3120123147964478,512,1.1379876852035524
44662,2025-04-17 05:30:00,0.28,1.7473729848861694,512,-1.4673729848861694
44663,2025-04-17 05:45:00,0.96,0.4825660288333893,512,0.4774339711666107
44664,2025-04-17 06:00:00,0.31,0.8233789205551147,512,-0.5133789205551147
44665,2025-04-17 06:15:00,0.35,0.4834918975830078,512,-0.13349189758300783
44666,2025-04-17 06:30:00,0.49,0.5118365287780762,512,-0.02183652877807618
44667,2025-04-17 06:45:00,0.54,0.6014038324356079,512,-0.061403832435607875
44668,2025-04-17 07:00:00,0.45,0.6871355175971985,512,-0.23713551759719848
44669,2025-04-17 07:15:00,0.52,0.6644923686981201,512,-0.1444923686981201
44670,2025-04-17 07:30:00,1.12,0.7533732056617737,512,0.3666267943382264
44671,2025-04-17 07:45:00,1.4,1.147464394569397,512,0.25253560543060294
44672,2025-04-17 08:00:00,2.73,1.3195555210113525,512,1.4104444789886474
44673,2025-04-17 08:15:00,2.14,2.191617488861084,512,-0.05161748886108386
44674,2025-04-17 08:30:00,2.98,1.9052541255950928,512,1.0747458744049072
44675,2025-04-17 08:45:00,1.34,2.4414587020874023,512,-1.1014587020874023
44676,2025-04-17 09:00:00,1.15,1.575210690498352,512,-0.42521069049835214
44677,2025-04-17 09:15:00,1.76,1.2602331638336182,512,0.49976683616638184
44678,2025-04-17 09:30:00,1.91,1.7604222297668457,512,0.14957777023315422
44679,2025-04-17 09:45:00,2.56,2.0283522605895996,512,0.5316477394104004
44680,2025-04-17 10:00:00,1.5,2.408498764038086,512,-0.9084987640380859
44681,2025-04-17 10:15:00,1.97,1.6340408325195312,512,0.3359591674804687
44682,2025-04-17 10:30:00,1.88,1.946158528327942,512,-0.066158528327942
44683,2025-04-17 10:45:00,2.21,1.9602787494659424,512,0.24972125053405758
44684,2025-04-17 11:00:00,2.35,2.1950857639312744,512,0.15491423606872567
44685,2025-04-17 11:15:00,3.53,2.3198201656341553,512,1.2101798343658445
44686,2025-04-17 11:30:00,3.48,2.856874942779541,512,0.623125057220459
44687,2025-04-17 11:45:00,3.94,2.8620638847351074,512,1.0779361152648925
44688,2025-04-17 12:00:00,2.96,3.1585168838500977,512,-0.1985168838500977
44689,2025-04-17 12:15:00,2.57,2.68475341796875,512,-0.11475341796875016
44690,2025-04-17 12:30:00,2.82,2.5723607540130615,512,0.24763924598693832
44691,2025-04-17 12:45:00,2.85,2.83726167678833,512,0.01273832321167001
44692,2025-04-17 13:00:00,2.92,2.763819932937622,512,0.15618006706237786
44693,2025-04-17 13:15:00,3.06,2.7699315547943115,512,0.29006844520568853
44694,2025-04-17 13:30:00,0.52,2.9453067779541016,512,-2.4253067779541015
44695,2025-04-17 13:45:00,0.19,0.45043468475341797,512,-0.26043468475341797
44696,2025-04-17 14:00:00,0.24,0.20653510093688965,512,0.03346489906311034
44697,2025-04-17 14:15:00,2.01,0.2709949016571045,512,1.7390050983428953
44698,2025-04-17 14:30:00,0.23,1.7171692848205566,512,-1.4871692848205567
44699,2025-04-17 14:45:00,0.22,0.5521748065948486,512,-0.33217480659484866
44700,2025-04-17 15:00:00,0.22,0.43534326553344727,512,-0.21534326553344726
44701,2025-04-17 15:15:00,0.22,0.42833542823791504,512,-0.20833542823791504
44702,2025-04-17 15:30:00,0.2,0.4110424518585205,512,-0.2110424518585205
44703,2025-04-17 15:45:00,0.19,0.3826935291290283,512,-0.19269352912902832
44704,2025-04-17 16:00:00,0.2,0.34346604347229004,512,-0.14346604347229003
44705,2025-04-17 16:15:00,0.24,0.3288390636444092,512,-0.08883906364440919
44706,2025-04-17 16:30:00,0.24,0.32530879974365234,512,-0.08530879974365235
44707,2025-04-17 16:45:00,0.24,0.3509395122528076,512,-0.11093951225280763
44708,2025-04-17 17:00:00,0.23,0.336745023727417,512,-0.10674502372741698
44709,2025-04-17 17:15:00,0.23,0.36500024795532227,512,-0.13500024795532226
44710,2025-04-17 17:30:00,0.2,0.3175480365753174,512,-0.11754803657531737
44711,2025-04-17 17:45:00,0.2,0.3196067810058594,512,-0.11960678100585936
44712,2025-04-17 18:00:00,0.21,0.2860448360443115,512,-0.07604483604431153
44713,2025-04-17 18:15:00,0.25,0.30398058891296387,512,-0.05398058891296387
44714,2025-04-17 18:30:00,0.25,0.3437323570251465,512,-0.09373235702514648
44715,2025-04-17 18:45:00,0.24,0.372586727142334,512,-0.132586727142334
44716,2025-04-17 19:00:00,0.23,0.3540313243865967,512,-0.12403132438659667
44717,2025-04-17 19:15:00,0.23,0.3140120506286621,512,-0.0840120506286621
44718,2025-04-17 19:30:00,0.24,0.34188055992126465,512,-0.10188055992126466
44719,2025-04-17 19:45:00,0.25,0.38131260871887207,512,-0.13131260871887207
44720,2025-04-17 20:00:00,0.26,0.39312589168548584,512,-0.13312589168548583
44721,2025-04-17 20:15:00,0.29,0.390749454498291,512,-0.10074945449829104
44722,2025-04-17 20:30:00,0.29,0.37822675704956055,512,-0.08822675704956057
44723,2025-04-17 20:45:00,0.28,0.3655548095703125,512,-0.08555480957031247
44724,2025-04-17 21:00:00,0.28,0.4014347791671753,512,-0.12143477916717527
44725,2025-04-17 21:15:00,0.27,0.3922581672668457,512,-0.12225816726684569
44726,2025-04-17 21:30:00,0.25,0.36572492122650146,512,-0.11572492122650146
44727,2025-04-17 21:45:00,0.25,0.3631480932235718,512,-0.11314809322357178
44728,2025-04-17 22:00:00,0.27,0.35427260398864746,512,-0.08427260398864744
44729,2025-04-17 22:15:00,0.3,0.3756217956542969,512,-0.07562179565429689
44730,2025-04-17 22:30:00,0.3,0.3997284173965454,512,-0.09972841739654542
44731,2025-04-17 22:45:00,0.3,0.37408822774887085,512,-0.07408822774887086
44732,2025-04-17 23:00:00,0.29,0.34834861755371094,512,-0.05834861755371096
44733,2025-04-17 23:15:00,0.29,0.329517662525177,512,-0.03951766252517702
44734,2025-04-17 23:30:00,0.26,0.3290720582008362,512,-0.06907205820083617
44735,2025-04-17 23:45:00,0.26,0.31674450635910034,512,-0.05674450635910033
44736,2025-04-18 00:00:00,0.28,0.32908353209495544,512,-0.04908353209495542
44737,2025-04-18 00:15:00,0.31,0.3374229669570923,512,-0.027422966957092287
44738,2025-04-18 00:30:00,0.3,0.3605974018573761,512,-0.06059740185737611
44739,2025-04-18 00:45:00,0.3,0.37632209062576294,512,-0.07632209062576295
44740,2025-04-18 01:00:00,0.29,0.3787466287612915,512,-0.08874662876129152
44741,2025-04-18 01:15:00,0.29,0.37024977803230286,512,-0.08024977803230288
44742,2025-04-18 01:30:00,0.26,0.3480026423931122,512,-0.08800264239311217
44743,2025-04-18 01:45:00,0.26,0.32855024933815,512,-0.06855024933815002
44744,2025-04-18 02:00:00,0.27,0.32854095101356506,512,-0.058540951013565046
44745,2025-04-18 02:15:00,0.3,0.31431758403778076,512,-0.014317584037780773
44746,2025-04-18 02:30:00,0.3,0.3483906090259552,512,-0.04839060902595521
44747,2025-04-18 02:45:00,0.3,0.3444712162017822,512,-0.04447121620178224
44748,2025-04-18 03:00:00,0.29,0.3309425115585327,512,-0.040942511558532735
44749,2025-04-18 03:15:00,0.29,0.315425306558609,512,-0.02542530655860903
44750,2025-04-18 03:30:00,0.26,0.3110752999782562,512,-0.05107529997825622
44751,2025-04-18 03:45:00,0.26,0.2971109449863434,512,-0.037110944986343375
44752,2025-04-18 04:00:00,0.29,0.2872381806373596,512,0.002761819362640361
44753,2025-04-18 04:15:00,0.3,0.31655973196029663,512,-0.016559731960296642
44754,2025-04-18 04:30:00,0.3,0.3291338384151459,512,-0.029133838415145885
44755,2025-04-18 04:45:00,0.29,0.34023144841194153,512,-0.05023144841194155
44756,2025-04-18 05:00:00,0.29,0.30975836515426636,512,-0.019758365154266377
44757,2025-04-18 05:15:00,0.28,0.3167913556098938,512,-0.03679135560989377
44758,2025-04-18 05:30:00,0.26,0.30149438977241516,512,-0.04149438977241515
44759,2025-04-18 05:45:00,0.26,0.2908630073070526,512,-0.030863007307052603
44760,2025-04-18 06:00:00,0.28,0.2842959761619568,512,-0.0042959761619567605
44761,2025-04-18 06:15:00,0.3,0.3097977638244629,512,-0.009797763824462902
44762,2025-04-18 06:30:00,0.29,0.31604745984077454,512,-0.026047459840774556
44763,2025-04-18 06:45:00,0.96,0.2900993525981903,512,0.6699006474018097
44764,2025-04-18 07:00:00,4.25,0.7702795267105103,512,3.4797204732894897
44765,2025-04-18 07:15:00,1.66,2.8515703678131104,512,-1.1915703678131104
44766,2025-04-18 07:30:00,1.81,1.0596483945846558,512,0.7503516054153443
44767,2025-04-18 07:45:00,2.26,1.5998011827468872,512,0.6601988172531126
44768,2025-04-18 08:00:00,3.31,1.5123076438903809,512,1.7976923561096192
44769,2025-04-18 08:15:00,3.56,2.301503896713257,512,1.2584961032867432
44770,2025-04-18 08:30:00,1.34,2.2430503368377686,512,-0.9030503368377685
44771,2025-04-18 08:45:00,2.24,1.283879280090332,512,0.9561207199096682
44772,2025-04-18 09:00:00,1.67,1.8947210311889648,512,-0.22472103118896491
44773,2025-04-18 09:15:00,1.56,1.8023786544799805,512,-0.24237865447998042
44774,2025-04-18 09:30:00,1.43,1.7597734928131104,512,-0.3297734928131104
44775,2025-04-18 09:45:00,0.46,1.6918094158172607,512,-1.2318094158172608
44776,2025-04-18 10:00:00,0.32,0.8820658922195435,512,-0.5620658922195434
44777,2025-04-18 10:15:00,0.24,0.6274726390838623,512,-0.3874726390838623
44778,2025-04-18 10:30:00,0.43,0.45311591029167175,512,-0.02311591029167176
44779,2025-04-18 10:45:00,1.76,0.6670253276824951,512,1.092974672317505
44780,2025-04-18 11:00:00,1.87,1.8921401500701904,512,-0.022140150070190323
44781,2025-04-18 11:15:00,1.92,2.1648030281066895,512,-0.24480302810668952
44782,2025-04-18 11:30:00,2.09,2.1095163822174072,512,-0.01951638221740737
44783,2025-04-18 11:45:00,2.42,2.198307752609253,512,0.221692247390747
44784,2025-04-18 12:00:00,2.26,2.3104143142700195,512,-0.050414314270019744
44785,2025-04-18 12:15:00,2.06,2.1841399669647217,512,-0.12413996696472163
44786,2025-04-18 12:30:00,1.99,2.0156755447387695,512,-0.02567554473876954
44787,2025-04-18 12:45:00,3.08,1.8937959671020508,512,1.1862040328979493
44788,2025-04-18 13:00:00,4.74,2.582463264465332,512,2.157536735534668
44789,2025-04-18 13:15:00,3.39,3.2084622383117676,512,0.18153776168823255
44790,2025-04-18 13:30:00,5.41,2.043637275695801,512,3.3663627243041994
44791,2025-04-18 13:45:00,5.41,3.483018398284912,512,1.926981601715088
44792,2025-04-18 14:00:00,5.41,3.575218439102173,512,1.8347815608978273
44793,2025-04-18 14:15:00,5.08,4.025145530700684,512,1.0548544692993165
44794,2025-04-18 14:30:00,5.11,3.5831871032714844,512,1.526812896728516
44795,2025-04-18 14:45:00,5.09,4.266469955444336,512,0.8235300445556639
44796,2025-04-18 15:00:00,5.02,4.565254211425781,512,0.4547457885742183
44797,2025-04-18 15:15:00,4.9,4.733623027801514,512,0.16637697219848668
44798,2025-04-18 15:30:00,3.91,4.4606547355651855,512,-0.5506547355651854
44799,2025-04-18 15:45:00,4.52,3.091660261154175,512,1.4283397388458248
44800,2025-04-18 16:00:00,2.2,4.056780815124512,512,-1.8567808151245115
44801,2025-04-18 16:15:00,1.5,1.645001769065857,512,-0.14500176906585693
44802,2025-04-18 16:30:00,1.6,1.2711801528930664,512,0.3288198471069337
44803,2025-04-18 16:45:00,2.17,1.3990159034729004,512,0.7709840965270995
44804,2025-04-18 17:00:00,1.1,1.897441029548645,512,-0.7974410295486449
44805,2025-04-18 17:15:00,0.87,1.0832165479660034,512,-0.21321654796600342
44806,2025-04-18 17:30:00,1.09,0.8273952007293701,512,0.26260479927062996
44807,2025-04-18 17:45:00,0.94,1.0170142650604248,512,-0.07701426506042486
44808,2025-04-18 18:00:00,0.7,0.9231580495834351,512,-0.2231580495834351
44809,2025-04-18 18:15:00,0.59,0.7387522459030151,512,-0.14875224590301517
44810,2025-04-18 18:30:00,0.44,0.6571618318557739,512,-0.21716183185577392
44811,2025-04-18 18:45:00,0.43,0.5124602317810059,512,-0.08246023178100587
44812,2025-04-18 19:00:00,0.27,0.4757251739501953,512,-0.2057251739501953
44813,2025-04-18 19:15:00,0.22,0.3317223787307739,512,-0.11172237873077392
44814,2025-04-18 19:30:00,0.2,0.3220006823539734,512,-0.12200068235397338
44815,2025-04-18 19:45:00,0.22,0.323641836643219,512,-0.10364183664321899
44816,2025-04-18 20:00:00,0.29,0.3743516206741333,512,-0.08435162067413332
44817,2025-04-18 20:15:00,0.25,0.41263043880462646,512,-0.16263043880462646
44818,2025-04-18 20:30:00,0.29,0.3692547082901001,512,-0.07925470829010012
44819,2025-04-18 20:45:00,0.3,0.37578725814819336,512,-0.07578725814819337
44820,2025-04-18 21:00:00,0.3,0.39188551902770996,512,-0.09188551902770997
44821,2025-04-18 21:15:00,0.29,0.41564062237739563,512,-0.12564062237739565
44822,2025-04-18 21:30:00,0.28,0.4000207781791687,512,-0.12002077817916867
44823,2025-04-18 21:45:00,0.25,0.3981366753578186,512,-0.1481366753578186
44824,2025-04-18 22:00:00,0.25,0.3715801239013672,512,-0.12158012390136719
44825,2025-04-18 22:15:00,0.29,0.3682680130004883,512,-0.0782680130004883
44826,2025-04-18 22:30:00,0.27,0.3724249005317688,512,-0.10242490053176878
44827,2025-04-18 22:45:00,0.29,0.3748147487640381,512,-0.0848147487640381
44828,2025-04-18 23:00:00,0.3,0.36334699392318726,512,-0.06334699392318727
44829,2025-04-18 23:15:00,0.29,0.3682730793952942,512,-0.07827307939529421
44830,2025-04-18 23:30:00,0.28,0.37161552906036377,512,-0.09161552906036374
44831,2025-04-18 23:45:00,0.27,0.39004218578338623,512,-0.12004218578338621
44832,2025-04-19 00:00:00,0.26,0.38711607456207275,512,-0.12711607456207275
44833,2025-04-19 00:15:00,0.24,0.3589438199996948,512,-0.11894381999969483
44834,2025-04-19 00:30:00,0.27,0.3178183436393738,512,-0.04781834363937376
44835,2025-04-19 00:45:00,0.27,0.32373130321502686,512,-0.05373130321502684
44836,2025-04-19 01:00:00,0.29,0.32246726751327515,512,-0.032467267513275166
44837,2025-04-19 01:15:00,0.28,0.3560137152671814,512,-0.07601371526718137
44838,2025-04-19 01:30:00,0.27,0.3535847067832947,512,-0.08358470678329466
44839,2025-04-19 01:45:00,0.27,0.34835243225097656,512,-0.07835243225097654
44840,2025-04-19 02:00:00,0.26,0.3563268184661865,512,-0.09632681846618651
44841,2025-04-19 02:15:00,0.25,0.339725136756897,512,-0.08972513675689697
44842,2025-04-19 02:30:00,0.24,0.3245479464530945,512,-0.08454794645309449
44843,2025-04-19 02:45:00,0.26,0.308472216129303,512,-0.04847221612930297
44844,2025-04-19 03:00:00,0.28,0.3657822608947754,512,-0.08578226089477536
44845,2025-04-19 03:15:00,0.28,0.3893166780471802,512,-0.10931667804718015
44846,2025-04-19 03:30:00,0.28,0.384522020816803,512,-0.10452202081680295
44847,2025-04-19 03:45:00,0.27,0.3792625069618225,512,-0.10926250696182249
44848,2025-04-19 04:00:00,0.27,0.3155946135520935,512,-0.04559461355209349
44849,2025-04-19 04:15:00,0.25,0.296967089176178,512,-0.04696708917617798
44850,2025-04-19 04:30:00,0.25,0.28535354137420654,512,-0.03535354137420654
44851,2025-04-19 04:45:00,0.26,0.28504258394241333,512,-0.02504258394241332
44852,2025-04-19 05:00:00,0.28,0.3089325428009033,512,-0.028932542800903294
44853,2025-04-19 05:15:00,0.29,0.3476114273071289,512,-0.057611427307128926
44854,2025-04-19 05:30:00,0.28,0.38071906566619873,512,-0.1007190656661987
44855,2025-04-19 05:45:00,0.28,0.3528115153312683,512,-0.07281151533126828
44856,2025-04-19 06:00:00,0.27,0.34666433930397034,512,-0.07666433930397032
44857,2025-04-19 06:15:00,0.26,0.3208801746368408,512,-0.06088017463684081
44858,2025-04-19 06:30:00,0.24,0.318086713552475,512,-0.07808671355247498
44859,2025-04-19 06:45:00,0.24,0.2745698094367981,512,-0.034569809436798105
44860,2025-04-19 07:00:00,0.22,0.31521138548851013,512,-0.09521138548851013
44861,2025-04-19 07:15:00,0.23,0.2777540385723114,512,-0.04775403857231139
44862,2025-04-19 07:30:00,0.23,0.35160014033317566,512,-0.12160014033317565
44863,2025-04-19 07:45:00,0.23,0.38375651836395264,512,-0.15375651836395263
44864,2025-04-19 08:00:00,0.22,0.34573590755462646,512,-0.12573590755462646
44865,2025-04-19 08:15:00,0.21,0.3203160762786865,512,-0.11031607627868653
44866,2025-04-19 08:30:00,0.19,0.2714204788208008,512,-0.08142047882080078
44867,2025-04-19 08:45:00,0.19,0.22966304421424866,512,-0.039663044214248655
44868,2025-04-19 09:00:00,0.19,0.21563681960105896,512,-0.025636819601058958
44869,2025-04-19 09:15:00,0.22,0.23194396495819092,512,-0.011943964958190917
44870,2025-04-19 09:30:00,0.23,0.3013762831687927,512,-0.07137628316879271
44871,2025-04-19 09:45:00,0.99,0.3884098529815674,512,0.6015901470184326
44872,2025-04-19 10:00:00,1.12,1.3301961421966553,512,-0.21019614219665517
44873,2025-04-19 10:15:00,1.08,1.3575273752212524,512,-0.27752737522125237
44874,2025-04-19 10:30:00,0.88,1.3564562797546387,512,-0.47645627975463867
44875,2025-04-19 10:45:00,1.74,1.2935292720794678,512,0.4464707279205322
44876,2025-04-19 11:00:00,2.4,2.031498908996582,512,0.3685010910034179
44877,2025-04-19 11:15:00,2.19,2.501971483230591,512,-0.3119714832305909
44878,2025-04-19 11:30:00,2.67,2.3489484786987305,512,0.32105152130126946
44879,2025-04-19 11:45:00,3.1,2.719822883605957,512,0.38017711639404306
44880,2025-04-19 12:00:00,2.76,3.1917829513549805,512,-0.4317829513549807
44881,2025-04-19 12:15:00,2.71,2.9079906940460205,512,-0.19799069404602054
44882,2025-04-19 12:30:00,2.28,2.929053783416748,512,-0.6490537834167482
44883,2025-04-19 12:45:00,1.49,2.422354221343994,512,-0.9323542213439941
44884,2025-04-19 13:00:00,0.18,1.5883349180221558,512,-1.4083349180221558
44885,2025-04-19 13:15:00,0.19,0.2979527711868286,512,-0.10795277118682861
44886,2025-04-19 13:30:00,0.21,0.15942049026489258,512,0.050579509735107414
44887,2025-04-19 13:45:00,0.22,0.23649370670318604,512,-0.016493706703186034
44888,2025-04-19 14:00:00,0.22,0.28596997261047363,512,-0.06596997261047363
44889,2025-04-19 14:15:00,0.21,0.32032978534698486,512,-0.11032978534698487
44890,2025-04-19 14:30:00,0.22,0.30041027069091797,512,-0.08041027069091797
44891,2025-04-19 14:45:00,0.2,0.29174840450286865,512,-0.09174840450286864
44892,2025-04-19 15:00:00,0.22,0.31130123138427734,512,-0.09130123138427734
44893,2025-04-19 15:15:00,0.18,0.322434663772583,512,-0.14243466377258301
44894,2025-04-19 15:30:00,0.2,0.270527720451355,512,-0.07052772045135497
44895,2025-04-19 15:45:00,0.22,0.2889130115509033,512,-0.06891301155090332
44896,2025-04-19 16:00:00,0.22,0.267045259475708,512,-0.04704525947570801
44897,2025-04-19 16:15:00,0.22,0.2607102394104004,512,-0.04071023941040039
44898,2025-04-19 16:30:00,0.21,0.2311568260192871,512,-0.021156826019287117
44899,2025-04-19 16:45:00,0.21,0.24108505249023438,512,-0.031085052490234383
44900,2025-04-19 17:00:00,0.17,0.2190784215927124,512,-0.04907842159271239
44901,2025-04-19 17:15:00,0.19,0.18558919429779053,512,0.004410805702209475
44902,2025-04-19 17:30:00,0.19,0.19537246227264404,512,-0.005372462272644041
44903,2025-04-19 17:45:00,0.22,0.18226444721221924,512,0.03773555278778076
44904,2025-04-19 18:00:00,0.23,0.21743786334991455,512,0.01256213665008546
44905,2025-04-19 18:15:00,0.23,0.23503375053405762,512,-0.005033750534057607
44906,2025-04-19 18:30:00,0.22,0.25050556659698486,512,-0.030505566596984862
44907,2025-04-19 18:45:00,0.22,0.2503383159637451,512,-0.030338315963745116
44908,2025-04-19 19:00:00,0.2,0.23615533113479614,512,-0.03615533113479613
44909,2025-04-19 19:15:00,0.19,0.22215932607650757,512,-0.032159326076507566
44910,2025-04-19 19:30:00,0.19,0.2243594527244568,512,-0.034359452724456785
44911,2025-04-19 19:45:00,0.21,0.22523021697998047,512,-0.015230216979980477
44912,2025-04-19 20:00:00,0.26,0.250529944896698,512,0.00947005510330201
44913,2025-04-19 20:15:00,0.3,0.295738160610199,512,0.004261839389801014
44914,2025-04-19 20:30:00,0.3,0.3285170793533325,512,-0.02851707935333253
44915,2025-04-19 20:45:00,0.29,0.3429289162158966,512,-0.052928916215896626
44916,2025-04-19 21:00:00,0.29,0.3153822422027588,512,-0.02538224220275881
44917,2025-04-19 21:15:00,0.26,0.3220466375350952,512,-0.062046637535095206
44918,2025-04-19 21:30:00,0.26,0.3042074739933014,512,-0.04420747399330138
44919,2025-04-19 21:45:00,0.28,0.3064190149307251,512,-0.02641901493072507
44920,2025-04-19 22:00:00,0.29,0.3253724277019501,512,-0.03537242770195009
44921,2025-04-19 22:15:00,0.27,0.32621487975120544,512,-0.05621487975120543
44922,2025-04-19 22:30:00,0.27,0.3056546449661255,512,-0.03565464496612547
44923,2025-04-19 22:45:00,0.26,0.30265629291534424,512,-0.04265629291534423
44924,2025-04-19 23:00:00,0.26,0.2878108024597168,512,-0.027810802459716788
44925,2025-04-19 23:15:00,0.24,0.2797654867172241,512,-0.03976548671722413
44926,2025-04-19 23:30:00,0.23,0.27100107073783875,512,-0.041001070737838735
44927,2025-04-19 23:45:00,0.23,0.26240241527557373,512,-0.03240241527557372
44928,2025-04-20 00:00:00,0.26,0.2601765990257263,512,-0.00017659902572630948
44929,2025-04-20 00:15:00,0.27,0.28675368428230286,512,-0.01675368428230284
44930,2025-04-20 00:30:00,0.27,0.30187904834747314,512,-0.03187904834747313
44931,2025-04-20 00:45:00,0.26,0.3111213147640228,512,-0.05112131476402282
44932,2025-04-20 01:00:00,0.26,0.3051639199256897,512,-0.04516391992568969
44933,2025-04-20 01:15:00,0.26,0.3101310133934021,512,-0.05013101339340209
44934,2025-04-20 01:30:00,0.23,0.31544288992881775,512,-0.08544288992881774
44935,2025-04-20 01:45:00,0.23,0.28197330236434937,512,-0.051973302364349355
44936,2025-04-20 02:00:00,0.24,0.27312055230140686,512,-0.03312055230140687
44937,2025-04-20 02:15:00,0.26,0.27573585510253906,512,-0.015735855102539054
44938,2025-04-20 02:30:00,0.27,0.30313441157341003,512,-0.033134411573410016
44939,2025-04-20 02:45:00,0.27,0.3396068811416626,512,-0.06960688114166258
44940,2025-04-20 03:00:00,0.26,0.34667736291885376,512,-0.08667736291885375
44941,2025-04-20 03:15:00,0.26,0.32209932804107666,512,-0.06209932804107665
44942,2025-04-20 03:30:00,0.24,0.3109939694404602,512,-0.07099396944046021
44943,2025-04-20 03:45:00,0.23,0.2798786163330078,512,-0.0498786163330078
44944,2025-04-20 04:00:00,0.23,0.257354199886322,512,-0.02735419988632201
44945,2025-04-20 04:15:00,0.25,0.2500065863132477,512,-6.586313247680664e-06
44946,2025-04-20 04:30:00,0.27,0.2888262867927551,512,-0.01882628679275511
44947,2025-04-20 04:45:00,0.27,0.3160284161567688,512,-0.04602841615676878
44948,2025-04-20 05:00:00,0.26,0.31001341342926025,512,-0.050013413429260245
44949,2025-04-20 05:15:00,0.26,0.3023985028266907,512,-0.042398502826690665
44950,2025-04-20 05:30:00,0.24,0.3094426393508911,512,-0.06944263935089112
44951,2025-04-20 05:45:00,0.23,0.28415846824645996,512,-0.05415846824645995
44952,2025-04-20 06:00:00,0.23,0.2724625766277313,512,-0.04246257662773131
44953,2025-04-20 06:15:00,0.25,0.26985251903533936,512,-0.019852519035339355
44954,2025-04-20 06:30:00,0.26,0.2802940607070923,512,-0.020294060707092276
44955,2025-04-20 06:45:00,0.25,0.28456568717956543,512,-0.03456568717956543
44956,2025-04-20 07:00:00,0.23,0.2745034694671631,512,-0.044503469467163076
44957,2025-04-20 07:15:00,0.22,0.2609570622444153,512,-0.04095706224441528
44958,2025-04-20 07:30:00,0.22,0.2583547532558441,512,-0.038354753255844115
44959,2025-04-20 07:45:00,0.2,0.26252543926239014,512,-0.06252543926239013
44960,2025-04-20 08:00:00,0.18,0.2480114996433258,512,-0.06801149964332581
44961,2025-04-20 08:15:00,0.19,0.2353428602218628,512,-0.04534286022186279
44962,2025-04-20 08:30:00,0.22,0.23158690333366394,512,-0.01158690333366394
44963,2025-04-20 08:45:00,0.23,0.26933008432388306,512,-0.03933008432388305
44964,2025-04-20 09:00:00,0.23,0.27795320749282837,512,-0.04795320749282836
44965,2025-04-20 09:15:00,0.22,0.28482332825660706,512,-0.06482332825660705
44966,2025-04-20 09:30:00,0.21,0.27507615089416504,512,-0.06507615089416505
44967,2025-04-20 09:45:00,0.2,0.2574232518672943,512,-0.0574232518672943
44968,2025-04-20 10:00:00,0.18,0.24940747022628784,512,-0.06940747022628785
44969,2025-04-20 10:15:00,0.19,0.2334500253200531,512,-0.0434500253200531
44970,2025-04-20 10:30:00,0.2,0.2416296899318695,512,-0.041629689931869496
44971,2025-04-20 10:45:00,0.22,0.25454115867614746,512,-0.03454115867614746
44972,2025-04-20 11:00:00,0.23,0.2786843180656433,512,-0.0486843180656433
44973,2025-04-20 11:15:00,0.22,0.28529393672943115,512,-0.06529393672943115
44974,2025-04-20 11:30:00,0.21,0.2821040153503418,512,-0.0721040153503418
44975,2025-04-20 11:45:00,0.21,0.26885679364204407,512,-0.058856793642044075
44976,2025-04-20 12:00:00,0.18,0.24900034070014954,512,-0.06900034070014954
44977,2025-04-20 12:15:00,0.19,0.2354925274848938,512,-0.0454925274848938
44978,2025-04-20 12:30:00,0.19,0.23833411931991577,512,-0.04833411931991577
44979,2025-04-20 12:45:00,0.22,0.24334603548049927,512,-0.023346035480499266
44980,2025-04-20 13:00:00,0.23,0.2742041349411011,512,-0.044204134941101064
44981,2025-04-20 13:15:00,0.22,0.2808074355125427,512,-0.060807435512542723
44982,2025-04-20 13:30:00,0.22,0.2772998809814453,512,-0.05729988098144531
44983,2025-04-20 13:45:00,0.21,0.27160918712615967,512,-0.061609187126159676
44984,2025-04-20 14:00:00,0.2,0.2735733985900879,512,-0.07357339859008788
44985,2025-04-20 14:15:00,0.18,0.2588924169540405,512,-0.07889241695404053
44986,2025-04-20 14:30:00,0.18,0.23656344413757324,512,-0.05656344413757325
44987,2025-04-20 14:45:00,0.21,0.23006987571716309,512,-0.020069875717163094
44988,2025-04-20 15:00:00,0.22,0.23953628540039062,512,-0.019536285400390624
44989,2025-04-20 15:15:00,0.23,0.24005484580993652,512,-0.010054845809936513
44990,2025-04-20 15:30:00,0.22,0.2431877851486206,512,-0.023187785148620604
44991,2025-04-20 15:45:00,0.22,0.24238920211791992,512,-0.02238920211791992
44992,2025-04-20 16:00:00,0.2,0.23518002033233643,512,-0.035180020332336415
44993,2025-04-20 16:15:00,0.18,0.22400248050689697,512,-0.04400248050689698
44994,2025-04-20 16:30:00,0.18,0.20550453662872314,512,-0.02550453662872315
44995,2025-04-20 16:45:00,0.2,0.21010887622833252,512,-0.010108876228332508
44996,2025-04-20 17:00:00,0.21,0.22220027446746826,512,-0.01220027446746827
44997,2025-04-20 17:15:00,0.23,0.23469245433807373,512,-0.0046924543380737205
44998,2025-04-20 17:30:00,0.23,0.24498605728149414,512,-0.01498605728149413
44999,2025-04-20 17:45:00,0.22,0.2456066608428955,512,-0.025606660842895507
45000,2025-04-20 18:00:00,0.22,0.23932576179504395,512,-0.019325761795043944
45001,2025-04-20 18:15:00,0.19,0.24174416065216064,512,-0.05174416065216064
45002,2025-04-20 18:30:00,0.19,0.2366105318069458,512,-0.0466105318069458
45003,2025-04-20 18:45:00,0.19,0.23167097568511963,512,-0.04167097568511963
45004,2025-04-20 19:00:00,0.21,0.2413463592529297,512,-0.031346359252929695
45005,2025-04-20 19:15:00,0.23,0.24997568130493164,512,-0.01997568130493163
45006,2025-04-20 19:30:00,0.23,0.2634426951408386,512,-0.03344269514083861
45007,2025-04-20 19:45:00,0.24,0.26629936695098877,512,-0.02629936695098878
45008,2025-04-20 20:00:00,0.25,0.26746535301208496,512,-0.01746535301208496
45009,2025-04-20 20:15:00,0.23,0.26641517877578735,512,-0.036415178775787344
45010,2025-04-20 20:30:00,0.22,0.2653301954269409,512,-0.04533019542694092
45011,2025-04-20 20:45:00,0.22,0.264961838722229,512,-0.044961838722229
45012,2025-04-20 21:00:00,0.25,0.27254509925842285,512,-0.02254509925842285
45013,2025-04-20 21:15:00,0.28,0.28579437732696533,512,-0.005794377326965305
45014,2025-04-20 21:30:00,0.29,0.3163960576057434,512,-0.026396057605743428
45015,2025-04-20 21:45:00,0.29,0.3144380748271942,512,-0.024438074827194234
45016,2025-04-20 22:00:00,0.27,0.3051148056983948,512,-0.03511480569839476
45017,2025-04-20 22:15:00,0.27,0.28796422481536865,512,-0.017964224815368635
45018,2025-04-20 22:30:00,0.24,0.29305505752563477,512,-0.053055057525634775
45019,2025-04-20 22:45:00,0.24,0.2745093107223511,512,-0.03450931072235108
45020,2025-04-20 23:00:00,0.24,0.26954251527786255,512,-0.029542515277862558
45021,2025-04-20 23:15:00,0.26,0.26291149854660034,512,-0.002911498546600333
45022,2025-04-20 23:30:00,0.28,0.2757173776626587,512,0.004282622337341335
45023,2025-04-20 23:45:00,0.28,0.27889788150787354,512,0.0011021184921264915
45024,2025-04-21 00:00:00,0.27,0.27736395597457886,512,-0.00736395597457884
45025,2025-04-21 00:15:00,0.27,0.27558237314224243,512,-0.005582373142242414
45026,2025-04-21 00:30:00,0.25,0.2721462547779083,512,-0.022146254777908325
45027,2025-04-21 00:45:00,0.24,0.257168173789978,512,-0.017168173789978036
45028,2025-04-21 01:00:00,0.24,0.2535783350467682,512,-0.013578335046768197
45029,2025-04-21 01:15:00,0.27,0.2521442174911499,512,0.017855782508850115
45030,2025-04-21 01:30:00,0.27,0.26207080483436584,512,0.007929195165634173
45031,2025-04-21 01:45:00,0.28,0.26495838165283203,512,0.015041618347167995
45032,2025-04-21 02:00:00,0.27,0.2787756323814392,512,-0.008775632381439191
45033,2025-04-21 02:15:00,0.27,0.2809356451034546,512,-0.010935645103454572
45034,2025-04-21 02:30:00,0.26,0.28363555669784546,512,-0.02363555669784545
45035,2025-04-21 02:45:00,0.24,0.27815908193588257,512,-0.03815908193588258
45036,2025-04-21 03:00:00,0.24,0.26753872632980347,512,-0.027538726329803476
45037,2025-04-21 03:15:00,0.26,0.26101526618003845,512,-0.0010152661800384433
45038,2025-04-21 03:30:00,0.27,0.27890127897262573,512,-0.008901278972625715
45039,2025-04-21 03:45:00,0.28,0.2855725884437561,512,-0.005572588443756077
45040,2025-04-21 04:00:00,0.28,0.294979065656662,512,-0.01497906565666196
45041,2025-04-21 04:15:00,0.27,0.29778817296028137,512,-0.027788172960281354
45042,2025-04-21 04:30:00,0.27,0.2922292947769165,512,-0.022229294776916486
45043,2025-04-21 04:45:00,0.24,0.2949109673500061,512,-0.05491096735000611
45044,2025-04-21 05:00:00,0.24,0.27615612745285034,512,-0.03615612745285035
45045,2025-04-21 05:15:00,0.25,0.2778291702270508,512,-0.02782917022705078
45046,2025-04-21 05:30:00,0.27,0.29410725831985474,512,-0.02410725831985472
45047,2025-04-21 05:45:00,0.27,0.29303961992263794,512,-0.02303961992263792
45048,2025-04-21 06:00:00,0.28,0.27766212821006775,512,0.0023378717899322776
45049,2025-04-21 06:15:00,0.27,0.2868829071521759,512,-0.016882907152175886
45050,2025-04-21 06:30:00,0.26,0.2900516390800476,512,-0.0300516390800476
45051,2025-04-21 06:45:00,0.19,0.28158289194107056,512,-0.09158289194107055
45052,2025-04-21 07:00:00,0.19,0.2392387092113495,512,-0.049238709211349485
45053,2025-04-21 07:15:00,0.19,0.2260289192199707,512,-0.0360289192199707
45054,2025-04-21 07:30:00,0.21,0.217921182513237,512,-0.007921182513237007
45055,2025-04-21 07:45:00,0.2,0.22568358480930328,512,-0.025683584809303273
45056,2025-04-21 08:00:00,0.21,0.21618697047233582,512,-0.006186970472335823
45057,2025-04-21 08:15:00,0.23,0.2286098301410675,512,0.0013901698589325051
45058,2025-04-21 08:30:00,0.21,0.24733372032642365,512,-0.03733372032642365
45059,2025-04-21 08:45:00,0.22,0.23180195689201355,512,-0.011801956892013549
45060,2025-04-21 09:00:00,0.21,0.24029651284217834,512,-0.030296512842178352
45061,2025-04-21 09:15:00,0.18,0.22928819060325623,512,-0.04928819060325623
45062,2025-04-21 09:30:00,0.18,0.21006956696510315,512,-0.030069566965103156
45063,2025-04-21 09:45:00,0.2,0.20035886764526367,512,-0.00035886764526366077
45064,2025-04-21 10:00:00,0.21,0.214827299118042,512,-0.004827299118042
45065,2025-04-21 10:15:00,0.22,0.2368408441543579,512,-0.01684084415435791
45066,2025-04-21 10:30:00,0.22,0.24172532558441162,512,-0.02172532558441162
45067,2025-04-21 10:45:00,0.19,0.24170172214508057,512,-0.051701722145080564
45068,2025-04-21 11:00:00,0.21,0.23790013790130615,512,-0.02790013790130616
45069,2025-04-21 11:15:00,0.2,0.2477407455444336,512,-0.04774074554443358
45070,2025-04-21 11:30:00,0.18,0.23763877153396606,512,-0.05763877153396607
45071,2025-04-21 11:45:00,0.18,0.22493582963943481,512,-0.04493582963943482
45072,2025-04-21 12:00:00,0.21,0.21479707956314087,512,-0.004797079563140877
45073,2025-04-21 12:15:00,0.2,0.23108834028244019,512,-0.031088340282440174
45074,2025-04-21 12:30:00,0.2,0.2255551815032959,512,-0.025555181503295887
45075,2025-04-21 12:45:00,0.29,0.22446858882904053,512,0.06553141117095945
45076,2025-04-21 13:00:00,0.25,0.28550195693969727,512,-0.035501956939697266
45077,2025-04-21 13:15:00,0.27,0.26599597930908203,512,0.0040040206909179865
45078,2025-04-21 13:30:00,0.27,0.28106069564819336,512,-0.011060695648193342
45079,2025-04-21 13:45:00,0.23,0.2800806760787964,512,-0.05008067607879638
45080,2025-04-21 14:00:00,0.23,0.2594883441925049,512,-0.029488344192504873
45081,2025-04-21 14:15:00,0.23,0.24595534801483154,512,-0.015955348014831533
45082,2025-04-21 14:30:00,0.26,0.23350465297698975,512,0.026495347023010263
45083,2025-04-21 14:45:00,0.27,0.24095380306243896,512,0.029046196937561053
45084,2025-04-21 15:00:00,0.27,0.24439525604248047,512,0.02560474395751955
45085,2025-04-21 15:15:00,0.26,0.24389708042144775,512,0.016102919578552255
45086,2025-04-21 15:30:00,0.25,0.24636340141296387,512,0.003636598587036133
45087,2025-04-21 15:45:00,0.24,0.24542462825775146,512,-0.005424628257751474
45088,2025-04-21 16:00:00,0.22,0.24639296531677246,512,-0.02639296531677246
45089,2025-04-21 16:15:00,0.26,0.23954987525939941,512,0.020450124740600595
45090,2025-04-21 16:30:00,1.14,0.2407287359237671,512,0.8992712640762328
45091,2025-04-21 16:45:00,1.15,1.1602884531021118,512,-0.010288453102111905
45092,2025-04-21 17:00:00,0.58,1.117787480354309,512,-0.5377874803543091
45093,2025-04-21 17:15:00,0.26,0.6232519149780273,512,-0.36325191497802733
45094,2025-04-21 17:30:00,0.26,0.3505905866622925,512,-0.09059058666229247
45095,2025-04-21 17:45:00,0.92,0.34018003940582275,512,0.5798199605941773
45096,2025-04-21 18:00:00,1.19,0.9058540463447571,512,0.28414595365524287
45097,2025-04-21 18:15:00,1.14,1.1253013610839844,512,0.014698638916015527
45098,2025-04-21 18:30:00,0.25,1.0978385210037231,512,-0.8478385210037231
45099,2025-04-21 18:45:00,0.26,0.40729570388793945,512,-0.14729570388793944
45100,2025-04-21 19:00:00,0.27,0.3686249256134033,512,-0.0986249256134033
45101,2025-04-21 19:15:00,1.33,0.37863779067993164,512,0.9513622093200684
45102,2025-04-21 19:30:00,1.65,0.9907865524291992,512,0.6592134475708007
45103,2025-04-21 19:45:00,0.26,1.3157379627227783,512,-1.0557379627227783
45104,2025-04-21 20:00:00,0.27,0.4922470450401306,512,-0.2222470450401306
45105,2025-04-21 20:15:00,0.3,0.41842061281204224,512,-0.11842061281204225
45106,2025-04-21 20:30:00,1.62,0.42475026845932007,512,1.19524973154068
45107,2025-04-21 20:45:00,1.69,1.0174272060394287,512,0.6725727939605712
45108,2025-04-21 21:00:00,1.74,1.273764729499817,512,0.4662352705001831
45109,2025-04-21 21:15:00,2.52,1.3683602809906006,512,1.1516397190093994
45110,2025-04-21 21:30:00,2.17,1.820220947265625,512,0.34977905273437493
45111,2025-04-21 21:45:00,2.12,1.8333916664123535,512,0.2866083335876466
45112,2025-04-21 22:00:00,2.82,1.8406038284301758,512,0.9793961715698241
45113,2025-04-21 22:15:00,2.07,2.3012495040893555,512,-0.23124950408935563
45114,2025-04-21 22:30:00,1.45,1.8410274982452393,512,-0.3910274982452393
45115,2025-04-21 22:45:00,0.59,1.3254704475402832,512,-0.7354704475402832
45116,2025-04-21 23:00:00,0.32,0.6552918553352356,512,-0.3352918553352356
45117,2025-04-21 23:15:00,0.38,0.4112389385700226,512,-0.03123893857002258
45118,2025-04-21 23:30:00,0.29,0.42989641427993774,512,-0.13989641427993776
45119,2025-04-21 23:45:00,0.31,0.39619049429893494,512,-0.08619049429893494
45120,2025-04-22 00:00:00,0.31,0.40042710304260254,512,-0.09042710304260254
45121,2025-04-22 00:15:00,0.31,0.37755098938941956,512,-0.06755098938941956
45122,2025-04-22 00:30:00,0.79,0.35479608178138733,512,0.4352039182186127
45123,2025-04-22 00:45:00,1.8,0.640142560005188,512,1.159857439994812
45124,2025-04-22 01:00:00,1.91,1.459181308746338,512,0.45081869125366203
45125,2025-04-22 01:15:00,0.26,1.6017954349517822,512,-1.3417954349517822
45126,2025-04-22 01:30:00,0.25,0.47614845633506775,512,-0.22614845633506775
45127,2025-04-22 01:45:00,0.29,0.4404522180557251,512,-0.15045221805572512
45128,2025-04-22 02:00:00,0.27,0.418321818113327,512,-0.148321818113327
45129,2025-04-22 02:15:00,0.3,0.38760533928871155,512,-0.08760533928871156
45130,2025-04-22 02:30:00,0.3,0.4043307900428772,512,-0.10433079004287721
45131,2025-04-22 02:45:00,0.3,0.37001529335975647,512,-0.07001529335975648
45132,2025-04-22 03:00:00,0.29,0.36327773332595825,512,-0.07327773332595827
45133,2025-04-22 03:15:00,0.25,0.3494393229484558,512,-0.09943932294845581
45134,2025-04-22 03:30:00,0.25,0.3196007013320923,512,-0.06960070133209229
45135,2025-04-22 03:45:00,0.3,0.3113807141780853,512,-0.011380714178085338
45136,2025-04-22 04:00:00,1.92,0.3176986873149872,512,1.6023013126850127
45137,2025-04-22 04:15:00,2.08,1.3660073280334473,512,0.7139926719665528
45138,2025-04-22 04:30:00,0.93,1.744795799255371,512,-0.814795799255371
45139,2025-04-22 04:45:00,0.3,0.8899838924407959,512,-0.5899838924407959
45140,2025-04-22 05:00:00,0.29,0.45537078380584717,512,-0.1653707838058472
45141,2025-04-22 05:15:00,0.28,0.42482447624206543,512,-0.1448244762420654
45142,2025-04-22 05:30:00,0.27,0.402950644493103,512,-0.132950644493103
45143,2025-04-22 05:45:00,0.25,0.37359821796417236,512,-0.12359821796417236
45144,2025-04-22 06:00:00,0.27,0.3190423548221588,512,-0.049042354822158796
45145,2025-04-22 06:15:00,0.26,0.32223036885261536,512,-0.06223036885261535
45146,2025-04-22 06:30:00,0.28,0.3256784677505493,512,-0.04567846775054929
45147,2025-04-22 06:45:00,0.26,0.35217544436454773,512,-0.09217544436454772
45148,2025-04-22 07:00:00,0.26,0.33455517888069153,512,-0.07455517888069152
45149,2025-04-22 07:15:00,0.25,0.30777767300605774,512,-0.05777767300605774
45150,2025-04-22 07:30:00,0.25,0.30048972368240356,512,-0.050489723682403564
45151,2025-04-22 07:45:00,0.23,0.2830808162689209,512,-0.05308081626892089
45152,2025-04-22 08:00:00,0.22,0.26019126176834106,512,-0.04019126176834106
45153,2025-04-22 08:15:00,0.21,0.2644496262073517,512,-0.05444962620735169
45154,2025-04-22 08:30:00,0.27,0.25847572088241577,512,0.011524279117584246
45155,2025-04-22 08:45:00,0.66,0.302331805229187,512,0.357668194770813
45156,2025-04-22 09:00:00,0.27,0.6237452030181885,512,-0.35374520301818846
45157,2025-04-22 09:15:00,0.47,0.3173535466194153,512,0.1526464533805847
45158,2025-04-22 09:30:00,0.58,0.4716814160346985,512,0.10831858396530147
45159,2025-04-22 09:45:00,3.98,0.571324348449707,512,3.408675651550293
45160,2025-04-22 10:00:00,2.56,3.1898393630981445,512,-0.6298393630981445
45161,2025-04-22 10:15:00,1.89,1.9933459758758545,512,-0.10334597587585459
45162,2025-04-22 10:30:00,1.8,1.825608730316162,512,-0.025608730316162065
45163,2025-04-22 10:45:00,1.94,1.8969471454620361,512,0.043052854537963814
45164,2025-04-22 11:00:00,1.91,2.029371738433838,512,-0.11937173843383797
45165,2025-04-22 11:15:00,2.79,1.9519803524017334,512,0.8380196475982666
45166,2025-04-22 11:30:00,4.65,2.8607594966888428,512,1.7892405033111576
45167,2025-04-22 11:45:00,4.75,4.506671905517578,512,0.24332809448242188
45168,2025-04-22 12:00:00,5.03,4.652596473693848,512,0.3774035263061526
45169,2025-04-22 12:15:00,5.41,5.181581974029541,512,0.22841802597045913
45170,2025-04-22 12:30:00,5.41,5.623035430908203,512,-0.21303543090820298
45171,2025-04-22 12:45:00,5.41,5.7595624923706055,512,-0.3495624923706053
45172,2025-04-22 13:00:00,5.41,5.7552385330200195,512,-0.3452385330200194
45173,2025-04-22 13:15:00,5.38,5.862641334533691,512,-0.4826413345336915
45174,2025-04-22 13:30:00,5.07,5.901461601257324,512,-0.8314616012573239
45175,2025-04-22 13:45:00,4.99,5.213533401489258,512,-0.2235334014892576
45176,2025-04-22 14:00:00,5.01,5.332278251647949,512,-0.32227825164794943
45177,2025-04-22 14:15:00,2.36,5.496836185455322,512,-3.1368361854553224
45178,2025-04-22 14:30:00,4.11,2.064575433731079,512,2.045424566268921
45179,2025-04-22 14:45:00,4.79,4.1521830558776855,512,0.6378169441223145
45180,2025-04-22 15:00:00,4.67,4.716447830200195,512,-0.046447830200195384
45181,2025-04-22 15:15:00,4.38,4.70366096496582,512,-0.3236609649658204
45182,2025-04-22 15:30:00,4.03,4.444883823394775,512,-0.41488382339477514
45183,2025-04-22 15:45:00,3.81,4.116086483001709,512,-0.30608648300170893
45184,2025-04-22 16:00:00,3.61,3.962322473526001,512,-0.3523224735260011
45185,2025-04-22 16:15:00,3.38,3.620910406112671,512,-0.240910406112671
45186,2025-04-22 16:30:00,3.12,3.332794666290283,512,-0.2127946662902831
45187,2025-04-22 16:45:00,2.77,2.993532419204712,512,-0.2235324192047119
45188,2025-04-22 17:00:00,2.28,2.418525218963623,512,-0.13852521896362324
45189,2025-04-22 17:15:00,1.46,1.8852568864822388,512,-0.4252568864822388
45190,2025-04-22 17:30:00,1.06,1.183044195175171,512,-0.12304419517517085
45191,2025-04-22 17:45:00,0.91,0.8103101253509521,512,0.09968987464904788
45192,2025-04-22 18:00:00,0.77,0.8052083253860474,512,-0.035208325386047346
45193,2025-04-22 18:15:00,0.65,0.6955846548080444,512,-0.04558465480804441
45194,2025-04-22 18:30:00,0.58,0.6049099564552307,512,-0.024909956455230753
45195,2025-04-22 18:45:00,0.53,0.5550745129585266,512,-0.025074512958526585
45196,2025-04-22 19:00:00,0.48,0.47833287715911865,512,0.00166712284088133
45197,2025-04-22 19:15:00,0.31,0.4192449450492859,512,-0.10924494504928589
45198,2025-04-22 19:30:00,0.34,0.23144662380218506,512,0.10855337619781497
45199,2025-04-22 19:45:00,0.45,0.3390715718269348,512,0.1109284281730652
45200,2025-04-22 20:00:00,2.21,0.45046430826187134,512,1.7595356917381286
45201,2025-04-22 20:15:00,2.58,2.1195015907287598,512,0.4604984092712403
45202,2025-04-22 20:30:00,0.76,2.592811107635498,512,-1.832811107635498
45203,2025-04-22 20:45:00,1.21,0.7642728686332703,512,0.4457271313667297
45204,2025-04-22 21:00:00,0.37,1.3500277996063232,512,-0.9800277996063232
45205,2025-04-22 21:15:00,1.27,0.47314003109931946,512,0.7968599689006806
45206,2025-04-22 21:30:00,2.45,1.2503477334976196,512,1.1996522665023805
45207,2025-04-22 21:45:00,0.66,2.1276848316192627,512,-1.4676848316192626
45208,2025-04-22 22:00:00,0.6,0.7649115324020386,512,-0.1649115324020386
45209,2025-04-22 22:15:00,0.64,0.8266265988349915,512,-0.18662659883499144
45210,2025-04-22 22:30:00,0.75,0.69414883852005,512,0.05585116147994995
45211,2025-04-22 22:45:00,0.78,0.7938998937606812,512,-0.013899893760681126
45212,2025-04-22 23:00:00,0.66,0.790526807308197,512,-0.130526807308197
45213,2025-04-22 23:15:00,0.46,0.6518863439559937,512,-0.19188634395599363
45214,2025-04-22 23:30:00,0.36,0.5292187929153442,512,-0.16921879291534425
45215,2025-04-22 23:45:00,0.32,0.363386332988739,512,-0.04338633298873901
45216,2025-04-23 00:00:00,0.31,0.37834760546684265,512,-0.06834760546684265
45217,2025-04-23 00:15:00,0.31,0.4052048921585083,512,-0.0952048921585083
45218,2025-04-23 00:30:00,0.31,0.2493034303188324,512,0.0606965696811676
45219,2025-04-23 00:45:00,0.33,0.3065171539783478,512,0.023482846021652237
45220,2025-04-23 01:00:00,0.33,0.2902010679244995,512,0.039798932075500504
45221,2025-04-23 01:15:00,0.32,0.3389759659767151,512,-0.01897596597671508
45222,2025-04-23 01:30:00,0.31,0.33805274963378906,512,-0.028052749633789065
45223,2025-04-23 01:45:00,0.3,0.33862435817718506,512,-0.03862435817718507
45224,2025-04-23 02:00:00,0.33,0.3394312858581543,512,-0.009431285858154281
45225,2025-04-23 02:15:00,0.35,0.3677096962928772,512,-0.01770969629287722
45226,2025-04-23 02:30:00,1.69,0.42089182138442993,512,1.26910817861557
45227,2025-04-23 02:45:00,0.39,1.1994178295135498,512,-0.8094178295135498
45228,2025-04-23 03:00:00,0.4,0.4357913136482239,512,-0.035791313648223855
45229,2025-04-23 03:15:00,2.38,0.5058013200759888,512,1.8741986799240111
45230,2025-04-23 03:30:00,0.39,1.6285537481307983,512,-1.2385537481307982
45231,2025-04-23 03:45:00,0.36,0.5358596444129944,512,-0.1758596444129944
45232,2025-04-23 04:00:00,1.0,0.47609788179397583,512,0.5239021182060242
45233,2025-04-23 04:15:00,0.34,0.6887447834014893,512,-0.34874478340148923
45234,2025-04-23 04:30:00,0.34,0.38491445779800415,512,-0.044914457798004126
45235,2025-04-23 04:45:00,0.35,0.45170509815216064,512,-0.10170509815216067
45236,2025-04-23 05:00:00,1.09,0.35616534948349,512,0.7338346505165101
45237,2025-04-23 05:15:00,0.35,0.758797824382782,512,-0.408797824382782
45238,2025-04-23 05:30:00,0.33,0.49495741724967957,512,-0.16495741724967955
45239,2025-04-23 05:45:00,0.36,0.4396911859512329,512,-0.07969118595123292
45240,2025-04-23 06:00:00,0.3,0.43360888957977295,512,-0.13360888957977296
45241,2025-04-23 06:15:00,1.84,0.3686748743057251,512,1.471325125694275
45242,2025-04-23 06:30:00,1.02,0.8857327103614807,512,0.1342672896385193
45243,2025-04-23 06:45:00,0.3,0.7351052165031433,512,-0.4351052165031433
45244,2025-04-23 07:00:00,0.29,0.47854191064834595,512,-0.18854191064834597
45245,2025-04-23 07:15:00,0.34,0.4464857578277588,512,-0.10648575782775876
45246,2025-04-23 07:30:00,0.35,0.46322134137153625,512,-0.11322134137153628
45247,2025-04-23 07:45:00,0.51,0.45350489020347595,512,0.05649510979652406
45248,2025-04-23 08:00:00,1.24,0.5890501141548157,512,0.6509498858451843
45249,2025-04-23 08:15:00,0.52,0.8735000491142273,512,-0.3535000491142273
45250,2025-04-23 08:30:00,0.5,0.6296685934066772,512,-0.12966859340667725
45251,2025-04-23 08:45:00,1.63,0.6338390111923218,512,0.9961609888076781
45252,2025-04-23 09:00:00,0.92,1.1995693445205688,512,-0.2795693445205688
45253,2025-04-23 09:15:00,0.25,0.9900831580162048,512,-0.7400831580162048
45254,2025-04-23 09:30:00,0.32,0.5345755815505981,512,-0.21457558155059814
45255,2025-04-23 09:45:00,0.25,0.4746546149253845,512,-0.22465461492538452
45256,2025-04-23 10:00:00,0.19,0.3218623399734497,512,-0.1318623399734497
45257,2025-04-23 10:15:00,0.47,0.2772030830383301,512,0.1927969169616699
45258,2025-04-23 10:30:00,0.22,0.49092191457748413,512,-0.27092191457748416
45259,2025-04-23 10:45:00,0.2,0.2918979525566101,512,-0.0918979525566101
45260,2025-04-23 11:00:00,0.2,0.2893909215927124,512,-0.08939092159271239
45261,2025-04-23 11:15:00,0.23,0.2724437713623047,512,-0.04244377136230468
45262,2025-04-23 11:30:00,0.25,0.254707396030426,512,-0.004707396030426025
45263,2025-04-23 11:45:00,0.25,0.3214603662490845,512,-0.07146036624908447
45264,2025-04-23 12:00:00,0.24,0.32258373498916626,512,-0.08258373498916627
45265,2025-04-23 12:15:00,0.23,0.2309175729751587,512,-0.0009175729751586814
45266,2025-04-23 12:30:00,0.2,0.2496488094329834,512,-0.04964880943298339
45267,2025-04-23 12:45:00,0.2,0.23725390434265137,512,-0.037253904342651356
45268,2025-04-23 13:00:00,0.22,0.2289799451828003,512,-0.008979945182800292
45269,2025-04-23 13:15:00,0.22,0.26294195652008057,512,-0.042941956520080565
45270,2025-04-23 13:30:00,2.82,0.2604715824127197,512,2.55952841758728
45271,2025-04-23 13:45:00,2.41,1.3900409936904907,512,1.0199590063095094
45272,2025-04-23 14:00:00,4.48,1.68527090549469,512,2.7947290945053105
45273,2025-04-23 14:15:00,5.06,3.6267168521881104,512,1.4332831478118893
45274,2025-04-23 14:30:00,4.51,4.6121063232421875,512,-0.10210632324218771
45275,2025-04-23 14:45:00,4.28,4.341055870056152,512,-0.061055870056152095
45276,2025-04-23 15:00:00,2.97,4.177334308624268,512,-1.2073343086242674
45277,2025-04-23 15:15:00,4.51,2.672349691390991,512,1.8376503086090086
45278,2025-04-23 15:30:00,3.76,3.853175163269043,512,-0.09317516326904318
45279,2025-04-23 15:45:00,1.93,3.428471803665161,512,-1.4984718036651612
45280,2025-04-23 16:00:00,1.62,1.8648556470870972,512,-0.24485564708709706
45281,2025-04-23 16:15:00,2.39,1.5928726196289062,512,0.7971273803710939
45282,2025-04-23 16:30:00,3.18,2.2598445415496826,512,0.9201554584503175
45283,2025-04-23 16:45:00,2.02,3.04133677482605,512,-1.0213367748260498
45284,2025-04-23 17:00:00,2.1,2.099794387817383,512,0.00020561218261727632
45285,2025-04-23 17:15:00,0.76,2.1109981536865234,512,-1.3509981536865234
45286,2025-04-23 17:30:00,0.88,0.9499329328536987,512,-0.06993293285369873
45287,2025-04-23 17:45:00,1.04,0.897510290145874,512,0.142489709854126
45288,2025-04-23 18:00:00,0.85,1.045246958732605,512,-0.195246958732605
45289,2025-04-23 18:15:00,0.54,0.8888168334960938,512,-0.3488168334960937
45290,2025-04-23 18:30:00,0.42,0.6311683654785156,512,-0.21116836547851564
45291,2025-04-23 18:45:00,2.85,0.45327019691467285,512,2.3967298030853272
45292,2025-04-23 19:00:00,0.99,2.1177873611450195,512,-1.1277873611450195
45293,2025-04-23 19:15:00,0.33,1.0068837404251099,512,-0.6768837404251098
45294,2025-04-23 19:30:00,0.68,0.5800058841705322,512,0.09999411582946782
45295,2025-04-23 19:45:00,0.66,0.6381962299346924,512,0.02180377006530765
45296,2025-04-23 20:00:00,0.47,0.6917248964309692,512,-0.22172489643096926
45297,2025-04-23 20:15:00,0.45,0.5283764600753784,512,-0.0783764600753784
45298,2025-04-23 20:30:00,1.18,0.576300859451294,512,0.603699140548706
45299,2025-04-23 20:45:00,0.52,0.9810347557067871,512,-0.4610347557067871
45300,2025-04-23 21:00:00,0.48,0.6620869636535645,512,-0.18208696365356447
45301,2025-04-23 21:15:00,0.49,0.5779787302017212,512,-0.0879787302017212
45302,2025-04-23 21:30:00,1.33,0.574741005897522,512,0.7552589941024781
45303,2025-04-23 21:45:00,0.43,1.0401947498321533,512,-0.6101947498321534
45304,2025-04-23 22:00:00,0.63,0.6954882144927979,512,-0.06548821449279785
45305,2025-04-23 22:15:00,0.38,0.9072440266609192,512,-0.5272440266609192
45306,2025-04-23 22:30:00,0.38,0.6052954196929932,512,-0.22529541969299316
45307,2025-04-23 22:45:00,0.37,0.5732837915420532,512,-0.20328379154205323
45308,2025-04-23 23:00:00,0.27,0.5943403244018555,512,-0.32434032440185545
45309,2025-04-23 23:15:00,0.25,0.43395113945007324,512,-0.18395113945007324
45310,2025-04-23 23:30:00,0.27,0.35007399320602417,512,-0.08007399320602415
45311,2025-04-23 23:45:00,0.29,0.35583871603012085,512,-0.06583871603012087
45312,2025-04-24 00:00:00,0.28,0.3575064539909363,512,-0.07750645399093625
45313,2025-04-24 00:15:00,0.31,0.3374274969100952,512,-0.027427496910095217
45314,2025-04-24 00:30:00,0.31,0.39678269624710083,512,-0.08678269624710083
45315,2025-04-24 00:45:00,0.31,0.39739909768104553,512,-0.08739909768104553
45316,2025-04-24 01:00:00,0.8,0.409274160861969,512,0.39072583913803105
45317,2025-04-24 01:15:00,1.85,0.7529047727584839,512,1.0970952272415162
45318,2025-04-24 01:30:00,0.84,1.782677412033081,512,-0.9426774120330811
45319,2025-04-24 01:45:00,0.27,0.8943507671356201,512,-0.6243507671356201
45320,2025-04-24 02:00:00,0.27,0.4815649390220642,512,-0.2115649390220642
45321,2025-04-24 02:15:00,0.3,0.48439180850982666,512,-0.18439180850982667
45322,2025-04-24 02:30:00,0.31,0.4938003420829773,512,-0.1838003420829773
45323,2025-04-24 02:45:00,0.31,0.45448529720306396,512,-0.14448529720306397
45324,2025-04-24 03:00:00,0.3,0.4132281243801117,512,-0.1132281243801117
45325,2025-04-24 03:15:00,0.3,0.42370444536209106,512,-0.12370444536209108
45326,2025-04-24 03:30:00,0.29,0.4139893054962158,512,-0.12398930549621584
45327,2025-04-24 03:45:00,0.27,0.41383668780326843,512,-0.14383668780326841
45328,2025-04-24 04:00:00,0.27,0.29640844464302063,512,-0.026408444643020612
45329,2025-04-24 04:15:00,0.29,0.3341335356235504,512,-0.044133535623550435
45330,2025-04-24 04:30:00,2.6,0.36117613315582275,512,2.2388238668441773
45331,2025-04-24 04:45:00,1.19,1.9531641006469727,512,-0.7631641006469727
45332,2025-04-24 05:00:00,3.35,0.7964068055152893,512,2.553593194484711
45333,2025-04-24 05:15:00,0.42,2.025576591491699,512,-1.6055765914916993
45334,2025-04-24 05:30:00,0.45,0.6326907873153687,512,-0.18269078731536864
45335,2025-04-24 05:45:00,0.44,0.5435177087783813,512,-0.10351770877838135
45336,2025-04-24 06:00:00,0.35,0.5670807361602783,512,-0.21708073616027834
45337,2025-04-24 06:15:00,0.41,0.4678437113761902,512,-0.05784371137619021
45338,2025-04-24 06:30:00,0.43,0.615322470664978,512,-0.18532247066497803
45339,2025-04-24 06:45:00,0.49,0.5012325048446655,512,-0.011232504844665536
45340,2025-04-24 07:00:00,1.84,0.5600361227989197,512,1.2799638772010804
45341,2025-04-24 07:15:00,0.26,1.4854271411895752,512,-1.2254271411895752
45342,2025-04-24 07:30:00,0.37,0.5146567821502686,512,-0.14465678215026856
45343,2025-04-24 07:45:00,0.47,0.5336616039276123,512,-0.06366160392761233
45344,2025-04-24 08:00:00,1.72,0.6295509338378906,512,1.0904490661621093
45345,2025-04-24 08:15:00,0.78,1.2708277702331543,512,-0.49082777023315427
45346,2025-04-24 08:30:00,1.94,0.8910397291183472,512,1.0489602708816528
45347,2025-04-24 08:45:00,2.85,1.498534083366394,512,1.351465916633606
45348,2025-04-24 09:00:00,2.78,2.4424126148223877,512,0.3375873851776121
45349,2025-04-24 09:15:00,2.32,2.5871872901916504,512,-0.26718729019165055
45350,2025-04-24 09:30:00,3.16,2.261176109313965,512,0.8988238906860353
45351,2025-04-24 09:45:00,2.43,2.7219221591949463,512,-0.29192215919494613
45352,2025-04-24 10:00:00,0.9,2.607121706008911,512,-1.7071217060089112
45353,2025-04-24 10:15:00,0.2,1.1738885641098022,512,-0.9738885641098023
45354,2025-04-24 10:30:00,0.25,0.5027180314064026,512,-0.2527180314064026
45355,2025-04-24 10:45:00,2.28,0.4300652742385864,512,1.8499347257614134
45356,2025-04-24 11:00:00,2.4,1.736475944519043,512,0.6635240554809569
45357,2025-04-24 11:15:00,2.48,2.012267827987671,512,0.4677321720123291
45358,2025-04-24 11:30:00,2.53,2.201380729675293,512,0.32861927032470684
45359,2025-04-24 11:45:00,5.06,2.3280372619628906,512,2.731962738037109
45360,2025-04-24 12:00:00,2.96,3.734351634979248,512,-0.7743516349792481
45361,2025-04-24 12:15:00,3.6,2.5496811866760254,512,1.0503188133239747
45362,2025-04-24 12:30:00,4.91,3.165585994720459,512,1.7444140052795412
45363,2025-04-24 12:45:00,4.35,3.899256706237793,512,0.4507432937622067
45364,2025-04-24 13:00:00,3.77,3.836472988128662,512,-0.06647298812866209
45365,2025-04-24 13:15:00,1.22,3.5544910430908203,512,-2.3344910430908206
45366,2025-04-24 13:30:00,0.24,1.354373812675476,512,-1.114373812675476
45367,2025-04-24 13:45:00,0.2,0.44698354601860046,512,-0.24698354601860045
45368,2025-04-24 14:00:00,0.22,0.4551644027233124,512,-0.23516440272331238
45369,2025-04-24 14:15:00,0.66,0.47728902101516724,512,0.1827109789848328
45370,2025-04-24 14:30:00,0.26,0.7561999559402466,512,-0.4961999559402466
45371,2025-04-24 14:45:00,0.26,0.48598721623420715,512,-0.22598721623420714
45372,2025-04-24 15:00:00,0.27,0.3870294690132141,512,-0.1170294690132141
45373,2025-04-24 15:15:00,0.26,0.37467271089553833,512,-0.11467271089553832
45374,2025-04-24 15:30:00,0.24,0.32735079526901245,512,-0.08735079526901246
45375,2025-04-24 15:45:00,0.2,0.3068276643753052,512,-0.10682766437530516
45376,2025-04-24 16:00:00,0.2,0.22613704204559326,512,-0.02613704204559325
45377,2025-04-24 16:15:00,0.23,0.220980703830719,512,0.009019296169281016
45378,2025-04-24 16:30:00,0.25,0.25396156311035156,512,-0.0039615631103515625
45379,2025-04-24 16:45:00,0.25,0.2479928731918335,512,0.002007126808166504
45380,2025-04-24 17:00:00,0.24,0.2883378267288208,512,-0.04833782672882081
45381,2025-04-24 17:15:00,0.24,0.27835607528686523,512,-0.03835607528686524
45382,2025-04-24 17:30:00,0.21,0.2824580669403076,512,-0.07245806694030762
45383,2025-04-24 17:45:00,0.2,0.2547351121902466,512,-0.05473511219024657
45384,2025-04-24 18:00:00,0.2,0.231187641620636,512,-0.031187641620635975
45385,2025-04-24 18:15:00,0.24,0.22119569778442383,512,0.018804302215576163
45386,2025-04-24 18:30:00,0.22,0.2966741919517517,512,-0.07667419195175171
45387,2025-04-24 18:45:00,0.25,0.3055835962295532,512,-0.05558359622955322
45388,2025-04-24 19:00:00,0.42,0.3248709440231323,512,0.09512905597686766
45389,2025-04-24 19:15:00,0.31,0.4084237217903137,512,-0.09842372179031372
45390,2025-04-24 19:30:00,0.32,0.4017100930213928,512,-0.08171009302139282
45391,2025-04-24 19:45:00,0.41,0.39250823855400085,512,0.01749176144599912
45392,2025-04-24 20:00:00,0.43,0.40760910511016846,512,0.022390894889831536
45393,2025-04-24 20:15:00,0.42,0.42233723402023315,512,-0.00233723402023317
45394,2025-04-24 20:30:00,0.35,0.42089325189590454,512,-0.07089325189590456
45395,2025-04-24 20:45:00,0.35,0.3664485514163971,512,-0.016448551416397117
45396,2025-04-24 21:00:00,0.41,0.37458035349845886,512,0.03541964650154111
45397,2025-04-24 21:15:00,0.31,0.4417315721511841,512,-0.13173157215118408
45398,2025-04-24 21:30:00,0.3,0.3700195252895355,512,-0.07001952528953553
45399,2025-04-24 21:45:00,0.29,0.34541264176368713,512,-0.055412641763687154
45400,2025-04-24 22:00:00,0.28,0.34553635120391846,512,-0.06553635120391843
45401,2025-04-24 22:15:00,0.26,0.3167799115180969,512,-0.056779911518096915
45402,2025-04-24 22:30:00,0.27,0.28981542587280273,512,-0.019815425872802717
45403,2025-04-24 22:45:00,0.32,0.28714466094970703,512,0.032855339050292975
45404,2025-04-24 23:00:00,0.36,0.30708178877830505,512,0.05291821122169493
45405,2025-04-24 23:15:00,0.37,0.34176719188690186,512,0.02823280811309814
45406,2025-04-24 23:30:00,0.36,0.3586438298225403,512,0.0013561701774597035
45407,2025-04-24 23:45:00,0.35,0.35004571080207825,512,-4.5710802078269275e-05
45408,2025-04-25 00:00:00,0.3,0.363037645816803,512,-0.06303764581680299
45409,2025-04-25 00:15:00,0.29,0.3249952495098114,512,-0.03499524950981142
45410,2025-04-25 00:30:00,0.26,0.3114699125289917,512,-0.05146991252899169
45411,2025-04-25 00:45:00,0.26,0.2990869879722595,512,-0.03908698797225951
45412,2025-04-25 01:00:00,0.31,0.28864580392837524,512,0.021354196071624754
45413,2025-04-25 01:15:00,0.67,0.31376200914382935,512,0.3562379908561707
45414,2025-04-25 01:30:00,1.85,0.6401499509811401,512,1.20985004901886
45415,2025-04-25 01:45:00,1.42,1.494370460510254,512,-0.07437046051025398
45416,2025-04-25 02:00:00,0.64,1.136132001876831,512,-0.49613200187683104
45417,2025-04-25 02:15:00,0.38,0.5767513513565063,512,-0.19675135135650634
45418,2025-04-25 02:30:00,0.34,0.4433412253856659,512,-0.10334122538566587
45419,2025-04-25 02:45:00,1.66,0.404683381319046,512,1.255316618680954
45420,2025-04-25 03:00:00,0.35,1.2920359373092651,512,-0.9420359373092652
45421,2025-04-25 03:15:00,1.04,0.37990912795066833,512,0.6600908720493317
45422,2025-04-25 03:30:00,1.69,0.9059689044952393,512,0.7840310955047607
45423,2025-04-25 03:45:00,0.39,1.1815438270568848,512,-0.7915438270568848
45424,2025-04-25 04:00:00,0.36,0.5073489546775818,512,-0.1473489546775818
45425,2025-04-25 04:15:00,1.03,0.548295259475708,512,0.481704740524292
45426,2025-04-25 04:30:00,0.34,0.9158992767333984,512,-0.5758992767333984
45427,2025-04-25 04:45:00,0.32,0.5532174110412598,512,-0.23321741104125976
45428,2025-04-25 05:00:00,0.35,0.6245140433311462,512,-0.27451404333114626
45429,2025-04-25 05:15:00,0.28,0.4824919104576111,512,-0.20249191045761106
45430,2025-04-25 05:30:00,1.03,0.4305715560913086,512,0.5994284439086914
45431,2025-04-25 05:45:00,1.05,0.6845747232437134,512,0.36542527675628667
45432,2025-04-25 06:00:00,0.36,0.8061834573745728,512,-0.44618345737457277
45433,2025-04-25 06:15:00,0.35,0.49458184838294983,512,-0.14458184838294985
45434,2025-04-25 06:30:00,1.06,0.42721793055534363,512,0.6327820694446564
45435,2025-04-25 06:45:00,1.02,0.6931015253067017,512,0.32689847469329836
45436,2025-04-25 07:00:00,1.74,0.7260891199111938,512,1.0139108800888061
45437,2025-04-25 07:15:00,0.33,1.4089899063110352,512,-1.078989906311035
45438,2025-04-25 07:30:00,0.43,0.6661622524261475,512,-0.23616225242614747
45439,2025-04-25 07:45:00,0.4,0.5842874050140381,512,-0.18428740501403806
45440,2025-04-25 08:00:00,0.46,0.5233556032180786,512,-0.0633556032180786
45441,2025-04-25 08:15:00,1.79,0.5535454154014587,512,1.2364545845985413
45442,2025-04-25 08:30:00,0.41,1.2516727447509766,512,-0.8416727447509766
45443,2025-04-25 08:45:00,0.77,0.6148740649223328,512,0.15512593507766725
45444,2025-04-25 09:00:00,1.19,0.7115793824195862,512,0.47842061758041377
45445,2025-04-25 09:15:00,0.34,0.8456428647041321,512,-0.505642864704132
45446,2025-04-25 09:30:00,0.44,0.5608075857162476,512,-0.12080758571624756
45447,2025-04-25 09:45:00,0.38,0.5131199359893799,512,-0.13311993598937988
45448,2025-04-25 10:00:00,0.55,0.4925360381603241,512,0.05746396183967595
45449,2025-04-25 10:15:00,0.86,0.5279064178466797,512,0.3320935821533203
45450,2025-04-25 10:30:00,1.03,0.7409042119979858,512,0.2890957880020142
45451,2025-04-25 10:45:00,1.41,0.7965471148490906,512,0.6134528851509093
45452,2025-04-25 11:00:00,4.16,1.0119502544403076,512,3.1480497455596925
45453,2025-04-25 11:15:00,4.67,2.659442186355591,512,2.010557813644409
45454,2025-04-25 11:30:00,3.12,3.4101786613464355,512,-0.29017866134643544
45455,2025-04-25 11:45:00,1.72,2.278674364089966,512,-0.5586743640899658
45456,2025-04-25 12:00:00,4.39,1.4869647026062012,512,2.9030352973937985
45457,2025-04-25 12:15:00,2.64,3.113248348236084,512,-0.47324834823608386
45458,2025-04-25 12:30:00,3.68,2.4400529861450195,512,1.2399470138549806
45459,2025-04-25 12:45:00,4.92,3.2048497200012207,512,1.7151502799987792
45460,2025-04-25 13:00:00,4.25,3.6898083686828613,512,0.5601916313171387
45461,2025-04-25 13:15:00,5.41,3.330345630645752,512,2.079654369354248
45462,2025-04-25 13:30:00,4.76,4.134284973144531,512,0.6257150268554685
45463,2025-04-25 13:45:00,3.75,3.9527063369750977,512,-0.20270633697509766
45464,2025-04-25 14:00:00,3.76,3.745133638381958,512,0.014866361618041779
45465,2025-04-25 14:15:00,2.18,3.4319965839385986,512,-1.2519965839385985
45466,2025-04-25 14:30:00,1.24,2.3428893089294434,512,-1.1028893089294434
45467,2025-04-25 14:45:00,0.69,1.3208473920822144,512,-0.6308473920822144
45468,2025-04-25 15:00:00,1.59,0.715195894241333,512,0.8748041057586671
45469,2025-04-25 15:15:00,1.48,1.1106289625167847,512,0.3693710374832153
45470,2025-04-25 15:30:00,1.27,1.2090789079666138,512,0.06092109203338625
45471,2025-04-25 15:45:00,1.38,1.274253487586975,512,0.1057465124130248
45472,2025-04-25 16:00:00,1.71,1.234449028968811,512,0.47555097103118893
45473,2025-04-25 16:15:00,2.25,1.5566997528076172,512,0.6933002471923828
45474,2025-04-25 16:30:00,3.12,2.1047263145446777,512,1.0152736854553224
45475,2025-04-25 16:45:00,1.92,2.756960391998291,512,-0.8369603919982911
45476,2025-04-25 17:00:00,1.95,1.8712468147277832,512,0.07875318527221675
45477,2025-04-25 17:15:00,1.32,1.8791472911834717,512,-0.5591472911834716
45478,2025-04-25 17:30:00,0.78,1.3060673475265503,512,-0.5260673475265503
45479,2025-04-25 17:45:00,0.86,0.8771394491195679,512,-0.017139449119567884
45480,2025-04-25 18:00:00,0.84,0.9489144086837769,512,-0.10891440868377689
45481,2025-04-25 18:15:00,0.63,0.9885795712471008,512,-0.3585795712471008
45482,2025-04-25 18:30:00,1.68,0.8120781183242798,512,0.8679218816757202
45483,2025-04-25 18:45:00,1.86,1.460504412651062,512,0.3994955873489381
45484,2025-04-25 19:00:00,0.85,1.5279788970947266,512,-0.6779788970947266
45485,2025-04-25 19:15:00,0.74,1.0638642311096191,512,-0.32386423110961915
45486,2025-04-25 19:30:00,1.1,0.8691121339797974,512,0.23088786602020273
45487,2025-04-25 19:45:00,0.38,0.9819580316543579,512,-0.6019580316543579
45488,2025-04-25 20:00:00,0.25,0.7089394330978394,512,-0.45893943309783936
45489,2025-04-25 20:15:00,0.35,0.5542157292366028,512,-0.2042157292366028
45490,2025-04-25 20:30:00,0.49,0.48905277252197266,512,0.0009472274780273349
45491,2025-04-25 20:45:00,0.54,0.5370000004768372,512,0.0029999995231628773
45492,2025-04-25 21:00:00,0.53,0.49548202753067017,512,0.03451797246932986
45493,2025-04-25 21:15:00,0.73,0.5399141311645508,512,0.1900858688354492
45494,2025-04-25 21:30:00,0.56,0.6317836046218872,512,-0.07178360462188715
45495,2025-04-25 21:45:00,0.47,0.6169349551200867,512,-0.1469349551200867
45496,2025-04-25 22:00:00,0.47,0.5724709033966064,512,-0.10247090339660647
45497,2025-04-25 22:15:00,0.46,0.5792399644851685,512,-0.11923996448516844
45498,2025-04-25 22:30:00,0.33,0.5534285306930542,512,-0.22342853069305418
45499,2025-04-25 22:45:00,0.3,0.49067506194114685,512,-0.19067506194114686
45500,2025-04-25 23:00:00,0.3,0.45977550745010376,512,-0.15977550745010377
45501,2025-04-25 23:15:00,0.28,0.4495859146118164,512,-0.16958591461181638
45502,2025-04-25 23:30:00,0.28,0.4281059205532074,512,-0.14810592055320737
45503,2025-04-25 23:45:00,0.28,0.3805510401725769,512,-0.10055104017257688
45504,2025-04-26 00:00:00,0.3,0.4454081654548645,512,-0.1454081654548645
45505,2025-04-26 00:15:00,0.3,0.4269406199455261,512,-0.12694061994552613
45506,2025-04-26 00:30:00,0.29,0.4219539761543274,512,-0.1319539761543274
45507,2025-04-26 00:45:00,0.29,0.43156999349594116,512,-0.14156999349594118
45508,2025-04-26 01:00:00,0.28,0.4209664463996887,512,-0.1409664463996887
45509,2025-04-26 01:15:00,0.26,0.38911452889442444,512,-0.12911452889442443
45510,2025-04-26 01:30:00,0.26,0.36657553911209106,512,-0.10657553911209106
45511,2025-04-26 01:45:00,0.29,0.386099636554718,512,-0.09609963655471804
45512,2025-04-26 02:00:00,0.31,0.38713276386260986,512,-0.07713276386260987
45513,2025-04-26 02:15:00,0.32,0.42637020349502563,512,-0.10637020349502563
45514,2025-04-26 02:30:00,0.32,0.4089846611022949,512,-0.08898466110229492
45515,2025-04-26 02:45:00,0.31,0.43471354246139526,512,-0.12471354246139527
45516,2025-04-26 03:00:00,0.34,0.39636147022247314,512,-0.05636147022247312
45517,2025-04-26 03:15:00,1.89,0.42415764927864075,512,1.4658423507213592
45518,2025-04-26 03:30:00,1.53,1.2597010135650635,512,0.27029898643493655
45519,2025-04-26 03:45:00,0.27,0.9112486839294434,512,-0.6412486839294433
45520,2025-04-26 04:00:00,0.29,0.4328609108924866,512,-0.1428609108924866
45521,2025-04-26 04:15:00,0.33,0.4303736686706543,512,-0.10037366867065428
45522,2025-04-26 04:30:00,0.32,0.4283134639263153,512,-0.1083134639263153
45523,2025-04-26 04:45:00,0.31,0.403329074382782,512,-0.09332907438278198
45524,2025-04-26 05:00:00,0.31,0.41069626808166504,512,-0.10069626808166504
45525,2025-04-26 05:15:00,0.27,0.4175838828086853,512,-0.14758388280868528
45526,2025-04-26 05:30:00,0.28,0.4081544280052185,512,-0.12815442800521848
45527,2025-04-26 05:45:00,0.28,0.38503649830818176,512,-0.10503649830818174
45528,2025-04-26 06:00:00,0.31,0.38004738092422485,512,-0.07004738092422486
45529,2025-04-26 06:15:00,0.3,0.3860073685646057,512,-0.08600736856460572
45530,2025-04-26 06:30:00,0.28,0.3974803388118744,512,-0.11748033881187436
45531,2025-04-26 06:45:00,0.25,0.3888408839702606,512,-0.13884088397026062
45532,2025-04-26 07:00:00,0.24,0.38320839405059814,512,-0.14320839405059815
45533,2025-04-26 07:15:00,0.24,0.395296573638916,512,-0.15529657363891602
45534,2025-04-26 07:30:00,0.25,0.3780449330806732,512,-0.12804493308067322
45535,2025-04-26 07:45:00,0.26,0.39056795835494995,512,-0.13056795835494994
45536,2025-04-26 08:00:00,0.26,0.41907304525375366,512,-0.15907304525375365
45537,2025-04-26 08:15:00,0.28,0.41727781295776367,512,-0.13727781295776365
45538,2025-04-26 08:30:00,0.31,0.4172512888908386,512,-0.10725128889083863
45539,2025-04-26 08:45:00,0.24,0.41836440563201904,512,-0.17836440563201905
45540,2025-04-26 09:00:00,0.24,0.3660980761051178,512,-0.1260980761051178
45541,2025-04-26 09:15:00,0.23,0.3481340706348419,512,-0.11813407063484191
45542,2025-04-26 09:30:00,1.72,0.3603132665157318,512,1.3596867334842682
45543,2025-04-26 09:45:00,3.2,1.278061866760254,512,1.9219381332397463
45544,2025-04-26 10:00:00,3.94,2.14304780960083,512,1.7969521903991699
45545,2025-04-26 10:15:00,4.18,3.0091640949249268,512,1.170835905075073
45546,2025-04-26 10:30:00,4.71,3.552016258239746,512,1.1579837417602539
45547,2025-04-26 10:45:00,5.41,4.200662136077881,512,1.2093378639221193
45548,2025-04-26 11:00:00,5.41,5.059617042541504,512,0.35038295745849624
45549,2025-04-26 11:15:00,5.26,4.774507999420166,512,0.48549200057983377
45550,2025-04-26 11:30:00,4.97,4.525003433227539,512,0.4449965667724607
45551,2025-04-26 11:45:00,5.41,4.300580024719238,512,1.1094199752807619
45552,2025-04-26 12:00:00,3.61,4.863923072814941,512,-1.2539230728149415
45553,2025-04-26 12:15:00,4.09,3.295776605606079,512,0.7942233943939208
45554,2025-04-26 12:30:00,4.19,4.027255535125732,512,0.16274446487426797
45555,2025-04-26 12:45:00,3.64,3.922095537185669,512,-0.2820955371856688
45556,2025-04-26 13:00:00,3.42,3.338470697402954,512,0.08152930259704583
45557,2025-04-26 13:15:00,2.8,3.4370598793029785,512,-0.6370598793029787
45558,2025-04-26 13:30:00,2.32,2.8027961254119873,512,-0.48279612541198746
45559,2025-04-26 13:45:00,1.87,2.0968613624572754,512,-0.22686136245727528
45560,2025-04-26 14:00:00,2.01,1.673652172088623,512,0.33634782791137674
45561,2025-04-26 14:15:00,2.03,1.7431130409240723,512,0.28688695907592754
45562,2025-04-26 14:30:00,1.89,1.8234158754348755,512,0.06658412456512441
45563,2025-04-26 14:45:00,1.66,1.7601535320281982,512,-0.10015353202819832
45564,2025-04-26 15:00:00,1.52,1.6440061330795288,512,-0.12400613307952879
45565,2025-04-26 15:15:00,1.51,1.488242745399475,512,0.02175725460052491
45566,2025-04-26 15:30:00,1.06,1.4245024919509888,512,-0.3645024919509887
45567,2025-04-26 15:45:00,0.83,1.1263141632080078,512,-0.29631416320800785
45568,2025-04-26 16:00:00,0.76,0.8182331323623657,512,-0.058233132362365714
45569,2025-04-26 16:15:00,0.7,0.7330605983734131,512,-0.03306059837341313
45570,2025-04-26 16:30:00,0.65,0.7229877710342407,512,-0.0729877710342407
45571,2025-04-26 16:45:00,0.57,0.6264827251434326,512,-0.056482725143432666
45572,2025-04-26 17:00:00,0.47,0.5123544931411743,512,-0.04235449314117434
45573,2025-04-26 17:15:00,0.45,0.4204486608505249,512,0.02955133914947511
45574,2025-04-26 17:30:00,0.43,0.44659820199012756,512,-0.01659820199012757
45575,2025-04-26 17:45:00,0.44,0.49383240938186646,512,-0.05383240938186645
45576,2025-04-26 18:00:00,0.45,0.5167863965034485,512,-0.06678639650344848
45577,2025-04-26 18:15:00,0.48,0.5380457639694214,512,-0.058045763969421404
45578,2025-04-26 18:30:00,0.45,0.5798123478889465,512,-0.12981234788894652
45579,2025-04-26 18:45:00,0.43,0.5510333776473999,512,-0.12103337764739991
45580,2025-04-26 19:00:00,0.43,0.4907248914241791,512,-0.060724891424179084
45581,2025-04-26 19:15:00,0.47,0.4858742654323578,512,-0.015874265432357815
45582,2025-04-26 19:30:00,2.27,0.5221786499023438,512,1.7478213500976563
45583,2025-04-26 19:45:00,0.63,1.7528157234191895,512,-1.1228157234191896
45584,2025-04-26 20:00:00,0.61,0.7131320238113403,512,-0.10313202381134035
45585,2025-04-26 20:15:00,2.04,0.7343286275863647,512,1.3056713724136353
45586,2025-04-26 20:30:00,1.13,1.6821547746658325,512,-0.5521547746658326
45587,2025-04-26 20:45:00,0.57,1.0961811542510986,512,-0.5261811542510987
45588,2025-04-26 21:00:00,1.28,0.7657433748245239,512,0.5142566251754761
45589,2025-04-26 21:15:00,1.29,1.188377857208252,512,0.10162214279174808
45590,2025-04-26 21:30:00,0.55,1.264000654220581,512,-0.714000654220581
45591,2025-04-26 21:45:00,0.53,0.7129950523376465,512,-0.18299505233764646
45592,2025-04-26 22:00:00,0.52,0.6789979934692383,512,-0.15899799346923826
45593,2025-04-26 22:15:00,0.51,0.6504555940628052,512,-0.14045559406280517
45594,2025-04-26 22:30:00,0.89,0.6065712571144104,512,0.2834287428855896
45595,2025-04-26 22:45:00,0.41,0.809800922870636,512,-0.399800922870636
45596,2025-04-26 23:00:00,0.42,0.5706856846809387,512,-0.15068568468093874
45597,2025-04-26 23:15:00,0.41,0.574436604976654,512,-0.16443660497665408
45598,2025-04-26 23:30:00,0.43,0.5523495674133301,512,-0.12234956741333008
45599,2025-04-26 23:45:00,0.48,0.5458328723907471,512,-0.06583287239074709
45600,2025-04-27 00:00:00,0.28,0.5940356254577637,512,-0.31403562545776365
45601,2025-04-27 00:15:00,0.45,0.4925575852394104,512,-0.04255758523941039
45602,2025-04-27 00:30:00,1.08,0.5740638971328735,512,0.5059361028671265
45603,2025-04-27 00:45:00,0.3,1.010105848312378,512,-0.7101058483123779
45604,2025-04-27 01:00:00,0.29,0.5622209310531616,512,-0.27222093105316164
45605,2025-04-27 01:15:00,0.3,0.5080062747001648,512,-0.2080062747001648
45606,2025-04-27 01:30:00,0.26,0.5044292211532593,512,-0.24442922115325927
45607,2025-04-27 01:45:00,0.26,0.4448798894882202,512,-0.1848798894882202
45608,2025-04-27 02:00:00,0.25,0.38085782527923584,512,-0.13085782527923584
45609,2025-04-27 02:15:00,0.27,0.37286895513534546,512,-0.10286895513534544
45610,2025-04-27 02:30:00,0.3,0.41824305057525635,512,-0.11824305057525636
45611,2025-04-27 02:45:00,0.28,0.4445034861564636,512,-0.1645034861564636
45612,2025-04-27 03:00:00,0.3,0.41375285387039185,512,-0.11375285387039186
45613,2025-04-27 03:15:00,0.3,0.47518348693847656,512,-0.17518348693847657
45614,2025-04-27 03:30:00,0.28,0.425570547580719,512,-0.14557054758071897
45615,2025-04-27 03:45:00,0.26,0.3626330494880676,512,-0.10263304948806762
45616,2025-04-27 04:00:00,0.26,0.370597779750824,512,-0.11059777975082397
45617,2025-04-27 04:15:00,0.27,0.36780762672424316,512,-0.09780762672424315
45618,2025-04-27 04:30:00,0.3,0.3661147952079773,512,-0.0661147952079773
45619,2025-04-27 04:45:00,0.3,0.41335248947143555,512,-0.11335248947143556
45620,2025-04-27 05:00:00,0.31,0.42276084423065186,512,-0.11276084423065186
45621,2025-04-27 05:15:00,0.29,0.4217028319835663,512,-0.1317028319835663
45622,2025-04-27 05:30:00,0.28,0.41078612208366394,512,-0.1307861220836639
45623,2025-04-27 05:45:00,0.26,0.37075352668762207,512,-0.11075352668762206
45624,2025-04-27 06:00:00,0.26,0.3575465679168701,512,-0.09754656791687011
45625,2025-04-27 06:15:00,0.3,0.352905809879303,512,-0.05290580987930299
45626,2025-04-27 06:30:00,0.28,0.4019423723220825,512,-0.12194237232208249
45627,2025-04-27 06:45:00,0.3,0.35768210887908936,512,-0.05768210887908937
45628,2025-04-27 07:00:00,0.29,0.3166370987892151,512,-0.026637098789215108
45629,2025-04-27 07:15:00,0.24,0.3011738657951355,512,-0.06117386579513551
45630,2025-04-27 07:30:00,0.26,0.2809884548187256,512,-0.020988454818725577
45631,2025-04-27 07:45:00,0.28,0.30137163400650024,512,-0.021371634006500217
45632,2025-04-27 08:00:00,0.25,0.31972813606262207,512,-0.06972813606262207
45633,2025-04-27 08:15:00,0.21,0.2878158688545227,512,-0.07781586885452271
45634,2025-04-27 08:30:00,0.2,0.2195422649383545,512,-0.01954226493835448
45635,2025-04-27 08:45:00,0.28,0.17848610877990723,512,0.1015138912200928
45636,2025-04-27 09:00:00,0.53,0.4206275939941406,512,0.1093724060058594
45637,2025-04-27 09:15:00,1.97,0.9241416454315186,512,1.0458583545684814
45638,2025-04-27 09:30:00,2.2,2.4737184047698975,512,-0.2737184047698973
45639,2025-04-27 09:45:00,0.79,2.3739402294158936,512,-1.5839402294158935
45640,2025-04-27 10:00:00,0.74,1.2445433139801025,512,-0.5045433139801025
45641,2025-04-27 10:15:00,2.0,1.100563406944275,512,0.8994365930557251
45642,2025-04-27 10:30:00,0.79,1.9666638374328613,512,-1.1766638374328613
45643,2025-04-27 10:45:00,2.91,1.149261474609375,512,1.7607385253906251
45644,2025-04-27 11:00:00,3.51,2.543102741241455,512,0.9668972587585447
45645,2025-04-27 11:15:00,2.06,3.146095037460327,512,-1.086095037460327
45646,2025-04-27 11:30:00,4.6,2.2951509952545166,512,2.304849004745483
45647,2025-04-27 11:45:00,3.34,3.56331729888916,512,-0.2233172988891603
45648,2025-04-27 12:00:00,2.86,3.130797863006592,512,-0.2707978630065919
45649,2025-04-27 12:15:00,3.0,3.11167573928833,512,-0.11167573928833008
45650,2025-04-27 12:30:00,3.02,3.3348960876464844,512,-0.31489608764648436
45651,2025-04-27 12:45:00,3.11,3.1517386436462402,512,-0.04173864364624036
45652,2025-04-27 13:00:00,4.39,3.2621212005615234,512,1.1278787994384762
45653,2025-04-27 13:15:00,4.38,3.6452865600585938,512,0.7347134399414061
45654,2025-04-27 13:30:00,4.55,3.878981590270996,512,0.6710184097290037
45655,2025-04-27 13:45:00,4.64,4.131170272827148,512,0.5088297271728512
45656,2025-04-27 14:00:00,5.33,4.273312091827393,512,1.0566879081726075
45657,2025-04-27 14:15:00,5.17,4.557689666748047,512,0.612310333251953
45658,2025-04-27 14:30:00,5.41,4.561680793762207,512,0.8483192062377931
45659,2025-04-27 14:45:00,4.84,4.818971157073975,512,0.02102884292602525
45660,2025-04-27 15:00:00,3.0,4.176913261413574,512,-1.1769132614135742
45661,2025-04-27 15:15:00,2.1,2.5960590839385986,512,-0.49605908393859854
45662,2025-04-27 15:30:00,2.36,1.7434991598129272,512,0.6165008401870726
45663,2025-04-27 15:45:00,1.83,2.0265541076660156,512,-0.19655410766601555
45664,2025-04-27 16:00:00,0.36,1.5695947408676147,512,-1.2095947408676149
45665,2025-04-27 16:15:00,1.36,0.6473095417022705,512,0.7126904582977296
45666,2025-04-27 16:30:00,1.31,0.9741852283477783,512,0.33581477165222173
45667,2025-04-27 16:45:00,1.52,0.9701523780822754,512,0.5498476219177246
45668,2025-04-27 17:00:00,1.32,1.2926290035247803,512,0.02737099647521979
45669,2025-04-27 17:15:00,1.52,1.1486506462097168,512,0.3713493537902832
45670,2025-04-27 17:30:00,2.08,1.3379452228546143,512,0.7420547771453858
45671,2025-04-27 17:45:00,1.75,1.8641690015792847,512,-0.11416900157928467
45672,2025-04-27 18:00:00,4.07,1.7978370189666748,512,2.2721629810333255
45673,2025-04-27 18:15:00,3.54,3.309969902038574,512,0.23003009796142582
45674,2025-04-27 18:30:00,1.86,3.2933483123779297,512,-1.4333483123779296
45675,2025-04-27 18:45:00,1.82,1.935931921005249,512,-0.11593192100524896
45676,2025-04-27 19:00:00,1.08,1.7545439004898071,512,-0.6745439004898071
45677,2025-04-27 19:15:00,0.64,1.1260478496551514,512,-0.48604784965515135
45678,2025-04-27 19:30:00,1.36,0.7179756164550781,512,0.642024383544922
45679,2025-04-27 19:45:00,0.89,1.299308180809021,512,-0.409308180809021
45680,2025-04-27 20:00:00,0.89,1.0193586349487305,512,-0.12935863494873046
45681,2025-04-27 20:15:00,1.4,1.026641845703125,512,0.3733581542968749
45682,2025-04-27 20:30:00,0.51,1.4090607166290283,512,-0.8990607166290283
45683,2025-04-27 20:45:00,0.48,0.8974437713623047,512,-0.4174437713623047
45684,2025-04-27 21:00:00,0.39,0.8263070583343506,512,-0.4363070583343506
45685,2025-04-27 21:15:00,0.53,0.6971043348312378,512,-0.16710433483123777
45686,2025-04-27 21:30:00,2.48,0.6706088781356812,512,1.8093911218643188
45687,2025-04-27 21:45:00,0.29,1.6745660305023193,512,-1.3845660305023193
45688,2025-04-27 22:00:00,0.43,0.6137704849243164,512,-0.1837704849243164
45689,2025-04-27 22:15:00,1.95,0.5482351779937744,512,1.4017648220062255
45690,2025-04-27 22:30:00,0.54,1.1137771606445312,512,-0.5737771606445312
45691,2025-04-27 22:45:00,0.57,0.5984656810760498,512,-0.028465681076049854
45692,2025-04-27 23:00:00,0.52,0.6246302127838135,512,-0.10463021278381346
45693,2025-04-27 23:15:00,0.51,0.6119685769081116,512,-0.10196857690811156
45694,2025-04-27 23:30:00,0.49,0.580760657787323,512,-0.090760657787323
45695,2025-04-27 23:45:00,0.47,0.568117618560791,512,-0.09811761856079104
45696,2025-04-28 00:00:00,0.47,0.5660495758056641,512,-0.09604957580566409
45697,2025-04-28 00:15:00,0.51,0.577103316783905,512,-0.06710331678390502
45698,2025-04-28 00:30:00,0.49,0.5807501077651978,512,-0.09075010776519776
45699,2025-04-28 00:45:00,0.51,0.5527024865150452,512,-0.04270248651504516
45700,2025-04-28 01:00:00,0.51,0.5778723955154419,512,-0.06787239551544189
45701,2025-04-28 01:15:00,0.51,0.5744509696960449,512,-0.06445096969604491
45702,2025-04-28 01:30:00,0.5,0.5642480254173279,512,-0.06424802541732788
45703,2025-04-28 01:45:00,0.5,0.5656954050064087,512,-0.06569540500640869
45704,2025-04-28 02:00:00,0.48,0.581996738910675,512,-0.10199673891067507
45705,2025-04-28 02:15:00,0.47,0.5702226161956787,512,-0.10022261619567874
45706,2025-04-28 02:30:00,0.37,0.5893087387084961,512,-0.2193087387084961
45707,2025-04-28 02:45:00,0.33,0.52933669090271,512,-0.19933669090270995
45708,2025-04-28 03:00:00,0.34,0.4927625060081482,512,-0.15276250600814817
45709,2025-04-28 03:15:00,0.33,0.46074920892715454,512,-0.13074920892715453
45710,2025-04-28 03:30:00,0.33,0.4671489894390106,512,-0.1371489894390106
45711,2025-04-28 03:45:00,0.32,0.4517455995082855,512,-0.13174559950828552
45712,2025-04-28 04:00:00,0.33,0.4251449406147003,512,-0.0951449406147003
45713,2025-04-28 04:15:00,0.3,0.4242416322231293,512,-0.12424163222312928
45714,2025-04-28 04:30:00,1.06,0.41653695702552795,512,0.6434630429744721
45715,2025-04-28 04:45:00,1.13,0.7423388361930847,512,0.3876611638069152
45716,2025-04-28 05:00:00,1.89,0.9065488576889038,512,0.9834511423110961
45717,2025-04-28 05:15:00,3.36,1.4448803663253784,512,1.9151196336746215
45718,2025-04-28 05:30:00,0.49,2.6895642280578613,512,-2.199564228057861
45719,2025-04-28 05:45:00,1.91,0.6941903233528137,512,1.2158096766471862
45720,2025-04-28 06:00:00,0.44,1.3748741149902344,512,-0.9348741149902344
45721,2025-04-28 06:15:00,1.08,0.6378515362739563,512,0.44214846372604377
45722,2025-04-28 06:30:00,0.38,0.9312963485717773,512,-0.5512963485717773
45723,2025-04-28 06:45:00,0.35,0.6177651286125183,512,-0.26776512861251833
45724,2025-04-28 07:00:00,0.45,0.5013738870620728,512,-0.05137388706207274
45725,2025-04-28 07:15:00,0.55,0.4318809509277344,512,0.11811904907226567
45726,2025-04-28 07:30:00,0.59,0.5302653908729553,512,0.05973460912704465
45727,2025-04-28 07:45:00,1.25,0.5809759497642517,512,0.6690240502357483
45728,2025-04-28 08:00:00,2.1,0.9359226822853088,512,1.1640773177146913
45729,2025-04-28 08:15:00,0.54,1.5685615539550781,512,-1.028561553955078
45730,2025-04-28 08:30:00,0.53,0.7745901346206665,512,-0.24459013462066648
45731,2025-04-28 08:45:00,0.45,0.6336291432380676,512,-0.18362914323806762
45732,2025-04-28 09:00:00,1.22,0.6263189911842346,512,0.5936810088157654
45733,2025-04-28 09:15:00,0.39,1.1627734899520874,512,-0.7727734899520874
45734,2025-04-28 09:30:00,0.5,0.850399374961853,512,-0.350399374961853
45735,2025-04-28 09:45:00,0.63,0.7438550591468811,512,-0.1138550591468811
45736,2025-04-28 10:00:00,1.62,0.8080052137374878,512,0.8119947862625123
45737,2025-04-28 10:15:00,2.31,1.2853214740753174,512,1.0246785259246827
45738,2025-04-28 10:30:00,0.97,1.873558521270752,512,-0.903558521270752
45739,2025-04-28 10:45:00,1.47,1.3433928489685059,512,0.12660715103149411
45740,2025-04-28 11:00:00,1.56,1.5500035285949707,512,0.00999647140502935
45741,2025-04-28 11:15:00,2.37,1.6688647270202637,512,0.7011352729797364
45742,2025-04-28 11:30:00,1.77,2.0091969966888428,512,-0.23919699668884276
45743,2025-04-28 11:45:00,2.64,1.8826215267181396,512,0.7573784732818605
45744,2025-04-28 12:00:00,1.97,2.209420680999756,512,-0.23942068099975589
45745,2025-04-28 12:15:00,1.91,2.0138230323791504,512,-0.10382303237915047
45746,2025-04-28 12:30:00,2.07,1.9685111045837402,512,0.1014888954162596
45747,2025-04-28 12:45:00,2.21,2.0580410957336426,512,0.1519589042663574
45748,2025-04-28 13:00:00,3.85,2.147496223449707,512,1.702503776550293
45749,2025-04-28 13:15:00,2.84,3.1065893173217773,512,-0.2665893173217775
45750,2025-04-28 13:30:00,2.9,2.621791362762451,512,0.27820863723754874
45751,2025-04-28 13:45:00,2.99,2.6532955169677734,512,0.3367044830322268
45752,2025-04-28 14:00:00,2.76,2.679043769836426,512,0.080956230163574
45753,2025-04-28 14:15:00,0.2,2.4476137161254883,512,-2.247613716125488
45754,2025-04-28 14:30:00,0.21,0.47870150208473206,512,-0.2687015020847321
45755,2025-04-28 14:45:00,0.25,0.2917182445526123,512,-0.041718244552612305
45756,2025-04-28 15:00:00,0.24,0.43098771572113037,512,-0.19098771572113038
45757,2025-04-28 15:15:00,0.24,0.37514209747314453,512,-0.13514209747314454
45758,2025-04-28 15:30:00,0.24,0.42146897315979004,512,-0.18146897315979005
45759,2025-04-28 15:45:00,0.24,0.3819988965988159,512,-0.14199889659881593
45760,2025-04-28 16:00:00,0.23,0.34684133529663086,512,-0.11684133529663085
45761,2025-04-28 16:15:00,0.2,0.3680229187011719,512,-0.16802291870117186
45762,2025-04-28 16:30:00,0.21,0.3637770414352417,512,-0.1537770414352417
45763,2025-04-28 16:45:00,0.23,0.3206758499145508,512,-0.09067584991455077
45764,2025-04-28 17:00:00,0.24,0.36814868450164795,512,-0.12814868450164796
45765,2025-04-28 17:15:00,0.25,0.36288130283355713,512,-0.11288130283355713
45766,2025-04-28 17:30:00,0.24,0.36357128620147705,512,-0.12357128620147706
45767,2025-04-28 17:45:00,0.23,0.39079904556274414,512,-0.16079904556274413
45768,2025-04-28 18:00:00,0.2,0.38178443908691406,512,-0.18178443908691405
45769,2025-04-28 18:15:00,0.94,0.36260342597961426,512,0.5773965740203857
45770,2025-04-28 18:30:00,1.06,0.7605034112930298,512,0.29949658870697027
45771,2025-04-28 18:45:00,0.74,1.0030817985534668,512,-0.2630817985534668
45772,2025-04-28 19:00:00,0.25,0.8564743399620056,512,-0.6064743399620056
45773,2025-04-28 19:15:00,0.29,0.5090606212615967,512,-0.2190606212615967
45774,2025-04-28 19:30:00,0.53,0.4627041816711426,512,0.06729581832885745
45775,2025-04-28 19:45:00,1.1,0.5128788948059082,512,0.5871211051940919
45776,2025-04-28 20:00:00,0.67,0.9767211675643921,512,-0.30672116756439205
45777,2025-04-28 20:15:00,0.52,0.7044686079025269,512,-0.18446860790252684
45778,2025-04-28 20:30:00,0.26,0.5789057016372681,512,-0.31890570163726806
45779,2025-04-28 20:45:00,0.26,0.45751953125,512,-0.19751953125
45780,2025-04-28 21:00:00,0.68,0.41294121742248535,512,0.2670587825775147
45781,2025-04-28 21:15:00,0.76,0.5756584405899048,512,0.18434155941009522
45782,2025-04-28 21:30:00,0.42,0.657202959060669,512,-0.23720295906066896
45783,2025-04-28 21:45:00,0.43,0.49385344982147217,512,-0.06385344982147217
45784,2025-04-28 22:00:00,0.44,0.5453886985778809,512,-0.10538869857788086
45785,2025-04-28 22:15:00,0.48,0.5244086980819702,512,-0.04440869808197023
45786,2025-04-28 22:30:00,0.39,0.5171382427215576,512,-0.1271382427215576
45787,2025-04-28 22:45:00,0.31,0.4899919033050537,512,-0.1799919033050537
45788,2025-04-28 23:00:00,0.3,0.4453778862953186,512,-0.14537788629531861
45789,2025-04-28 23:15:00,0.26,0.41377168893814087,512,-0.15377168893814086
45790,2025-04-28 23:30:00,0.28,0.36946535110473633,512,-0.0894653511047363
45791,2025-04-28 23:45:00,0.29,0.3644218444824219,512,-0.0744218444824219
45792,2025-04-29 00:00:00,0.29,0.3820652961730957,512,-0.09206529617309572
45793,2025-04-29 00:15:00,0.28,0.3894128203392029,512,-0.10941282033920285
45794,2025-04-29 00:30:00,0.28,0.37751322984695435,512,-0.09751322984695432
45795,2025-04-29 00:45:00,0.24,0.34716203808784485,512,-0.10716203808784486
45796,2025-04-29 01:00:00,0.25,0.3248807191848755,512,-0.07488071918487549
45797,2025-04-29 01:15:00,0.27,0.3410719931125641,512,-0.07107199311256407
45798,2025-04-29 01:30:00,0.28,0.34703677892684937,512,-0.06703677892684934
45799,2025-04-29 01:45:00,0.27,0.34536072611808777,512,-0.07536072611808775
45800,2025-04-29 02:00:00,0.33,0.3407270312309265,512,-0.010727031230926498
45801,2025-04-29 02:15:00,0.71,0.35852164030075073,512,0.35147835969924923
45802,2025-04-29 02:30:00,2.55,0.5384078025817871,512,2.0115921974182127
45803,2025-04-29 02:45:00,1.43,1.711774230003357,512,-0.281774230003357
45804,2025-04-29 03:00:00,0.36,1.3068625926971436,512,-0.9468625926971436
45805,2025-04-29 03:15:00,2.34,0.5656866431236267,512,1.7743133568763731
45806,2025-04-29 03:30:00,0.32,1.7869958877563477,512,-1.4669958877563476
45807,2025-04-29 03:45:00,0.32,0.5508326888084412,512,-0.23083268880844116
45808,2025-04-29 04:00:00,0.33,0.45399901270866394,512,-0.12399901270866392
45809,2025-04-29 04:15:00,1.01,0.48167693614959717,512,0.5283230638504028
45810,2025-04-29 04:30:00,0.31,0.7294344902038574,512,-0.4194344902038574
45811,2025-04-29 04:45:00,0.29,0.4742789566516876,512,-0.18427895665168764
45812,2025-04-29 05:00:00,0.31,0.4552091658115387,512,-0.1452091658115387
45813,2025-04-29 05:15:00,0.28,0.4495853781700134,512,-0.1695853781700134
45814,2025-04-29 05:30:00,0.26,0.43339264392852783,512,-0.17339264392852782
45815,2025-04-29 05:45:00,0.26,0.3936399817466736,512,-0.13363998174667358
45816,2025-04-29 06:00:00,0.3,0.3719499707221985,512,-0.0719499707221985
45817,2025-04-29 06:15:00,0.3,0.37027987837791443,512,-0.07027987837791444
45818,2025-04-29 06:30:00,0.24,0.36007851362228394,512,-0.12007851362228394
45819,2025-04-29 06:45:00,0.23,0.3355618119239807,512,-0.1055618119239807
45820,2025-04-29 07:00:00,0.24,0.3328157961368561,512,-0.09281579613685609
45821,2025-04-29 07:15:00,0.24,0.3308943808078766,512,-0.0908943808078766
45822,2025-04-29 07:30:00,0.28,0.309163898229599,512,-0.029163898229598972
45823,2025-04-29 07:45:00,0.33,0.35089609026908875,512,-0.02089609026908873
45824,2025-04-29 08:00:00,0.29,0.3810254633426666,512,-0.09102546334266665
45825,2025-04-29 08:15:00,0.31,0.35693156719207764,512,-0.04693156719207764
45826,2025-04-29 08:30:00,0.33,0.41019415855407715,512,-0.08019415855407713
45827,2025-04-29 08:45:00,0.34,0.44496771693229675,512,-0.10496771693229673
45828,2025-04-29 09:00:00,0.34,0.44267481565475464,512,-0.10267481565475461
45829,2025-04-29 09:15:00,0.95,0.4661867320537567,512,0.48381326794624324
45830,2025-04-29 09:30:00,0.64,0.8186700344085693,512,-0.17867003440856932
45831,2025-04-29 09:45:00,1.44,0.7350602149963379,512,0.7049397850036621
45832,2025-04-29 10:00:00,1.37,1.1034506559371948,512,0.2665493440628053
45833,2025-04-29 10:15:00,1.48,1.2370350360870361,512,0.24296496391296385
45834,2025-04-29 10:30:00,1.56,1.3476650714874268,512,0.2123349285125733
45835,2025-04-29 10:45:00,1.62,1.4239451885223389,512,0.19605481147766124
45836,2025-04-29 11:00:00,1.68,1.5749531984329224,512,0.10504680156707757
45837,2025-04-29 11:15:00,1.92,1.6111712455749512,512,0.30882875442504876
45838,2025-04-29 11:30:00,1.8,1.8056390285491943,512,-0.0056390285491942915
45839,2025-04-29 11:45:00,1.84,1.7369464635849,512,0.10305353641510018
45840,2025-04-29 12:00:00,1.9,1.727502703666687,512,0.1724972963333129
45841,2025-04-29 12:15:00,1.89,1.789408802986145,512,0.10059119701385488
45842,2025-04-29 12:30:00,2.01,1.8515204191207886,512,0.1584795808792112
45843,2025-04-29 12:45:00,2.47,1.965309739112854,512,0.5046902608871462
45844,2025-04-29 13:00:00,2.45,2.3556771278381348,512,0.09432287216186541
45845,2025-04-29 13:15:00,2.58,2.3668479919433594,512,0.2131520080566407
45846,2025-04-29 13:30:00,2.74,2.474121332168579,512,0.2658786678314211
45847,2025-04-29 13:45:00,1.93,2.531005382537842,512,-0.6010053825378419
45848,2025-04-29 14:00:00,0.2,1.6881400346755981,512,-1.4881400346755982
45849,2025-04-29 14:15:00,0.24,0.273290753364563,512,-0.033290753364563
45850,2025-04-29 14:30:00,0.24,0.39831578731536865,512,-0.15831578731536866
45851,2025-04-29 14:45:00,0.22,0.43203985691070557,512,-0.21203985691070557
45852,2025-04-29 15:00:00,0.23,0.4064539670944214,512,-0.17645396709442138
45853,2025-04-29 15:15:00,0.35,0.36173856258392334,512,-0.011738562583923362
45854,2025-04-29 15:30:00,0.19,0.39079535007476807,512,-0.20079535007476806
45855,2025-04-29 15:45:00,0.19,0.26604437828063965,512,-0.07604437828063965
45856,2025-04-29 16:00:00,0.21,0.2503870725631714,512,-0.040387072563171394
45857,2025-04-29 16:15:00,0.23,0.2634303569793701,512,-0.03343035697937011
45858,2025-04-29 16:30:00,0.23,0.2796750068664551,512,-0.04967500686645507
45859,2025-04-29 16:45:00,0.24,0.2796914577484131,512,-0.039691457748413095
45860,2025-04-29 17:00:00,0.23,0.2632124423980713,512,-0.03321244239807128
45861,2025-04-29 17:15:00,0.22,0.2593170404434204,512,-0.03931704044342041
45862,2025-04-29 17:30:00,0.19,0.30197739601135254,512,-0.11197739601135254
45863,2025-04-29 17:45:00,0.19,0.31236696243286133,512,-0.12236696243286133
45864,2025-04-29 18:00:00,0.21,0.319785475730896,512,-0.109785475730896
45865,2025-04-29 18:15:00,0.22,0.3331373929977417,512,-0.1131373929977417
45866,2025-04-29 18:30:00,0.21,0.3287668824195862,512,-0.11876688241958619
45867,2025-04-29 18:45:00,1.42,0.29669809341430664,512,1.1233019065856933
45868,2025-04-29 19:00:00,0.35,1.2265701293945312,512,-0.8765701293945313
45869,2025-04-29 19:15:00,0.69,0.538312554359436,512,0.1516874456405639
45870,2025-04-29 19:30:00,0.59,0.8735179305076599,512,-0.28351793050765994
45871,2025-04-29 19:45:00,0.59,0.7547723054885864,512,-0.16477230548858646
45872,2025-04-29 20:00:00,0.56,0.6238965392112732,512,-0.06389653921127314
45873,2025-04-29 20:15:00,0.57,0.5732594728469849,512,-0.003259472846984912
45874,2025-04-29 20:30:00,0.35,0.5765246748924255,512,-0.22652467489242556
45875,2025-04-29 20:45:00,0.6,0.44653627276420593,512,0.15346372723579405
45876,2025-04-29 21:00:00,0.51,0.5526665449142456,512,-0.0426665449142456
45877,2025-04-29 21:15:00,0.59,0.5356866121292114,512,0.05431338787078854
45878,2025-04-29 21:30:00,0.54,0.5000726580619812,512,0.039927341938018834
45879,2025-04-29 21:45:00,0.51,0.4746028780937195,512,0.035397121906280526
45880,2025-04-29 22:00:00,0.49,0.45230257511138916,512,0.03769742488861083
45881,2025-04-29 22:15:00,0.43,0.4658392667770386,512,-0.03583926677703858
45882,2025-04-29 22:30:00,0.34,0.4179563820362091,512,-0.07795638203620908
45883,2025-04-29 22:45:00,0.27,0.38898366689682007,512,-0.11898366689682005
45884,2025-04-29 23:00:00,0.26,0.3515028953552246,512,-0.0915028953552246
45885,2025-04-29 23:15:00,0.28,0.32415711879730225,512,-0.04415711879730222
45886,2025-04-29 23:30:00,0.28,0.30735307931900024,512,-0.027353079319000217
45887,2025-04-29 23:45:00,0.27,0.29830607771873474,512,-0.028306077718734723
45888,2025-04-30 00:00:00,0.26,0.303758829832077,512,-0.04375882983207702
45889,2025-04-30 00:15:00,0.23,0.3064080774784088,512,-0.0764080774784088
45890,2025-04-30 00:30:00,0.24,0.29606181383132935,512,-0.056061813831329355
45891,2025-04-30 00:45:00,0.25,0.2828384339809418,512,-0.03283843398094177
45892,2025-04-30 01:00:00,0.27,0.29101964831352234,512,-0.02101964831352232
45893,2025-04-30 01:15:00,0.26,0.3148469924926758,512,-0.05484699249267577
45894,2025-04-30 01:30:00,0.28,0.31053560972213745,512,-0.030535609722137425
45895,2025-04-30 01:45:00,0.28,0.3452678918838501,512,-0.06526789188385007
45896,2025-04-30 02:00:00,0.3,0.35232383012771606,512,-0.052323830127716076
45897,2025-04-30 02:15:00,0.32,0.36347365379333496,512,-0.043473653793334954
45898,2025-04-30 02:30:00,1.03,0.379625141620636,512,0.650374858379364
45899,2025-04-30 02:45:00,0.97,0.7852108478546143,512,0.18478915214538572
45900,2025-04-30 03:00:00,0.31,0.8435852527618408,512,-0.5335852527618408
45901,2025-04-30 03:15:00,1.67,0.438788503408432,512,1.231211496591568
45902,2025-04-30 03:30:00,1.01,1.1833384037017822,512,-0.17333840370178222
45903,2025-04-30 03:45:00,0.34,0.9311258792877197,512,-0.5911258792877196
45904,2025-04-30 04:00:00,0.3,0.532762885093689,512,-0.23276288509368898
45905,2025-04-30 04:15:00,0.98,0.44634056091308594,512,0.533659439086914
45906,2025-04-30 04:30:00,0.28,0.7159310579299927,512,-0.43593105792999265
45907,2025-04-30 04:45:00,0.24,0.4462217688560486,512,-0.2062217688560486
45908,2025-04-30 05:00:00,0.23,0.38403528928756714,512,-0.15403528928756713
45909,2025-04-30 05:15:00,0.25,0.3429916203022003,512,-0.09299162030220032
45910,2025-04-30 05:30:00,0.27,0.31945931911468506,512,-0.04945931911468504
45911,2025-04-30 05:45:00,0.27,0.3327007591724396,512,-0.06270075917243956
45912,2025-04-30 06:00:00,0.27,0.3292561173439026,512,-0.05925611734390257
45913,2025-04-30 06:15:00,0.26,0.3410887122154236,512,-0.08108871221542358
45914,2025-04-30 06:30:00,0.21,0.3329278528690338,512,-0.12292785286903382
45915,2025-04-30 06:45:00,0.19,0.2783057689666748,512,-0.0883057689666748
45916,2025-04-30 07:00:00,0.22,0.2532643973827362,512,-0.033264397382736205
45917,2025-04-30 07:15:00,0.31,0.2689886689186096,512,0.04101133108139038
45918,2025-04-30 07:30:00,0.63,0.33052027225494385,512,0.29947972774505616
45919,2025-04-30 07:45:00,1.19,0.5642693638801575,512,0.6257306361198425
45920,2025-04-30 08:00:00,0.53,0.915531575679779,512,-0.385531575679779
45921,2025-04-30 08:15:00,0.45,0.6552863121032715,512,-0.20528631210327147
45922,2025-04-30 08:30:00,0.45,0.6228848099708557,512,-0.1728848099708557
45923,2025-04-30 08:45:00,0.35,0.636993944644928,512,-0.286993944644928
45924,2025-04-30 09:00:00,0.19,0.5836215019226074,512,-0.3936215019226074
45925,2025-04-30 09:15:00,0.24,0.5206822156906128,512,-0.2806822156906128
45926,2025-04-30 09:30:00,0.23,0.5314947366714478,512,-0.30149473667144777
45927,2025-04-30 09:45:00,0.23,0.4594343900680542,512,-0.2294343900680542
45928,2025-04-30 10:00:00,0.22,0.43515142798423767,512,-0.21515142798423767
45929,2025-04-30 10:15:00,0.21,0.4460780620574951,512,-0.23607806205749512
45930,2025-04-30 10:30:00,0.21,0.4018700122833252,512,-0.1918700122833252
45931,2025-04-30 10:45:00,1.42,0.3871694803237915,512,1.0328305196762084
45932,2025-04-30 11:00:00,1.49,1.3278889656066895,512,0.16211103439331054
45933,2025-04-30 11:15:00,1.77,1.6687710285186768,512,0.10122897148132326
45934,2025-04-30 11:30:00,1.65,2.0679755210876465,512,-0.4179755210876466
45935,2025-04-30 11:45:00,1.77,2.0045270919799805,512,-0.23452709197998045
45936,2025-04-30 12:00:00,1.81,2.094484329223633,512,-0.28448432922363276
45937,2025-04-30 12:15:00,2.04,2.357217311859131,512,-0.3172173118591308
45938,2025-04-30 12:30:00,1.9,2.709106922149658,512,-0.8091069221496583
45939,2025-04-30 12:45:00,1.97,2.4845290184020996,512,-0.5145290184020996
45940,2025-04-30 13:00:00,2.78,2.424438953399658,512,0.3555610466003416
45941,2025-04-30 13:15:00,2.57,2.921814203262329,512,-0.35181420326232926
45942,2025-04-30 13:30:00,2.71,2.7115352153778076,512,-0.0015352153778076527
45943,2025-04-30 13:45:00,2.89,2.63226056098938,512,0.25773943901062024
45944,2025-04-30 14:00:00,1.96,2.417323112487793,512,-0.457323112487793
45945,2025-04-30 14:15:00,0.29,1.7119606733322144,512,-1.4219606733322143
45946,2025-04-30 14:30:00,0.3,0.38761186599731445,512,-0.08761186599731446
45947,2025-04-30 14:45:00,0.3,0.480796217918396,512,-0.180796217918396
45948,2025-04-30 15:00:00,4.53,0.46578896045684814,512,4.064211039543152
45949,2025-04-30 15:15:00,1.72,2.880781888961792,512,-1.160781888961792
45950,2025-04-30 15:30:00,1.08,1.2415518760681152,512,-0.16155187606811516
45951,2025-04-30 15:45:00,0.23,0.9245922565460205,512,-0.6945922565460205
45952,2025-04-30 16:00:00,0.44,0.48568737506866455,512,-0.04568737506866455
45953,2025-04-30 16:15:00,0.26,0.5865938663482666,512,-0.3265938663482666
45954,2025-04-30 16:30:00,0.24,0.40826892852783203,512,-0.16826892852783204
45955,2025-04-30 16:45:00,0.26,0.38723230361938477,512,-0.12723230361938476
45956,2025-04-30 17:00:00,0.25,0.38471484184265137,512,-0.13471484184265137
45957,2025-04-30 17:15:00,0.3,0.3497810363769531,512,-0.049781036376953136
45958,2025-04-30 17:30:00,0.19,0.3903231620788574,512,-0.20032316207885742
45959,2025-04-30 17:45:00,0.19,0.28528642654418945,512,-0.09528642654418945
45960,2025-04-30 18:00:00,0.21,0.3410658836364746,512,-0.13106588363647462
45961,2025-04-30 18:15:00,0.2,0.34928417205810547,512,-0.14928417205810546
45962,2025-04-30 18:30:00,0.29,0.3275017738342285,512,-0.037501773834228536
45963,2025-04-30 18:45:00,0.52,0.4165058135986328,512,0.1034941864013672
45964,2025-04-30 19:00:00,0.62,0.648434042930603,512,-0.028434042930603032
45965,2025-04-30 19:15:00,1.08,0.880535364151001,512,0.1994646358489991
45966,2025-04-30 19:30:00,1.01,1.268654704093933,512,-0.2586547040939331
45967,2025-04-30 19:45:00,0.67,1.1620630025863647,512,-0.4920630025863647
45968,2025-04-30 20:00:00,0.72,0.7991801500320435,512,-0.07918015003204348
45969,2025-04-30 20:15:00,1.44,0.7654107809066772,512,0.6745892190933227
45970,2025-04-30 20:30:00,0.73,1.2362194061279297,512,-0.5062194061279297
45971,2025-04-30 20:45:00,0.52,0.8135067224502563,512,-0.29350672245025633
45972,2025-04-30 21:00:00,0.33,0.644736647605896,512,-0.314736647605896
45973,2025-04-30 21:15:00,0.31,0.5493837594985962,512,-0.2393837594985962
45974,2025-04-30 21:30:00,0.51,0.4602893590927124,512,0.04971064090728761
45975,2025-04-30 21:45:00,0.51,0.5425934791564941,512,-0.03259347915649413
45976,2025-04-30 22:00:00,0.52,0.5519427061080933,512,-0.031942706108093244
45977,2025-04-30 22:15:00,0.44,0.5292752981185913,512,-0.0892752981185913
45978,2025-04-30 22:30:00,0.29,0.4636229872703552,512,-0.17362298727035524
45979,2025-04-30 22:45:00,0.25,0.39136362075805664,512,-0.14136362075805664
45980,2025-04-30 23:00:00,0.25,0.35913050174713135,512,-0.10913050174713135
45981,2025-04-30 23:15:00,0.28,0.34195512533187866,512,-0.061955125331878635
45982,2025-04-30 23:30:00,0.28,0.34955304861068726,512,-0.06955304861068723
45983,2025-04-30 23:45:00,0.28,0.3598887324333191,512,-0.07988873243331907
57792,2025-09-01 00:00:00,0.16,0.23936277627944946,512,-0.07936277627944946
57793,2025-09-01 00:15:00,0.16,0.27481502294540405,512,-0.11481502294540405
57794,2025-09-01 00:30:00,0.15,0.2701190412044525,512,-0.12011904120445252
57795,2025-09-01 00:45:00,0.13,0.2795560956001282,512,-0.14955609560012817
57796,2025-09-01 01:00:00,0.17,0.25209784507751465,512,-0.08209784507751464
57797,2025-09-01 01:15:00,0.17,0.30329763889312744,512,-0.13329763889312743
57798,2025-09-01 01:30:00,0.16,0.3067954480648041,512,-0.14679544806480407
57799,2025-09-01 01:45:00,0.16,0.2867976725101471,512,-0.1267976725101471
57800,2025-09-01 02:00:00,0.16,0.2816268801689148,512,-0.12162688016891479
57801,2025-09-01 02:15:00,0.13,0.23912662267684937,512,-0.10912662267684936
57802,2025-09-01 02:30:00,0.17,0.23854412138462067,512,-0.06854412138462065
57803,2025-09-01 02:45:00,0.17,0.24176210165023804,512,-0.07176210165023802
57804,2025-09-01 03:00:00,0.16,0.22839680314064026,512,-0.06839680314064026
57805,2025-09-01 03:15:00,0.16,0.22248277068138123,512,-0.06248277068138122
57806,2025-09-01 03:30:00,0.15,0.2008393406867981,512,-0.0508393406867981
57807,2025-09-01 03:45:00,0.13,0.16696366667747498,512,-0.03696366667747497
57808,2025-09-01 04:00:00,0.16,0.1604291796684265,512,-0.00042917966842651034
57809,2025-09-01 04:15:00,0.17,0.17874225974082947,512,-0.008742259740829456
57810,2025-09-01 04:30:00,0.17,0.2007024884223938,512,-0.030702488422393787
57811,2025-09-01 04:45:00,0.16,0.19981728494167328,512,-0.039817284941673275
57812,2025-09-01 05:00:00,0.16,0.1775963306427002,512,-0.017596330642700192
57813,2025-09-01 05:15:00,0.23,0.17385461926460266,512,0.05614538073539735
57814,2025-09-01 05:30:00,0.27,0.3082130551338196,512,-0.03821305513381956
57815,2025-09-01 05:45:00,0.17,0.3843320608139038,512,-0.2143320608139038
57816,2025-09-01 06:00:00,0.19,0.21632058918476105,512,-0.026320589184761045
57817,2025-09-01 06:15:00,0.22,0.26667559146881104,512,-0.046675591468811034
57818,2025-09-01 06:30:00,0.21,0.3241194486618042,512,-0.11411944866180421
57819,2025-09-01 06:45:00,0.19,0.2603827118873596,512,-0.07038271188735962
57820,2025-09-01 07:00:00,0.16,0.22651097178459167,512,-0.06651097178459167
57821,2025-09-01 07:15:00,0.72,0.2024230659008026,512,0.5175769340991974
57822,2025-09-01 07:30:00,0.83,1.3539077043533325,512,-0.5239077043533326
57823,2025-09-01 07:45:00,0.19,1.2382336854934692,512,-1.0482336854934693
57824,2025-09-01 08:00:00,0.19,0.2844110131263733,512,-0.09441101312637329
57825,2025-09-01 08:15:00,0.86,0.23546919226646423,512,0.6245308077335358
57826,2025-09-01 08:30:00,0.14,1.217625617980957,512,-1.077625617980957
57827,2025-09-01 08:45:00,0.12,0.3499423563480377,512,-0.22994235634803772
57828,2025-09-01 09:00:00,0.12,0.3516029715538025,512,-0.2316029715538025
57829,2025-09-01 09:15:00,0.14,0.21247544884681702,512,-0.072475448846817
57830,2025-09-01 09:30:00,0.13,0.16353276371955872,512,-0.03353276371955871
57831,2025-09-01 09:45:00,0.12,0.20222671329975128,512,-0.08222671329975129
57832,2025-09-01 10:00:00,0.12,0.17589449882507324,512,-0.05589449882507325
57833,2025-09-01 10:15:00,0.12,0.17041799426078796,512,-0.05041799426078797
57834,2025-09-01 10:30:00,0.12,0.1656332015991211,512,-0.0456332015991211
57835,2025-09-01 10:45:00,0.12,0.14593453705310822,512,-0.02593453705310822
57836,2025-09-01 11:00:00,0.13,0.1443529725074768,512,-0.014352972507476802
57837,2025-09-01 11:15:00,0.12,0.14173664152622223,512,-0.021736641526222233
57838,2025-09-01 11:30:00,0.12,0.14035815000534058,512,-0.02035815000534058
57839,2025-09-01 11:45:00,0.12,0.13580594956874847,512,-0.01580594956874848
57840,2025-09-01 12:00:00,0.12,0.1386033594608307,512,-0.018603359460830693
57841,2025-09-01 12:15:00,0.12,0.13834981620311737,512,-0.018349816203117375
57842,2025-09-01 12:30:00,0.13,0.1393473595380783,512,-0.009347359538078304
57843,2025-09-01 12:45:00,0.12,0.14013516902923584,512,-0.020135169029235844
57844,2025-09-01 13:00:00,0.12,0.13303078711032867,512,-0.013030787110328679
57845,2025-09-01 13:15:00,0.12,0.1280384212732315,512,-0.00803842127323151
57846,2025-09-01 13:30:00,0.12,0.12759411334991455,512,-0.007594113349914555
57847,2025-09-01 13:45:00,0.12,0.12882570922374725,512,-0.008825709223747258
57848,2025-09-01 14:00:00,0.12,0.12530845403671265,512,-0.005308454036712651
57849,2025-09-01 14:15:00,0.26,0.13349303603172302,512,0.126506963968277
57850,2025-09-01 14:30:00,0.98,0.2539791762828827,512,0.7260208237171173
57851,2025-09-01 14:45:00,0.54,1.6891225576400757,512,-1.1491225576400756
57852,2025-09-01 15:00:00,0.33,0.31763461232185364,512,0.012365387678146378
57853,2025-09-01 15:15:00,0.26,0.2522296905517578,512,0.007770309448242196
57854,2025-09-01 15:30:00,0.26,0.2103867530822754,512,0.04961324691772462
57855,2025-09-01 15:45:00,0.23,0.21017298102378845,512,0.019827018976211558
57856,2025-09-01 16:00:00,0.45,0.19420582056045532,512,0.2557941794395447
57857,2025-09-01 16:15:00,0.41,0.2778055965900421,512,0.13219440340995786
57858,2025-09-01 16:30:00,0.3,0.2797203063964844,512,0.020279693603515614
57859,2025-09-01 16:45:00,0.15,0.24170920252799988,512,-0.09170920252799988
57860,2025-09-01 17:00:00,0.12,0.1763511449098587,512,-0.05635114490985871
57861,2025-09-01 17:15:00,0.12,0.14981473982334137,512,-0.029814739823341374
57862,2025-09-01 17:30:00,0.15,0.153615340590477,512,-0.0036153405904769953
57863,2025-09-01 17:45:00,0.12,0.1412680745124817,512,-0.021268074512481694
57864,2025-09-01 18:00:00,0.12,0.14106720685958862,512,-0.021067206859588627
57865,2025-09-01 18:15:00,0.13,0.13296319544315338,512,-0.002963195443153377
57866,2025-09-01 18:30:00,0.15,0.134795680642128,512,0.015204319357872004
57867,2025-09-01 18:45:00,0.18,0.1360550969839096,512,0.043944903016090386
57868,2025-09-01 19:00:00,0.17,0.15735462307929993,512,0.012645376920700085
57869,2025-09-01 19:15:00,0.17,0.16086755692958832,512,0.009132443070411694
57870,2025-09-01 19:30:00,0.16,0.15930697321891785,512,0.0006930267810821567
57871,2025-09-01 19:45:00,0.15,0.16771623492240906,512,-0.017716234922409063
57872,2025-09-01 20:00:00,0.15,0.16724780201911926,512,-0.017247802019119268
57873,2025-09-01 20:15:00,0.18,0.15885263681411743,512,0.02114736318588256
57874,2025-09-01 20:30:00,0.18,0.17891359329223633,512,0.0010864067077636652
57875,2025-09-01 20:45:00,0.17,0.1889556646347046,512,-0.018955664634704578
57876,2025-09-01 21:00:00,0.17,0.17024178802967072,512,-0.00024178802967070312
57877,2025-09-01 21:15:00,0.15,0.17047880589962006,512,-0.02047880589962006
57878,2025-09-01 21:30:00,0.12,0.15818987786769867,512,-0.038189877867698674
57879,2025-09-01 21:45:00,0.16,0.1440962702035904,512,0.01590372979640961
57880,2025-09-01 22:00:00,0.16,0.15986268222332,512,0.000137317776679996
57881,2025-09-01 22:15:00,0.15,0.1667945384979248,512,-0.01679453849792481
57882,2025-09-01 22:30:00,0.15,0.15699680149555206,512,-0.0069968014955520685
57883,2025-09-01 22:45:00,0.15,0.1520734429359436,512,-0.002073442935943609
57884,2025-09-01 23:00:00,0.12,0.14870072901248932,512,-0.028700729012489323
57885,2025-09-01 23:15:00,0.45,0.13973499834537506,512,0.31026500165462495
57886,2025-09-01 23:30:00,0.65,0.4352078437805176,512,0.21479215621948244
57887,2025-09-01 23:45:00,0.64,0.7016696333885193,512,-0.061669633388519274
57888,2025-09-02 00:00:00,0.63,0.6028292775154114,512,0.027170722484588627
57889,2025-09-02 00:15:00,0.26,0.5850763320922852,512,-0.32507633209228515
57890,2025-09-02 00:30:00,0.23,0.2239508330821991,512,0.006049166917800913
57891,2025-09-02 00:45:00,0.25,0.22399583458900452,512,0.026004165410995483
57892,2025-09-02 01:00:00,0.28,0.24245673418045044,512,0.03754326581954959
57893,2025-09-02 01:15:00,0.27,0.28918448090553284,512,-0.01918448090553282
57894,2025-09-02 01:30:00,0.27,0.25892090797424316,512,0.011079092025756854
57895,2025-09-02 01:45:00,0.26,0.2408222258090973,512,0.01917777419090272
57896,2025-09-02 02:00:00,0.24,0.22920793294906616,512,0.010792067050933829
57897,2025-09-02 02:15:00,0.24,0.21962805092334747,512,0.020371949076652518
57898,2025-09-02 02:30:00,0.28,0.22485968470573425,512,0.055140315294265774
57899,2025-09-02 02:45:00,0.27,0.2505857050418854,512,0.019414294958114642
57900,2025-09-02 03:00:00,0.26,0.24494943022727966,512,0.015050569772720346
57901,2025-09-02 03:15:00,0.26,0.24201303720474243,512,0.017986962795257577
57902,2025-09-02 03:30:00,0.25,0.24086138606071472,512,0.009138613939285278
57903,2025-09-02 03:45:00,0.23,0.24013537168502808,512,-0.010135371685028066
57904,2025-09-02 04:00:00,0.31,0.230473130941391,512,0.079526869058609
57905,2025-09-02 04:15:00,0.37,0.2662026882171631,512,0.10379731178283691
57906,2025-09-02 04:30:00,0.54,0.31701719760894775,512,0.22298280239105228
57907,2025-09-02 04:45:00,0.35,0.5487017631530762,512,-0.1987017631530762
57908,2025-09-02 05:00:00,0.26,0.2908163368701935,512,-0.030816336870193473
57909,2025-09-02 05:15:00,0.23,0.25214695930480957,512,-0.02214695930480956
57910,2025-09-02 05:30:00,0.26,0.23452690243721008,512,0.025473097562789926
57911,2025-09-02 05:45:00,0.27,0.24767544865608215,512,0.022324551343917864
57912,2025-09-02 06:00:00,0.26,0.2627904415130615,512,-0.0027904415130615146
57913,2025-09-02 06:15:00,0.26,0.2551186978816986,512,0.0048813021183014005
57914,2025-09-02 06:30:00,0.26,0.2543751001358032,512,0.005624899864196786
57915,2025-09-02 06:45:00,0.23,0.25365811586380005,512,-0.02365811586380004
57916,2025-09-02 07:00:00,0.24,0.24446123838424683,512,-0.004461238384246835
57917,2025-09-02 07:15:00,0.25,0.25621670484542847,512,-0.006216704845428467
57918,2025-09-02 07:30:00,0.22,0.265686571598053,512,-0.04568657159805298
57919,2025-09-02 07:45:00,0.22,0.23940564692020416,512,-0.01940564692020416
57920,2025-09-02 08:00:00,0.21,0.24037328362464905,512,-0.030373283624649056
57921,2025-09-02 08:15:00,0.21,0.22763162851333618,512,-0.01763162851333619
57922,2025-09-02 08:30:00,0.19,0.22834892570972443,512,-0.038348925709724424
57923,2025-09-02 08:45:00,0.23,0.2175024449825287,512,0.012497555017471323
57924,2025-09-02 09:00:00,0.27,0.25026315450668335,512,0.019736845493316668
57925,2025-09-02 09:15:00,0.26,0.2972180247306824,512,-0.037218024730682364
57926,2025-09-02 09:30:00,0.21,0.2782338559627533,512,-0.0682338559627533
57927,2025-09-02 09:45:00,0.2,0.25365421175956726,512,-0.05365421175956725
57928,2025-09-02 10:00:00,0.18,0.24077662825584412,512,-0.06077662825584412
57929,2025-09-02 10:15:00,0.21,0.2303811013698578,512,-0.020381101369857796
57930,2025-09-02 10:30:00,0.23,0.2426081895828247,512,-0.012608189582824697
57931,2025-09-02 10:45:00,0.22,0.25444287061691284,512,-0.03444287061691284
57932,2025-09-02 11:00:00,0.21,0.24791553616523743,512,-0.037915536165237435
57933,2025-09-02 11:15:00,0.21,0.2445034384727478,512,-0.03450343847274781
57934,2025-09-02 11:30:00,0.18,0.24236443638801575,512,-0.062364436388015754
57935,2025-09-02 11:45:00,0.21,0.22372198104858398,512,-0.013721981048583992
57936,2025-09-02 12:00:00,0.23,0.238128662109375,512,-0.00812866210937499
57937,2025-09-02 12:15:00,0.22,0.24625682830810547,512,-0.026256828308105468
57938,2025-09-02 12:30:00,0.22,0.2445501983165741,512,-0.024550198316574096
57939,2025-09-02 12:45:00,0.22,0.2486007809638977,512,-0.028600780963897704
57940,2025-09-02 13:00:00,0.19,0.25175124406814575,512,-0.06175124406814575
57941,2025-09-02 13:15:00,0.4,0.23811015486717224,512,0.16188984513282778
57942,2025-09-02 13:30:00,1.34,0.3644428253173828,512,0.9755571746826173
57943,2025-09-02 13:45:00,1.63,1.1150469779968262,512,0.5149530220031737
57944,2025-09-02 14:00:00,2.09,1.4615384340286255,512,0.6284615659713744
57945,2025-09-02 14:15:00,2.2,2.416114330291748,512,-0.21611433029174787
57946,2025-09-02 14:30:00,2.54,2.4565787315368652,512,0.0834212684631348
57947,2025-09-02 14:45:00,2.68,2.99180006980896,512,-0.3118000698089598
57948,2025-09-02 15:00:00,2.68,3.0394935607910156,512,-0.35949356079101547
57949,2025-09-02 15:15:00,3.39,2.9122118949890137,512,0.47778810501098645
57950,2025-09-02 15:30:00,2.15,3.7063992023468018,512,-1.5563992023468018
57951,2025-09-02 15:45:00,2.5,2.012258291244507,512,0.48774170875549316
57952,2025-09-02 16:00:00,3.47,2.5059523582458496,512,0.9640476417541506
57953,2025-09-02 16:15:00,2.88,3.325199604034424,512,-0.44519960403442393
57954,2025-09-02 16:30:00,2.64,2.732555389404297,512,-0.09255538940429675
57955,2025-09-02 16:45:00,2.32,2.524071216583252,512,-0.2040712165832521
57956,2025-09-02 17:00:00,0.31,2.205955743789673,512,-1.8959557437896728
57957,2025-09-02 17:15:00,0.31,0.3534500002861023,512,-0.0434500002861023
57958,2025-09-02 17:30:00,0.39,0.30214810371398926,512,0.08785189628601076
57959,2025-09-02 17:45:00,0.34,0.324489951133728,512,0.015510048866271997
57960,2025-09-02 18:00:00,0.37,0.32662931084632874,512,0.04337068915367126
57961,2025-09-02 18:15:00,0.27,0.37399476766586304,512,-0.10399476766586302
57962,2025-09-02 18:30:00,0.23,0.28793084621429443,512,-0.057930846214294424
57963,2025-09-02 18:45:00,0.2,0.18402254581451416,512,0.01597745418548585
57964,2025-09-02 19:00:00,0.22,0.1770494133234024,512,0.042950586676597596
57965,2025-09-02 19:15:00,0.19,0.2048393338918686,512,-0.014839333891868589
57966,2025-09-02 19:30:00,0.24,0.1868978589773178,512,0.05310214102268218
57967,2025-09-02 19:45:00,1.34,0.18909822404384613,512,1.150901775956154
57968,2025-09-02 20:00:00,1.38,0.8373010158538818,512,0.5426989841461181
57969,2025-09-02 20:15:00,0.66,0.8918830156326294,512,-0.23188301563262936
57970,2025-09-02 20:30:00,1.18,0.42350178956985474,512,0.7564982104301452
57971,2025-09-02 20:45:00,0.48,0.8704636096954346,512,-0.3904636096954346
57972,2025-09-02 21:00:00,1.24,0.38493600487709045,512,0.8550639951229095
57973,2025-09-02 21:15:00,1.3,0.9592015743255615,512,0.3407984256744385
57974,2025-09-02 21:30:00,2.12,0.9711650609970093,512,1.1488349390029908
57975,2025-09-02 21:45:00,2.74,1.575392484664917,512,1.1646075153350832
57976,2025-09-02 22:00:00,0.7,2.177644729614258,512,-1.4776447296142579
57977,2025-09-02 22:15:00,0.63,0.6598711013793945,512,-0.029871101379394527
57978,2025-09-02 22:30:00,0.68,0.5152181386947632,512,0.16478186130523687
57979,2025-09-02 22:45:00,0.7,0.5426978468894958,512,0.1573021531105041
57980,2025-09-02 23:00:00,0.51,0.6627286672592163,512,-0.1527286672592163
57981,2025-09-02 23:15:00,0.59,0.5928328037261963,512,-0.00283280372619632
57982,2025-09-02 23:30:00,2.19,0.5824753046035767,512,1.6075246953964233
57983,2025-09-02 23:45:00,0.65,1.670589804649353,512,-1.0205898046493531
57984,2025-09-03 00:00:00,0.6,0.5443966388702393,512,0.05560336112976072
57985,2025-09-03 00:15:00,0.37,0.5808253288269043,512,-0.2108253288269043
57986,2025-09-03 00:30:00,0.29,0.4835895001888275,512,-0.19358950018882753
57987,2025-09-03 00:45:00,0.33,0.37985759973526,512,-0.049857599735259994
57988,2025-09-03 01:00:00,0.37,0.41023802757263184,512,-0.04023802757263184
57989,2025-09-03 01:15:00,0.36,0.38293570280075073,512,-0.022935702800750746
57990,2025-09-03 01:30:00,0.36,0.3702392578125,512,-0.010239257812500013
57991,2025-09-03 01:45:00,0.32,0.39297980070114136,512,-0.07297980070114135
57992,2025-09-03 02:00:00,0.28,0.37388861179351807,512,-0.09388861179351804
57993,2025-09-03 02:15:00,0.28,0.3338862955570221,512,-0.05388629555702207
57994,2025-09-03 02:30:00,0.31,0.3154018819332123,512,-0.0054018819332122825
57995,2025-09-03 02:45:00,0.29,0.3234284520149231,512,-0.033428452014923116
57996,2025-09-03 03:00:00,0.33,0.30793052911758423,512,0.022069470882415787
57997,2025-09-03 03:15:00,0.32,0.3399742841720581,512,-0.0199742841720581
57998,2025-09-03 03:30:00,0.33,0.33598101139068604,512,-0.00598101139068602
57999,2025-09-03 03:45:00,0.32,0.3278992772102356,512,-0.007899277210235589
58000,2025-09-03 04:00:00,0.31,0.3252605199813843,512,-0.01526051998138428
58001,2025-09-03 04:15:00,0.29,0.3112693130970001,512,-0.021269313097000142
58002,2025-09-03 04:30:00,0.28,0.32071346044540405,512,-0.040713460445404026
58003,2025-09-03 04:45:00,0.32,0.31501632928848267,512,0.004983670711517341
58004,2025-09-03 05:00:00,0.37,0.3444821834564209,512,0.025517816543579097
58005,2025-09-03 05:15:00,1.79,0.36325252056121826,512,1.4267474794387818
58006,2025-09-03 05:30:00,0.37,1.3915562629699707,512,-1.0215562629699706
58007,2025-09-03 05:45:00,1.73,0.36733606457710266,512,1.3626639354228973
58008,2025-09-03 06:00:00,0.38,1.0006223917007446,512,-0.6206223917007446
58009,2025-09-03 06:15:00,0.3,0.4500887393951416,512,-0.1500887393951416
58010,2025-09-03 06:30:00,1.0,0.3837684094905853,512,0.6162315905094147
58011,2025-09-03 06:45:00,0.32,0.7084187865257263,512,-0.3884187865257263
58012,2025-09-03 07:00:00,0.33,0.4192417860031128,512,-0.08924178600311278
58013,2025-09-03 07:15:00,0.46,0.40246856212615967,512,0.05753143787384035
58014,2025-09-03 07:30:00,0.36,0.4584190845489502,512,-0.09841908454895021
58015,2025-09-03 07:45:00,1.26,0.3937898874282837,512,0.8662101125717163
58016,2025-09-03 08:00:00,0.59,0.723839282989502,512,-0.13383928298950198
58017,2025-09-03 08:15:00,0.48,0.5751855373382568,512,-0.09518553733825685
58018,2025-09-03 08:30:00,1.09,0.5440787672996521,512,0.545921232700348
58019,2025-09-03 08:45:00,1.06,0.7294225692749023,512,0.3305774307250977
58020,2025-09-03 09:00:00,0.29,0.8564064502716064,512,-0.5664064502716064
58021,2025-09-03 09:15:00,0.25,0.483558714389801,512,-0.23355871438980103
58022,2025-09-03 09:30:00,0.23,0.3895108103752136,512,-0.1595108103752136
58023,2025-09-03 09:45:00,0.21,0.3511419892311096,512,-0.14114198923110963
58024,2025-09-03 10:00:00,0.22,0.3290145695209503,512,-0.10901456952095032
58025,2025-09-03 10:15:00,0.19,0.3160417675971985,512,-0.12604176759719848
58026,2025-09-03 10:30:00,0.21,0.28706055879592896,512,-0.07706055879592896
58027,2025-09-03 10:45:00,1.12,0.28621038794517517,512,0.8337896120548249
58028,2025-09-03 11:00:00,3.39,0.5927866697311401,512,2.79721333026886
58029,2025-09-03 11:15:00,4.3,2.5922460556030273,512,1.7077539443969725
58030,2025-09-03 11:30:00,3.77,3.7003283500671387,512,0.06967164993286135
58031,2025-09-03 11:45:00,4.29,3.248563766479492,512,1.0414362335205078
58032,2025-09-03 12:00:00,5.32,4.053648948669434,512,1.2663510513305667
58033,2025-09-03 12:15:00,5.05,4.843777656555176,512,0.20622234344482404
58034,2025-09-03 12:30:00,5.25,4.572258472442627,512,0.677741527557373
58035,2025-09-03 12:45:00,5.24,4.788733959197998,512,0.45126604080200217
58036,2025-09-03 13:00:00,4.95,4.888347625732422,512,0.0616523742675783
58037,2025-09-03 13:15:00,4.9,4.485682964324951,512,0.4143170356750492
58038,2025-09-03 13:30:00,4.54,4.638546466827393,512,-0.09854646682739254
58039,2025-09-03 13:45:00,4.16,4.221223831176758,512,-0.06122383117675767
58040,2025-09-03 14:00:00,3.69,3.9379448890686035,512,-0.24794488906860357
58041,2025-09-03 14:15:00,2.62,3.500272274017334,512,-0.8802722740173339
58042,2025-09-03 14:30:00,3.69,2.2285783290863037,512,1.4614216709136962
58043,2025-09-03 14:45:00,2.85,3.455223560333252,512,-0.6052235603332519
58044,2025-09-03 15:00:00,2.44,2.6576054096221924,512,-0.21760540962219244
58045,2025-09-03 15:15:00,4.66,2.3029568195343018,512,2.3570431804656984
58046,2025-09-03 15:30:00,2.65,3.5404951572418213,512,-0.8904951572418214
58047,2025-09-03 15:45:00,2.36,2.342409372329712,512,0.01759062767028796
58048,2025-09-03 16:00:00,2.38,2.2190210819244385,512,0.16097891807556142
58049,2025-09-03 16:15:00,2.45,2.097179651260376,512,0.3528203487396242
58050,2025-09-03 16:30:00,2.14,2.1373202800750732,512,0.002679719924926882
58051,2025-09-03 16:45:00,1.74,1.8838880062103271,512,-0.14388800621032716
58052,2025-09-03 17:00:00,0.96,1.581540822982788,512,-0.6215408229827881
58053,2025-09-03 17:15:00,0.34,0.9355465769767761,512,-0.595546576976776
58054,2025-09-03 17:30:00,0.23,0.5107563138008118,512,-0.2807563138008118
58055,2025-09-03 17:45:00,0.24,0.3312017321586609,512,-0.0912017321586609
58056,2025-09-03 18:00:00,0.22,0.37059593200683594,512,-0.15059593200683594
58057,2025-09-03 18:15:00,1.07,0.32280072569847107,512,0.747199274301529
58058,2025-09-03 18:30:00,0.8,0.7726765871047974,512,0.02732341289520268
58059,2025-09-03 18:45:00,0.25,0.6321057081222534,512,-0.3821057081222534
58060,2025-09-03 19:00:00,1.18,0.3615894913673401,512,0.8184105086326598
58061,2025-09-03 19:15:00,1.36,0.7112392783164978,512,0.6487607216835023
58062,2025-09-03 19:30:00,0.93,0.8198316693305969,512,0.11016833066940313
58063,2025-09-03 19:45:00,1.08,0.6573373079299927,512,0.4226626920700074
58064,2025-09-03 20:00:00,0.69,0.8487256169319153,512,-0.15872561693191534
58065,2025-09-03 20:15:00,0.62,0.5955010056495667,512,0.024498994350433345
58066,2025-09-03 20:30:00,0.54,0.5550888180732727,512,-0.01508881807327267
58067,2025-09-03 20:45:00,0.53,0.6206943392753601,512,-0.09069433927536008
58068,2025-09-03 21:00:00,0.76,0.5577346682548523,512,0.20226533174514771
58069,2025-09-03 21:15:00,0.65,0.629339337348938,512,0.020660662651062034
58070,2025-09-03 21:30:00,0.67,0.5969787240028381,512,0.0730212759971619
58071,2025-09-03 21:45:00,1.36,0.5737856030464172,512,0.7862143969535829
58072,2025-09-03 22:00:00,0.66,0.9950565099716187,512,-0.3350565099716186
58073,2025-09-03 22:15:00,0.67,0.6895841360092163,512,-0.01958413600921627
58074,2025-09-03 22:30:00,0.62,0.7196779251098633,512,-0.09967792510986329
58075,2025-09-03 22:45:00,0.63,0.6777915954589844,512,-0.04779159545898437
58076,2025-09-03 23:00:00,1.48,0.6509543657302856,512,0.8290456342697143
58077,2025-09-03 23:15:00,0.84,1.164262056350708,512,-0.32426205635070804
58078,2025-09-03 23:30:00,0.62,0.8183737397193909,512,-0.19837373971939087
58079,2025-09-03 23:45:00,0.85,0.6717687845230103,512,0.17823121547698972
58080,2025-09-04 00:00:00,0.97,0.7558301687240601,512,0.21416983127593991
58081,2025-09-04 00:15:00,0.26,0.8264546394348145,512,-0.5664546394348144
58082,2025-09-04 00:30:00,0.29,0.4434662461280823,512,-0.1534662461280823
58083,2025-09-04 00:45:00,0.31,0.4294264614582062,512,-0.11942646145820618
58084,2025-09-04 01:00:00,0.3,0.401984840631485,512,-0.101984840631485
58085,2025-09-04 01:15:00,0.29,0.41779786348342896,512,-0.12779786348342898
58086,2025-09-04 01:30:00,0.27,0.4162781536579132,512,-0.1462781536579132
58087,2025-09-04 01:45:00,0.25,0.3875885009765625,512,-0.1375885009765625
58088,2025-09-04 02:00:00,0.28,0.33533811569213867,512,-0.055338115692138645
58089,2025-09-04 02:15:00,0.3,0.3529280424118042,512,-0.05292804241180421
58090,2025-09-04 02:30:00,0.29,0.3628128468990326,512,-0.07281284689903261
58091,2025-09-04 02:45:00,0.28,0.36819297075271606,512,-0.08819297075271604
58092,2025-09-04 03:00:00,0.29,0.3664647936820984,512,-0.07646479368209841
58093,2025-09-04 03:15:00,0.26,0.3502102196216583,512,-0.09021021962165832
58094,2025-09-04 03:30:00,0.29,0.3338787853717804,512,-0.043878785371780415
58095,2025-09-04 03:45:00,0.35,0.34220269322395325,512,0.007797306776046731
58096,2025-09-04 04:00:00,1.1,0.3729986548423767,512,0.7270013451576234
58097,2025-09-04 04:15:00,1.16,0.8158354759216309,512,0.34416452407836906
58098,2025-09-04 04:30:00,1.05,0.942678689956665,512,0.107321310043335
58099,2025-09-04 04:45:00,1.84,0.9304425716400146,512,0.9095574283599854
58100,2025-09-04 05:00:00,2.64,1.6690607070922852,512,0.970939292907715
58101,2025-09-04 05:15:00,2.45,2.2492237091064453,512,0.20077629089355487
58102,2025-09-04 05:30:00,1.9,2.151634931564331,512,-0.25163493156433114
58103,2025-09-04 05:45:00,0.47,1.7681530714035034,512,-1.2981530714035034
58104,2025-09-04 06:00:00,0.48,0.5755231380462646,512,-0.09552313804626467
58105,2025-09-04 06:15:00,1.78,0.5313572883605957,512,1.2486427116394043
58106,2025-09-04 06:30:00,0.54,1.4651635885238647,512,-0.9251635885238647
58107,2025-09-04 06:45:00,0.48,0.6269069314002991,512,-0.1469069314002991
58108,2025-09-04 07:00:00,0.41,0.6066173315048218,512,-0.1966173315048218
58109,2025-09-04 07:15:00,0.53,0.45198407769203186,512,0.07801592230796817
58110,2025-09-04 07:30:00,1.02,0.5608209371566772,512,0.45917906284332277
58111,2025-09-04 07:45:00,1.87,0.9228396415710449,512,0.9471603584289552
58112,2025-09-04 08:00:00,1.18,1.6646316051483154,512,-0.4846316051483155
58113,2025-09-04 08:15:00,5.41,1.0215144157409668,512,4.388485584259033
58114,2025-09-04 08:30:00,2.41,3.779083251953125,512,-1.3690832519531249
58115,2025-09-04 08:45:00,0.67,1.8780368566513062,512,-1.2080368566513062
58116,2025-09-04 09:00:00,1.74,0.8673990964889526,512,0.8726009035110474
58117,2025-09-04 09:15:00,1.82,1.3021485805511475,512,0.5178514194488526
58118,2025-09-04 09:30:00,0.42,1.4552597999572754,512,-1.0352597999572755
58119,2025-09-04 09:45:00,0.33,0.5754954218864441,512,-0.24549542188644408
58120,2025-09-04 10:00:00,1.73,0.5253344774246216,512,1.2046655225753784
58121,2025-09-04 10:15:00,0.36,1.1865150928497314,512,-0.8265150928497315
58122,2025-09-04 10:30:00,0.3,0.5312660932540894,512,-0.23126609325408937
58123,2025-09-04 10:45:00,0.43,0.5684159994125366,512,-0.13841599941253663
58124,2025-09-04 11:00:00,0.34,0.5967415571212769,512,-0.25674155712127683
58125,2025-09-04 11:15:00,0.27,0.456087201833725,512,-0.18608720183372496
58126,2025-09-04 11:30:00,1.15,0.3943037986755371,512,0.7556962013244628
58127,2025-09-04 11:45:00,1.43,0.7364047765731812,512,0.6935952234268188
58128,2025-09-04 12:00:00,2.91,1.0372931957244873,512,1.8727068042755128
58129,2025-09-04 12:15:00,4.13,1.95863676071167,512,2.17136323928833
58130,2025-09-04 12:30:00,3.95,2.5108182430267334,512,1.4391817569732668
58131,2025-09-04 12:45:00,4.06,2.742370128631592,512,1.3176298713684078
58132,2025-09-04 13:00:00,4.82,3.115952968597412,512,1.7040470314025882
58133,2025-09-04 13:15:00,5.11,3.633713960647583,512,1.4762860393524173
58134,2025-09-04 13:30:00,5.2,4.289506435394287,512,0.9104935646057131
58135,2025-09-04 13:45:00,4.95,4.487044811248779,512,0.4629551887512209
58136,2025-09-04 14:00:00,5.0,4.125039577484131,512,0.8749604225158691
58137,2025-09-04 14:15:00,4.47,4.462855815887451,512,0.0071441841125485794
58138,2025-09-04 14:30:00,4.31,3.9706382751464844,512,0.33936172485351523
58139,2025-09-04 14:45:00,4.24,3.9155633449554443,512,0.3244366550445559
58140,2025-09-04 15:00:00,3.89,3.6493008136749268,512,0.24069918632507337
58141,2025-09-04 15:15:00,3.75,3.8061797618865967,512,-0.05617976188659668
58142,2025-09-04 15:30:00,3.44,3.1149768829345703,512,0.32502311706542963
58143,2025-09-04 15:45:00,2.98,2.961373805999756,512,0.018626194000244123
58144,2025-09-04 16:00:00,2.69,2.8733909130096436,512,-0.1833909130096436
58145,2025-09-04 16:15:00,2.5,2.4916601181030273,512,0.008339881896972656
58146,2025-09-04 16:30:00,2.13,2.2019870281219482,512,-0.07198702812194835
58147,2025-09-04 16:45:00,1.66,1.6933401823043823,512,-0.033340182304382404
58148,2025-09-04 17:00:00,0.99,1.3526806831359863,512,-0.36268068313598634
58149,2025-09-04 17:15:00,0.47,0.6361477375030518,512,-0.16614773750305178
58150,2025-09-04 17:30:00,0.33,0.3076297640800476,512,0.022370235919952408
58151,2025-09-04 17:45:00,0.33,0.2901036739349365,512,0.03989632606506349
58152,2025-09-04 18:00:00,1.45,0.42802688479423523,512,1.0219731152057647
58153,2025-09-04 18:15:00,3.31,1.4845077991485596,512,1.8254922008514405
58154,2025-09-04 18:30:00,1.27,2.9795944690704346,512,-1.7095944690704346
58155,2025-09-04 18:45:00,2.74,0.8657904267311096,512,1.8742095732688906
58156,2025-09-04 19:00:00,1.34,2.6298868656158447,512,-1.2898868656158446
58157,2025-09-04 19:15:00,1.28,1.2320460081100464,512,0.04795399188995364
58158,2025-09-04 19:30:00,1.86,1.4136863946914673,512,0.4463136053085328
58159,2025-09-04 19:45:00,0.38,1.7731610536575317,512,-1.3931610536575318
58160,2025-09-04 20:00:00,0.3,0.6458404064178467,512,-0.3458404064178467
58161,2025-09-04 20:15:00,0.34,0.564115583896637,512,-0.22411558389663694
58162,2025-09-04 20:30:00,0.33,0.37938374280929565,512,-0.04938374280929564
58163,2025-09-04 20:45:00,0.32,0.41969937086105347,512,-0.09969937086105346
58164,2025-09-04 21:00:00,0.3,0.4061785042285919,512,-0.10617850422859193
58165,2025-09-04 21:15:00,0.27,0.32666289806365967,512,-0.05666289806365965
58166,2025-09-04 21:30:00,0.29,0.33132603764533997,512,-0.041326037645339986
58167,2025-09-04 21:45:00,0.26,0.28788888454437256,512,-0.02788888454437255
58168,2025-09-04 22:00:00,0.38,0.3349660634994507,512,0.04503393650054932
58169,2025-09-04 22:15:00,0.4,0.4031238555908203,512,-0.0031238555908202903
58170,2025-09-04 22:30:00,0.4,0.39268890023231506,512,0.007311099767684959
58171,2025-09-04 22:45:00,0.39,0.4549625813961029,512,-0.06496258139610289
58172,2025-09-04 23:00:00,0.39,0.41445308923721313,512,-0.02445308923721312
58173,2025-09-04 23:15:00,0.33,0.3991604447364807,512,-0.0691604447364807
58174,2025-09-04 23:30:00,0.27,0.35700488090515137,512,-0.08700488090515135
58175,2025-09-04 23:45:00,0.26,0.3498913049697876,512,-0.08989130496978759
58176,2025-09-05 00:00:00,0.26,0.3767639994621277,512,-0.11676399946212768
58177,2025-09-05 00:15:00,0.26,0.3578284978866577,512,-0.0978284978866577
58178,2025-09-05 00:30:00,0.24,0.38355499505996704,512,-0.14355499505996705
58179,2025-09-05 00:45:00,0.26,0.3393097519874573,512,-0.07930975198745727
58180,2025-09-05 01:00:00,0.27,0.3740970194339752,512,-0.1040970194339752
58181,2025-09-05 01:15:00,0.27,0.375732958316803,512,-0.10573295831680296
58182,2025-09-05 01:30:00,0.26,0.36113080382347107,512,-0.10113080382347106
58183,2025-09-05 01:45:00,0.25,0.34391671419143677,512,-0.09391671419143677
58184,2025-09-05 02:00:00,0.23,0.3654782772064209,512,-0.1354782772064209
58185,2025-09-05 02:15:00,0.22,0.3553810715675354,512,-0.1353810715675354
58186,2025-09-05 02:30:00,0.28,0.3446062207221985,512,-0.06460622072219846
58187,2025-09-05 02:45:00,0.27,0.36211109161376953,512,-0.09211109161376951
58188,2025-09-05 03:00:00,0.26,0.39161399006843567,512,-0.13161399006843566
58189,2025-09-05 03:15:00,0.26,0.3662378787994385,512,-0.10623787879943847
58190,2025-09-05 03:30:00,0.22,0.3595775067806244,512,-0.1395775067806244
58191,2025-09-05 03:45:00,0.22,0.308102548122406,512,-0.088102548122406
58192,2025-09-05 04:00:00,0.26,0.28475165367126465,512,-0.02475165367126464
58193,2025-09-05 04:15:00,0.27,0.3462190628051758,512,-0.07621906280517576
58194,2025-09-05 04:30:00,2.48,0.3620930314064026,512,2.1179069685935974
58195,2025-09-05 04:45:00,0.35,1.8400005102157593,512,-1.4900005102157592
58196,2025-09-05 05:00:00,0.31,0.3622852563858032,512,-0.052285256385803225
58197,2025-09-05 05:15:00,0.28,0.3434910774230957,512,-0.06349107742309568
58198,2025-09-05 05:30:00,0.28,0.28582891821861267,512,-0.005828918218612644
58199,2025-09-05 05:45:00,0.47,0.31768402457237244,512,0.15231597542762754
58200,2025-09-05 06:00:00,0.3,0.49507397413253784,512,-0.19507397413253785
58201,2025-09-05 06:15:00,0.27,0.37199652194976807,512,-0.10199652194976805
58202,2025-09-05 06:30:00,0.3,0.3399997353553772,512,-0.03999973535537721
58203,2025-09-05 06:45:00,0.28,0.3785940408706665,512,-0.09859404087066648
58204,2025-09-05 07:00:00,0.26,0.3794873356819153,512,-0.11948733568191527
58205,2025-09-05 07:15:00,0.49,0.34200286865234375,512,0.14799713134765624
58206,2025-09-05 07:30:00,1.86,0.4495103061199188,512,1.4104896938800813
58207,2025-09-05 07:45:00,1.96,0.9901010990142822,512,0.9698989009857177
58208,2025-09-05 08:00:00,1.91,1.2538214921951294,512,0.6561785078048705
58209,2025-09-05 08:15:00,1.27,1.5795735120773315,512,-0.3095735120773315
58210,2025-09-05 08:30:00,1.15,0.9800522923469543,512,0.16994770765304557
58211,2025-09-05 08:45:00,0.69,1.003587007522583,512,-0.31358700752258306
58212,2025-09-05 09:00:00,1.47,0.7437957525253296,512,0.7262042474746704
58213,2025-09-05 09:15:00,3.69,1.5291439294815063,512,2.1608560705184936
58214,2025-09-05 09:30:00,3.07,3.571502685546875,512,-0.5015026855468752
58215,2025-09-05 09:45:00,1.45,2.8677780628204346,512,-1.4177780628204346
58216,2025-09-05 10:00:00,1.53,1.5338644981384277,512,-0.0038644981384277077
58217,2025-09-05 10:15:00,0.53,1.7014333009719849,512,-1.1714333009719848
58218,2025-09-05 10:30:00,2.24,0.7663464546203613,512,1.4736535453796389
58219,2025-09-05 10:45:00,2.28,2.2013254165649414,512,0.0786745834350584
58220,2025-09-05 11:00:00,1.55,2.2875075340270996,512,-0.7375075340270996
58221,2025-09-05 11:15:00,0.3,1.7018089294433594,512,-1.4018089294433593
58222,2025-09-05 11:30:00,0.79,0.633578896522522,512,0.15642110347747806
58223,2025-09-05 11:45:00,1.11,0.9752123951911926,512,0.13478760480880747
58224,2025-09-05 12:00:00,0.22,1.3041529655456543,512,-1.0841529655456543
58225,2025-09-05 12:15:00,0.24,0.5046193599700928,512,-0.2646193599700928
58226,2025-09-05 12:30:00,0.23,0.37671327590942383,512,-0.14671327590942382
58227,2025-09-05 12:45:00,0.22,0.3296123743057251,512,-0.1096123743057251
58228,2025-09-05 13:00:00,0.2,0.35275912284851074,512,-0.15275912284851073
58229,2025-09-05 13:15:00,1.15,0.3702526092529297,512,0.7797473907470702
58230,2025-09-05 13:30:00,1.22,1.093514084815979,512,0.12648591518402097
58231,2025-09-05 13:45:00,1.84,1.2978506088256836,512,0.5421493911743165
58232,2025-09-05 14:00:00,2.44,1.9317491054534912,512,0.5082508945465087
58233,2025-09-05 14:15:00,2.96,2.4067673683166504,512,0.5532326316833496
58234,2025-09-05 14:30:00,1.9,2.794626235961914,512,-0.8946262359619142
58235,2025-09-05 14:45:00,0.7,1.8711730241775513,512,-1.1711730241775513
58236,2025-09-05 15:00:00,1.8,0.891146183013916,512,0.908853816986084
58237,2025-09-05 15:15:00,2.99,1.894081473350525,512,1.0959185266494753
58238,2025-09-05 15:30:00,1.7,2.4969053268432617,512,-0.7969053268432618
58239,2025-09-05 15:45:00,1.84,1.6283557415008545,512,0.2116442584991456
58240,2025-09-05 16:00:00,1.15,1.8711552619934082,512,-0.7211552619934083
58241,2025-09-05 16:15:00,1.69,1.2797698974609375,512,0.41023010253906245
58242,2025-09-05 16:30:00,2.26,1.587899923324585,512,0.6721000766754148
58243,2025-09-05 16:45:00,1.6,2.0028088092803955,512,-0.4028088092803954
58244,2025-09-05 17:00:00,0.77,1.6683623790740967,512,-0.8983623790740967
58245,2025-09-05 17:15:00,0.47,0.9621753692626953,512,-0.49217536926269534
58246,2025-09-05 17:30:00,0.32,0.7541310787200928,512,-0.43413107872009277
58247,2025-09-05 17:45:00,0.44,0.579991340637207,512,-0.13999134063720703
58248,2025-09-05 18:00:00,0.23,0.6743912696838379,512,-0.4443912696838379
58249,2025-09-05 18:15:00,0.25,0.507577657699585,512,-0.25757765769958496
58250,2025-09-05 18:30:00,0.23,0.47872304916381836,512,-0.24872304916381835
58251,2025-09-05 18:45:00,0.22,0.4584076404571533,512,-0.23840764045715332
58252,2025-09-05 19:00:00,1.58,0.4353349208831787,512,1.1446650791168214
58253,2025-09-05 19:15:00,1.87,1.6741588115692139,512,0.19584118843078624
58254,2025-09-05 19:30:00,1.15,2.0342090129852295,512,-0.8842090129852296
58255,2025-09-05 19:45:00,0.94,1.5422865152359009,512,-0.6022865152359009
58256,2025-09-05 20:00:00,0.78,1.4263107776641846,512,-0.6463107776641845
58257,2025-09-05 20:15:00,0.81,1.085956335067749,512,-0.27595633506774897
58258,2025-09-05 20:30:00,0.65,1.0035852193832397,512,-0.3535852193832397
58259,2025-09-05 20:45:00,0.41,0.8172026872634888,512,-0.4072026872634888
58260,2025-09-05 21:00:00,0.33,0.6118797063827515,512,-0.28187970638275145
58261,2025-09-05 21:15:00,0.35,0.5558838844299316,512,-0.20588388442993166
58262,2025-09-05 21:30:00,1.24,0.5100793838500977,512,0.7299206161499023
58263,2025-09-05 21:45:00,2.94,1.0877811908721924,512,1.8522188091278076
58264,2025-09-05 22:00:00,2.14,2.909759521484375,512,-0.7697595214843749
58265,2025-09-05 22:15:00,1.41,1.786697506904602,512,-0.37669750690460213
58266,2025-09-05 22:30:00,1.35,1.3577759265899658,512,-0.0077759265899657315
58267,2025-09-05 22:45:00,0.61,1.4221184253692627,512,-0.8121184253692627
58268,2025-09-05 23:00:00,0.63,0.6020154356956482,512,0.02798456430435181
58269,2025-09-05 23:15:00,0.54,0.659857988357544,512,-0.11985798835754391
58270,2025-09-05 23:30:00,0.59,0.5891894698143005,512,0.0008105301856994318
58271,2025-09-05 23:45:00,0.63,0.6455382704734802,512,-0.01553827047348022
58272,2025-09-06 00:00:00,0.43,0.6757898330688477,512,-0.24578983306884766
58273,2025-09-06 00:15:00,0.42,0.5339223146438599,512,-0.11392231464385988
58274,2025-09-06 00:30:00,0.34,0.5152238607406616,512,-0.1752238607406616
58275,2025-09-06 00:45:00,0.37,0.4611120820045471,512,-0.09111208200454712
58276,2025-09-06 01:00:00,0.32,0.4580572843551636,512,-0.13805728435516357
58277,2025-09-06 01:15:00,0.3,0.3946641683578491,512,-0.09466416835784913
58278,2025-09-06 01:30:00,0.29,0.34460800886154175,512,-0.05460800886154177
58279,2025-09-06 01:45:00,0.29,0.3754774034023285,512,-0.08547740340232851
58280,2025-09-06 02:00:00,0.26,0.4039481282234192,512,-0.14394812822341918
58281,2025-09-06 02:15:00,0.3,0.3747633695602417,512,-0.07476336956024171
58282,2025-09-06 02:30:00,0.3,0.356347918510437,512,-0.05634791851043702
58283,2025-09-06 02:45:00,0.29,0.36274486780166626,512,-0.07274486780166628
58284,2025-09-06 03:00:00,0.29,0.36747634410858154,512,-0.07747634410858156
58285,2025-09-06 03:15:00,0.28,0.3601739704608917,512,-0.0801739704608917
58286,2025-09-06 03:30:00,0.26,0.3606414794921875,512,-0.10064147949218749
58287,2025-09-06 03:45:00,0.3,0.3159649074077606,512,-0.01596490740776063
58288,2025-09-06 04:00:00,0.32,0.3683474659919739,512,-0.04834746599197387
58289,2025-09-06 04:15:00,0.34,0.36002808809280396,512,-0.02002808809280393
58290,2025-09-06 04:30:00,1.04,0.3858546018600464,512,0.6541453981399536
58291,2025-09-06 04:45:00,1.04,0.8533262014389038,512,0.18667379856109623
58292,2025-09-06 05:00:00,0.33,0.8243517875671387,512,-0.49435178756713866
58293,2025-09-06 05:15:00,1.74,0.40801119804382324,512,1.3319888019561767
58294,2025-09-06 05:30:00,0.37,1.2115520238876343,512,-0.8415520238876343
58295,2025-09-06 05:45:00,0.34,0.4419552683830261,512,-0.1019552683830261
58296,2025-09-06 06:00:00,0.31,0.39915698766708374,512,-0.08915698766708374
58297,2025-09-06 06:15:00,1.02,0.3506062924861908,512,0.6693937075138092
58298,2025-09-06 06:30:00,0.28,0.62354975938797,512,-0.34354975938796994
58299,2025-09-06 06:45:00,0.3,0.3567090630531311,512,-0.056709063053131115
58300,2025-09-06 07:00:00,0.26,0.3960127830505371,512,-0.1360127830505371
58301,2025-09-06 07:15:00,0.22,0.3525990843772888,512,-0.13259908437728882
58302,2025-09-06 07:30:00,0.22,0.3282727599143982,512,-0.10827275991439819
58303,2025-09-06 07:45:00,0.41,0.29754018783569336,512,0.11245981216430662
58304,2025-09-06 08:00:00,0.3,0.40953385829925537,512,-0.10953385829925538
58305,2025-09-06 08:15:00,1.86,0.38292092084884644,512,1.4770790791511537
58306,2025-09-06 08:30:00,0.46,1.0579426288604736,512,-0.5979426288604737
58307,2025-09-06 08:45:00,0.46,0.538691520690918,512,-0.07869152069091795
58308,2025-09-06 09:00:00,0.45,0.4832935631275177,512,-0.03329356312751769
58309,2025-09-06 09:15:00,1.36,0.4943388104438782,512,0.8656611895561219
58310,2025-09-06 09:30:00,3.67,0.8808616399765015,512,2.7891383600234985
58311,2025-09-06 09:45:00,2.37,2.405757188796997,512,-0.035757188796996964
58312,2025-09-06 10:00:00,2.45,1.8690729141235352,512,0.580927085876465
58313,2025-09-06 10:15:00,1.02,2.105591297149658,512,-1.0855912971496582
58314,2025-09-06 10:30:00,0.24,1.0614091157913208,512,-0.8214091157913208
58315,2025-09-06 10:45:00,0.25,0.5524516701698303,512,-0.3024516701698303
58316,2025-09-06 11:00:00,0.24,0.4491201341152191,512,-0.20912013411521913
58317,2025-09-06 11:15:00,0.27,0.3632248044013977,512,-0.09322480440139769
58318,2025-09-06 11:30:00,0.26,0.3876730799674988,512,-0.12767307996749877
58319,2025-09-06 11:45:00,0.24,0.3584356904029846,512,-0.11843569040298463
58320,2025-09-06 12:00:00,0.23,0.30642595887184143,512,-0.07642595887184142
58321,2025-09-06 12:15:00,0.25,0.28956931829452515,512,-0.039569318294525146
58322,2025-09-06 12:30:00,0.23,0.29404568672180176,512,-0.06404568672180175
58323,2025-09-06 12:45:00,0.23,0.2793259918689728,512,-0.04932599186897277
58324,2025-09-06 13:00:00,0.23,0.2775288224220276,512,-0.04752882242202758
58325,2025-09-06 13:15:00,0.22,0.2995034158229828,512,-0.07950341582298279
58326,2025-09-06 13:30:00,0.85,0.27930691838264465,512,0.5706930816173553
58327,2025-09-06 13:45:00,1.69,0.6208190321922302,512,1.0691809678077697
58328,2025-09-06 14:00:00,1.74,1.2006373405456543,512,0.5393626594543457
58329,2025-09-06 14:15:00,1.83,1.540381908416748,512,0.289618091583252
58330,2025-09-06 14:30:00,1.9,1.5064202547073364,512,0.3935797452926635
58331,2025-09-06 14:45:00,1.92,1.5593873262405396,512,0.3606126737594604
58332,2025-09-06 15:00:00,1.94,1.7969940900802612,512,0.14300590991973872
58333,2025-09-06 15:15:00,2.09,1.9134421348571777,512,0.17655786514282212
58334,2025-09-06 15:30:00,2.34,1.966405987739563,512,0.37359401226043687
58335,2025-09-06 15:45:00,2.65,2.236937999725342,512,0.4130620002746581
58336,2025-09-06 16:00:00,2.97,2.5901975631713867,512,0.3798024368286135
58337,2025-09-06 16:15:00,1.22,2.871450424194336,512,-1.651450424194336
58338,2025-09-06 16:30:00,0.26,1.0145699977874756,512,-0.7545699977874756
58339,2025-09-06 16:45:00,0.27,0.47799545526504517,512,-0.20799545526504515
58340,2025-09-06 17:00:00,0.24,0.4124889075756073,512,-0.1724889075756073
58341,2025-09-06 17:15:00,2.64,0.383388876914978,512,2.256611123085022
58342,2025-09-06 17:30:00,1.28,1.6108297109603882,512,-0.33082971096038816
58343,2025-09-06 17:45:00,1.27,0.936143696308136,512,0.33385630369186403
58344,2025-09-06 18:00:00,0.57,1.0187994241714478,512,-0.4487994241714478
58345,2025-09-06 18:15:00,0.58,0.6214498281478882,512,-0.041449828147888224
58346,2025-09-06 18:30:00,0.55,0.6074689030647278,512,-0.05746890306472774
58347,2025-09-06 18:45:00,0.74,0.5712250471115112,512,0.16877495288848876
58348,2025-09-06 19:00:00,0.63,0.7244834899902344,512,-0.09448348999023437
58349,2025-09-06 19:15:00,0.47,0.650397777557373,512,-0.18039777755737307
58350,2025-09-06 19:30:00,0.61,0.5428208112716675,512,0.0671791887283325
58351,2025-09-06 19:45:00,0.54,0.6551898121833801,512,-0.11518981218338009
58352,2025-09-06 20:00:00,0.51,0.6089125871658325,512,-0.09891258716583251
58353,2025-09-06 20:15:00,0.55,0.615243136882782,512,-0.06524313688278194
58354,2025-09-06 20:30:00,0.74,0.5998785495758057,512,0.14012145042419433
58355,2025-09-06 20:45:00,2.5,0.7284270524978638,512,1.7715729475021362
58356,2025-09-06 21:00:00,0.7,2.1457080841064453,512,-1.4457080841064454
58357,2025-09-06 21:15:00,0.56,0.8036158680915833,512,-0.2436158680915832
58358,2025-09-06 21:30:00,0.46,0.730650007724762,512,-0.27065000772476194
58359,2025-09-06 21:45:00,0.44,0.6022564768791199,512,-0.16225647687911987
58360,2025-09-06 22:00:00,0.44,0.5346390604972839,512,-0.09463906049728393
58361,2025-09-06 22:15:00,0.44,0.5078112483024597,512,-0.06781124830245971
58362,2025-09-06 22:30:00,0.37,0.49298736453056335,512,-0.12298736453056336
58363,2025-09-06 22:45:00,0.3,0.4292593002319336,512,-0.1292593002319336
58364,2025-09-06 23:00:00,0.34,0.35769349336624146,512,-0.01769349336624143
58365,2025-09-06 23:15:00,0.34,0.34395819902420044,512,-0.003958199024200415
58366,2025-09-06 23:30:00,0.31,0.3349268436431885,512,-0.02492684364318848
58367,2025-09-06 23:45:00,0.28,0.33011719584465027,512,-0.05011719584465024
58368,2025-09-07 00:00:00,0.27,0.3162899315357208,512,-0.04628993153572081
58369,2025-09-07 00:15:00,0.27,0.28030699491500854,512,-0.010306994915008527
58370,2025-09-07 00:30:00,0.25,0.27272987365722656,512,-0.022729873657226562
58371,2025-09-07 00:45:00,0.27,0.28128212690353394,512,-0.011282126903533918
58372,2025-09-07 01:00:00,0.29,0.3092460036277771,512,-0.01924600362777712
58373,2025-09-07 01:15:00,0.28,0.32194074988365173,512,-0.04194074988365171
58374,2025-09-07 01:30:00,0.27,0.305259108543396,512,-0.03525910854339598
58375,2025-09-07 01:45:00,0.27,0.293703556060791,512,-0.023703556060790998
58376,2025-09-07 02:00:00,0.25,0.2892264127731323,512,-0.039226412773132324
58377,2025-09-07 02:15:00,0.26,0.28196942806243896,512,-0.021969428062438956
58378,2025-09-07 02:30:00,0.29,0.28409773111343384,512,0.005902268886566142
58379,2025-09-07 02:45:00,0.28,0.3117883801460266,512,-0.031788380146026585
58380,2025-09-07 03:00:00,0.27,0.3094708323478699,512,-0.039470832347869855
58381,2025-09-07 03:15:00,0.27,0.30023419857025146,512,-0.030234198570251447
58382,2025-09-07 03:30:00,0.26,0.2852824926376343,512,-0.02528249263763427
58383,2025-09-07 03:45:00,0.24,0.28631967306137085,512,-0.04631967306137086
58384,2025-09-07 04:00:00,0.29,0.2684049904346466,512,0.021595009565353374
58385,2025-09-07 04:15:00,0.28,0.31148475408554077,512,-0.031484754085540745
58386,2025-09-07 04:30:00,0.27,0.312225878238678,512,-0.04222587823867796
58387,2025-09-07 04:45:00,0.27,0.2997073829174042,512,-0.029707382917404157
58388,2025-09-07 05:00:00,0.26,0.3084416091442108,512,-0.04844160914421081
58389,2025-09-07 05:15:00,0.24,0.3012949228286743,512,-0.061294922828674325
58390,2025-09-07 05:30:00,0.28,0.2850886583328247,512,-0.00508865833282468
58391,2025-09-07 05:45:00,0.28,0.32673972845077515,512,-0.04673972845077512
58392,2025-09-07 06:00:00,0.27,0.3346078097820282,512,-0.06460780978202818
58393,2025-09-07 06:15:00,0.27,0.3313550651073456,512,-0.06135506510734556
58394,2025-09-07 06:30:00,0.27,0.3060479164123535,512,-0.0360479164123535
58395,2025-09-07 06:45:00,0.24,0.30935025215148926,512,-0.06935025215148927
58396,2025-09-07 07:00:00,0.24,0.27844297885894775,512,-0.03844297885894776
58397,2025-09-07 07:15:00,0.25,0.28005608916282654,512,-0.030056089162826538
58398,2025-09-07 07:30:00,0.35,0.3118188977241516,512,0.038181102275848366
58399,2025-09-07 07:45:00,0.23,0.4329354763031006,512,-0.20293547630310058
58400,2025-09-07 08:00:00,0.39,0.3220004439353943,512,0.06799955606460573
58401,2025-09-07 08:15:00,0.53,0.42418304085731506,512,0.10581695914268496
58402,2025-09-07 08:30:00,0.6,0.5223616361618042,512,0.07763836383819578
58403,2025-09-07 08:45:00,0.54,0.7048892974853516,512,-0.16488929748535153
58404,2025-09-07 09:00:00,0.22,0.6320387125015259,512,-0.4120387125015259
58405,2025-09-07 09:15:00,0.22,0.33047109842300415,512,-0.11047109842300415
58406,2025-09-07 09:30:00,0.2,0.22542327642440796,512,-0.025423276424407948
58407,2025-09-07 09:45:00,0.19,0.21892866492271423,512,-0.02892866492271423
58408,2025-09-07 10:00:00,0.23,0.19263231754302979,512,0.037367682456970225
58409,2025-09-07 10:15:00,0.23,0.23697024583816528,512,-0.006970245838165273
58410,2025-09-07 10:30:00,0.22,0.2599455416202545,512,-0.039945541620254515
58411,2025-09-07 10:45:00,1.35,0.25315359234809875,512,1.0968464076519013
58412,2025-09-07 11:00:00,1.8,1.2132022380828857,512,0.5867977619171143
58413,2025-09-07 11:15:00,1.84,1.6938235759735107,512,0.14617642402648934
58414,2025-09-07 11:30:00,1.98,1.995121717453003,512,-0.015121717453002947
58415,2025-09-07 11:45:00,2.27,2.117941379547119,512,0.15205862045288088
58416,2025-09-07 12:00:00,2.64,2.3681328296661377,512,0.27186717033386243
58417,2025-09-07 12:15:00,2.83,2.6864688396453857,512,0.14353116035461433
58418,2025-09-07 12:30:00,1.14,2.9538795948028564,512,-1.8138795948028565
58419,2025-09-07 12:45:00,0.19,1.4186732769012451,512,-1.2286732769012452
58420,2025-09-07 13:00:00,0.2,0.5484505891799927,512,-0.34845058917999266
58421,2025-09-07 13:15:00,0.24,0.43463969230651855,512,-0.19463969230651856
58422,2025-09-07 13:30:00,3.17,0.3723383843898773,512,2.7976616156101226
58423,2025-09-07 13:45:00,0.37,2.506516218185425,512,-2.1365162181854247
58424,2025-09-07 14:00:00,0.35,0.6541649699211121,512,-0.3041649699211121
58425,2025-09-07 14:15:00,0.24,0.601447343826294,512,-0.36144734382629395
58426,2025-09-07 14:30:00,0.95,0.5221939086914062,512,0.4278060913085937
58427,2025-09-07 14:45:00,0.32,1.1131163835525513,512,-0.7931163835525512
58428,2025-09-07 15:00:00,0.26,0.6290598511695862,512,-0.3690598511695862
58429,2025-09-07 15:15:00,0.28,0.5569034218788147,512,-0.27690342187881467
58430,2025-09-07 15:30:00,0.24,0.5250252485275269,512,-0.28502524852752686
58431,2025-09-07 15:45:00,0.22,0.4613873362541199,512,-0.24138733625411987
58432,2025-09-07 16:00:00,0.2,0.3998032510280609,512,-0.1998032510280609
58433,2025-09-07 16:15:00,0.23,0.3253030776977539,512,-0.0953030776977539
58434,2025-09-07 16:30:00,0.24,0.371309757232666,512,-0.13130975723266602
58435,2025-09-07 16:45:00,0.22,0.42605507373809814,512,-0.20605507373809814
58436,2025-09-07 17:00:00,0.23,0.42206865549087524,512,-0.19206865549087523
58437,2025-09-07 17:15:00,0.21,0.4389396905899048,512,-0.2289396905899048
58438,2025-09-07 17:30:00,0.2,0.37152665853500366,512,-0.17152665853500365
58439,2025-09-07 17:45:00,0.22,0.32879549264907837,512,-0.10879549264907837
58440,2025-09-07 18:00:00,0.24,0.3304893970489502,512,-0.0904893970489502
58441,2025-09-07 18:15:00,0.23,0.368926465511322,512,-0.138926465511322
58442,2025-09-07 18:30:00,0.22,0.3396713137626648,512,-0.1196713137626648
58443,2025-09-07 18:45:00,0.22,0.33373957872390747,512,-0.11373957872390747
58444,2025-09-07 19:00:00,0.2,0.342664897441864,512,-0.142664897441864
58445,2025-09-07 19:15:00,0.21,0.34164148569107056,512,-0.13164148569107056
58446,2025-09-07 19:30:00,0.27,0.34033751487731934,512,-0.07033751487731932
58447,2025-09-07 19:45:00,0.3,0.3790048360824585,512,-0.07900483608245851
58448,2025-09-07 20:00:00,0.29,0.3789689540863037,512,-0.08896895408630373
58449,2025-09-07 20:15:00,1.37,0.3747025728225708,512,0.9952974271774293
58450,2025-09-07 20:30:00,1.54,0.9988796710968018,512,0.5411203289031983
58451,2025-09-07 20:45:00,1.74,1.2079912424087524,512,0.5320087575912475
58452,2025-09-07 21:00:00,3.47,1.382447600364685,512,2.087552399635315
58453,2025-09-07 21:15:00,2.8,2.945843458175659,512,-0.14584345817565936
58454,2025-09-07 21:30:00,1.89,2.342895984649658,512,-0.4528959846496583
58455,2025-09-07 21:45:00,1.41,1.673858404159546,512,-0.263858404159546
58456,2025-09-07 22:00:00,1.56,1.2017600536346436,512,0.3582399463653565
58457,2025-09-07 22:15:00,0.77,1.4510865211486816,512,-0.6810865211486816
58458,2025-09-07 22:30:00,0.75,0.8130921721458435,512,-0.0630921721458435
58459,2025-09-07 22:45:00,0.33,0.7916752099990845,512,-0.46167520999908446
58460,2025-09-07 23:00:00,0.36,0.5264750719070435,512,-0.16647507190704347
58461,2025-09-07 23:15:00,0.36,0.5262151956558228,512,-0.16621519565582277
58462,2025-09-07 23:30:00,0.34,0.5059964656829834,512,-0.16599646568298337
58463,2025-09-07 23:45:00,0.33,0.4748115539550781,512,-0.1448115539550781
58464,2025-09-08 00:00:00,0.3,0.42341357469558716,512,-0.12341357469558717
58465,2025-09-08 00:15:00,0.25,0.3755396008491516,512,-0.1255396008491516
58466,2025-09-08 00:30:00,0.3,0.3430018424987793,512,-0.04300184249877931
58467,2025-09-08 00:45:00,0.3,0.3684368431568146,512,-0.06843684315681459
58468,2025-09-08 01:00:00,0.29,0.38043642044067383,512,-0.09043642044067385
58469,2025-09-08 01:15:00,0.29,0.3677383065223694,512,-0.0777383065223694
58470,2025-09-08 01:30:00,0.26,0.375275582075119,512,-0.11527558207511901
58471,2025-09-08 01:45:00,0.25,0.33395150303840637,512,-0.08395150303840637
58472,2025-09-08 02:00:00,0.28,0.30252885818481445,512,-0.022528858184814426
58473,2025-09-08 02:15:00,0.3,0.34160470962524414,512,-0.04160470962524415
58474,2025-09-08 02:30:00,0.29,0.3532191216945648,512,-0.06321912169456484
58475,2025-09-08 02:45:00,0.28,0.3303883671760559,512,-0.05038836717605588
58476,2025-09-08 03:00:00,0.26,0.32309919595718384,512,-0.06309919595718383
58477,2025-09-08 03:15:00,0.25,0.32995831966400146,512,-0.07995831966400146
58478,2025-09-08 03:30:00,0.28,0.30268168449401855,512,-0.022681684494018528
58479,2025-09-08 03:45:00,0.3,0.3225450813770294,512,-0.02254508137702943
58480,2025-09-08 04:00:00,0.34,0.3720322251319885,512,-0.0320322251319885
58481,2025-09-08 04:15:00,0.4,0.42521464824676514,512,-0.025214648246765115
58482,2025-09-08 04:30:00,2.47,0.5141227841377258,512,1.9558772158622744
58483,2025-09-08 04:45:00,0.5,2.2364516258239746,512,-1.7364516258239746
58484,2025-09-08 05:00:00,1.08,0.6298887133598328,512,0.4501112866401673
58485,2025-09-08 05:15:00,2.35,1.210731029510498,512,1.139268970489502
58486,2025-09-08 05:30:00,0.44,2.236696481704712,512,-1.796696481704712
58487,2025-09-08 05:45:00,0.44,0.7402005791664124,512,-0.30020057916641235
58488,2025-09-08 06:00:00,1.03,0.5775681734085083,512,0.4524318265914917
58489,2025-09-08 06:15:00,0.36,1.0797829627990723,512,-0.7197829627990723
58490,2025-09-08 06:30:00,0.35,0.5734153389930725,512,-0.22341533899307253
58491,2025-09-08 06:45:00,0.36,0.49391084909439087,512,-0.13391084909439088
58492,2025-09-08 07:00:00,0.36,0.5011297464370728,512,-0.14112974643707277
58493,2025-09-08 07:15:00,1.7,0.5162235498428345,512,1.1837764501571655
58494,2025-09-08 07:30:00,3.01,1.2903146743774414,512,1.7196853256225584
58495,2025-09-08 07:45:00,0.28,2.203293800354004,512,-1.9232938003540039
58496,2025-09-08 08:00:00,1.24,0.541581928730011,512,0.698418071269989
58497,2025-09-08 08:15:00,0.71,1.127852439880371,512,-0.41785243988037113
58498,2025-09-08 08:30:00,0.74,0.724777102470398,512,0.015222897529602042
58499,2025-09-08 08:45:00,0.61,0.7767335772514343,512,-0.16673357725143434
58500,2025-09-08 09:00:00,0.65,0.7360502481460571,512,-0.0860502481460571
58501,2025-09-08 09:15:00,1.18,0.7990010976791382,512,0.38099890232086175
58502,2025-09-08 09:30:00,0.49,1.1346213817596436,512,-0.6446213817596436
58503,2025-09-08 09:45:00,0.94,0.6722561120986938,512,0.2677438879013061
58504,2025-09-08 10:00:00,0.28,1.062002420425415,512,-0.782002420425415
58505,2025-09-08 10:15:00,0.26,0.5104777812957764,512,-0.25047778129577636
58506,2025-09-08 10:30:00,0.23,0.4592669606208801,512,-0.22926696062088012
58507,2025-09-08 10:45:00,1.12,0.4144149422645569,512,0.7055850577354432
58508,2025-09-08 11:00:00,1.55,0.8551957607269287,512,0.6948042392730713
58509,2025-09-08 11:15:00,1.65,1.3243871927261353,512,0.32561280727386466
58510,2025-09-08 11:30:00,1.73,1.5628465414047241,512,0.16715345859527586
58511,2025-09-08 11:45:00,1.84,1.6772146224975586,512,0.1627853775024415
58512,2025-09-08 12:00:00,1.9,1.8375372886657715,512,0.06246271133422843
58513,2025-09-08 12:15:00,1.96,1.9730045795440674,512,-0.013004579544067418
58514,2025-09-08 12:30:00,2.19,1.9626007080078125,512,0.22739929199218745
58515,2025-09-08 12:45:00,2.47,2.1603643894195557,512,0.30963561058044453
58516,2025-09-08 13:00:00,2.72,2.544909954071045,512,0.17509004592895527
58517,2025-09-08 13:15:00,2.92,2.8627586364746094,512,0.057241363525390554
58518,2025-09-08 13:30:00,0.22,3.062633752822876,512,-2.842633752822876
58519,2025-09-08 13:45:00,0.21,0.6922616958618164,512,-0.48226169586181644
58520,2025-09-08 14:00:00,0.21,0.4304696321487427,512,-0.22046963214874268
58521,2025-09-08 14:15:00,0.19,0.5473374128341675,512,-0.3573374128341675
58522,2025-09-08 14:30:00,0.18,0.5616617202758789,512,-0.3816617202758789
58523,2025-09-08 14:45:00,0.22,0.41198110580444336,512,-0.19198110580444336
58524,2025-09-08 15:00:00,0.22,0.47491252422332764,512,-0.25491252422332766
58525,2025-09-08 15:15:00,0.22,0.4217491149902344,512,-0.20174911499023437
58526,2025-09-08 15:30:00,0.21,0.3958096504211426,512,-0.18580965042114259
58527,2025-09-08 15:45:00,0.21,0.2812693119049072,512,-0.07126931190490723
58528,2025-09-08 16:00:00,0.18,0.2848491668701172,512,-0.1048491668701172
58529,2025-09-08 16:15:00,0.23,0.23327994346618652,512,-0.0032799434661865134
58530,2025-09-08 16:30:00,0.23,0.262484073638916,512,-0.032484073638916006
58531,2025-09-08 16:45:00,0.22,0.26206254959106445,512,-0.04206254959106445
58532,2025-09-08 17:00:00,0.21,0.26433777809143066,512,-0.05433777809143067
58533,2025-09-08 17:15:00,0.2,0.29818296432495117,512,-0.09818296432495116
58534,2025-09-08 17:30:00,0.19,0.2532365322113037,512,-0.06323653221130371
58535,2025-09-08 17:45:00,0.21,0.21356606483459473,512,-0.0035660648345947343
58536,2025-09-08 18:00:00,0.23,0.2399299144744873,512,-0.009929914474487295
58537,2025-09-08 18:15:00,0.22,0.26927995681762695,512,-0.04927995681762695
58538,2025-09-08 18:30:00,0.22,0.26508307456970215,512,-0.04508307456970215
58539,2025-09-08 18:45:00,0.21,0.27605342864990234,512,-0.06605342864990235
58540,2025-09-08 19:00:00,0.19,0.3072519302368164,512,-0.1172519302368164
58541,2025-09-08 19:15:00,0.63,0.2853353023529053,512,0.34466469764709473
58542,2025-09-08 19:30:00,0.66,0.7026510238647461,512,-0.04265102386474606
58543,2025-09-08 19:45:00,0.73,0.7634785175323486,512,-0.03347851753234865
58544,2025-09-08 20:00:00,0.79,0.922370433807373,512,-0.132370433807373
58545,2025-09-08 20:15:00,0.77,1.0311628580093384,512,-0.26116285800933836
58546,2025-09-08 20:30:00,0.61,0.9114203453063965,512,-0.3014203453063965
58547,2025-09-08 20:45:00,0.41,0.6429404020309448,512,-0.23294040203094485
58548,2025-09-08 21:00:00,0.36,0.49579739570617676,512,-0.13579739570617677
58549,2025-09-08 21:15:00,0.37,0.44697558879852295,512,-0.07697558879852295
58550,2025-09-08 21:30:00,0.34,0.46931004524230957,512,-0.12931004524230955
58551,2025-09-08 21:45:00,0.33,0.45072436332702637,512,-0.12072436332702635
58552,2025-09-08 22:00:00,0.32,0.43930304050445557,512,-0.11930304050445556
58553,2025-09-08 22:15:00,0.8,0.40986597537994385,512,0.3901340246200562
58554,2025-09-08 22:30:00,0.52,0.7155435085296631,512,-0.19554350852966307
58555,2025-09-08 22:45:00,0.53,0.5694571137428284,512,-0.03945711374282834
58556,2025-09-08 23:00:00,0.39,0.588358461856842,512,-0.19835846185684203
58557,2025-09-08 23:15:00,0.33,0.4513886570930481,512,-0.12138865709304808
58558,2025-09-08 23:30:00,0.31,0.4005456566810608,512,-0.0905456566810608
58559,2025-09-08 23:45:00,0.3,0.3738853335380554,512,-0.07388533353805543
58560,2025-09-09 00:00:00,0.32,0.3582780361175537,512,-0.038278036117553704
58561,2025-09-09 00:15:00,0.35,0.35482192039489746,512,-0.004821920394897483
58562,2025-09-09 00:30:00,0.34,0.40798109769821167,512,-0.06798109769821165
58563,2025-09-09 00:45:00,0.33,0.4056271016597748,512,-0.07562710165977476
58564,2025-09-09 01:00:00,0.32,0.3923597037792206,512,-0.07235970377922057
58565,2025-09-09 01:15:00,0.3,0.38953477144241333,512,-0.08953477144241334
58566,2025-09-09 01:30:00,0.31,0.3526182174682617,512,-0.04261821746826172
58567,2025-09-09 01:45:00,0.35,0.3618299961090088,512,-0.011829996109008811
58568,2025-09-09 02:00:00,0.34,0.40899282693862915,512,-0.06899282693862913
58569,2025-09-09 02:15:00,0.33,0.3999538719654083,512,-0.06995387196540831
58570,2025-09-09 02:30:00,0.32,0.38841646909713745,512,-0.06841646909713744
58571,2025-09-09 02:45:00,0.3,0.3815642297267914,512,-0.08156422972679139
58572,2025-09-09 03:00:00,0.3,0.3556291460990906,512,-0.05562914609909059
58573,2025-09-09 03:15:00,0.34,0.36477380990982056,512,-0.024773809909820532
58574,2025-09-09 03:30:00,0.34,0.41617143154144287,512,-0.07617143154144285
58575,2025-09-09 03:45:00,0.33,0.4404739737510681,512,-0.1104739737510681
58576,2025-09-09 04:00:00,0.33,0.44998520612716675,512,-0.11998520612716673
58577,2025-09-09 04:15:00,0.33,0.43304336071014404,512,-0.10304336071014403
58578,2025-09-09 04:30:00,0.31,0.42474544048309326,512,-0.11474544048309326
58579,2025-09-09 04:45:00,0.32,0.37291377782821655,512,-0.052913777828216546
58580,2025-09-09 05:00:00,0.34,0.39020591974258423,512,-0.050205919742584204
58581,2025-09-09 05:15:00,0.33,0.4058660864830017,512,-0.0758660864830017
58582,2025-09-09 05:30:00,0.33,0.390610933303833,512,-0.06061093330383299
58583,2025-09-09 05:45:00,0.32,0.39216965436935425,512,-0.07216965436935424
58584,2025-09-09 06:00:00,0.3,0.38767874240875244,512,-0.08767874240875245
58585,2025-09-09 06:15:00,0.31,0.36457037925720215,512,-0.05457037925720215
58586,2025-09-09 06:30:00,0.28,0.3779140114784241,512,-0.09791401147842405
58587,2025-09-09 06:45:00,0.28,0.3638751208782196,512,-0.08387512087821958
58588,2025-09-09 07:00:00,0.27,0.3740198016166687,512,-0.10401980161666868
58589,2025-09-09 07:15:00,0.26,0.3743203580379486,512,-0.1143203580379486
58590,2025-09-09 07:30:00,0.2,0.3672730624675751,512,-0.16727306246757506
58591,2025-09-09 07:45:00,0.82,0.30199891328811646,512,0.5180010867118835
58592,2025-09-09 08:00:00,0.63,0.8751121759414673,512,-0.24511217594146728
58593,2025-09-09 08:15:00,0.5,0.6987424492835999,512,-0.19874244928359985
58594,2025-09-09 08:30:00,0.43,0.6301889419555664,512,-0.2001889419555664
58595,2025-09-09 08:45:00,0.43,0.5264989137649536,512,-0.09649891376495362
58596,2025-09-09 09:00:00,0.38,0.5346741676330566,512,-0.15467416763305664
58597,2025-09-09 09:15:00,0.21,0.4831618666648865,512,-0.2731618666648865
58598,2025-09-09 09:30:00,0.22,0.3706609606742859,512,-0.1506609606742859
58599,2025-09-09 09:45:00,0.22,0.36038315296173096,512,-0.14038315296173096
58600,2025-09-09 10:00:00,0.22,0.34317708015441895,512,-0.12317708015441894
58601,2025-09-09 10:15:00,0.21,0.33793359994888306,512,-0.12793359994888306
58602,2025-09-09 10:30:00,0.19,0.32947248220443726,512,-0.13947248220443725
58603,2025-09-09 10:45:00,1.49,0.309659481048584,512,1.180340518951416
58604,2025-09-09 11:00:00,2.12,1.2515348196029663,512,0.8684651803970338
58605,2025-09-09 11:15:00,2.22,1.8282629251480103,512,0.39173707485198994
58606,2025-09-09 11:30:00,1.84,1.9907324314117432,512,-0.15073243141174308
58607,2025-09-09 11:45:00,1.9,1.5657802820205688,512,0.33421971797943106
58608,2025-09-09 12:00:00,1.98,1.745098352432251,512,0.234901647567749
58609,2025-09-09 12:15:00,2.27,1.8091912269592285,512,0.4608087730407715
58610,2025-09-09 12:30:00,2.65,1.997349739074707,512,0.6526502609252929
58611,2025-09-09 12:45:00,2.85,2.258551597595215,512,0.5914484024047852
58612,2025-09-09 13:00:00,2.05,2.5144829750061035,512,-0.4644829750061037
58613,2025-09-09 13:15:00,0.42,1.743189811706543,512,-1.323189811706543
58614,2025-09-09 13:30:00,0.22,0.40231823921203613,512,-0.18231823921203613
58615,2025-09-09 13:45:00,0.2,0.1740504503250122,512,0.025949549674987804
58616,2025-09-09 14:00:00,0.21,0.2771714925765991,512,-0.06717149257659913
58617,2025-09-09 14:15:00,0.23,0.3200494050979614,512,-0.09004940509796142
58618,2025-09-09 14:30:00,0.22,0.32334184646606445,512,-0.10334184646606445
58619,2025-09-09 14:45:00,0.22,0.32572245597839355,512,-0.10572245597839355
58620,2025-09-09 15:00:00,0.21,0.3260221481323242,512,-0.11602214813232423
58621,2025-09-09 15:15:00,0.21,0.2979702949523926,512,-0.08797029495239259
58622,2025-09-09 15:30:00,0.2,0.263674259185791,512,-0.063674259185791
58623,2025-09-09 15:45:00,0.18,0.22159934043884277,512,-0.04159934043884278
58624,2025-09-09 16:00:00,0.21,0.2062079906463623,512,0.0037920093536376875
58625,2025-09-09 16:15:00,0.23,0.22809195518493652,512,0.0019080448150634866
58626,2025-09-09 16:30:00,0.22,0.20431232452392578,512,0.01568767547607422
58627,2025-09-09 16:45:00,0.22,0.21639800071716309,512,0.003601999282836915
58628,2025-09-09 17:00:00,0.19,0.22909903526306152,512,-0.03909903526306152
58629,2025-09-09 17:15:00,0.19,0.21166491508483887,512,-0.021664915084838865
58630,2025-09-09 17:30:00,0.19,0.19370508193969727,512,-0.0037050819396972634
58631,2025-09-09 17:45:00,0.23,0.19807648658752441,512,0.031923513412475596
58632,2025-09-09 18:00:00,0.24,0.25020813941955566,512,-0.010208139419555673
58633,2025-09-09 18:15:00,0.22,0.27284836769104004,512,-0.05284836769104004
58634,2025-09-09 18:30:00,0.22,0.2707340717315674,512,-0.05073407173156738
58635,2025-09-09 18:45:00,0.2,0.2894868850708008,512,-0.08948688507080077
58636,2025-09-09 19:00:00,0.19,0.25838446617126465,512,-0.06838446617126465
58637,2025-09-09 19:15:00,0.2,0.24288010597229004,512,-0.04288010597229003
58638,2025-09-09 19:30:00,0.28,0.2598118782043457,512,0.020188121795654324
58639,2025-09-09 19:45:00,0.39,0.3221452236175537,512,0.0678547763824463
58640,2025-09-09 20:00:00,0.57,0.4441542625427246,512,0.12584573745727534
58641,2025-09-09 20:15:00,1.62,0.6979572772979736,512,0.9220427227020265
58642,2025-09-09 20:30:00,0.63,1.7658019065856934,512,-1.1358019065856935
58643,2025-09-09 20:45:00,0.64,0.7136551141738892,512,-0.07365511417388915
58644,2025-09-09 21:00:00,0.3,0.8084721565246582,512,-0.5084721565246582
58645,2025-09-09 21:15:00,0.3,0.46249186992645264,512,-0.16249186992645265
58646,2025-09-09 21:30:00,0.3,0.4358154535293579,512,-0.13581545352935792
58647,2025-09-09 21:45:00,0.33,0.4257775545120239,512,-0.09577755451202391
58648,2025-09-09 22:00:00,0.34,0.4639698266983032,512,-0.1239698266983032
58649,2025-09-09 22:15:00,0.36,0.4387698173522949,512,-0.07876981735229494
58650,2025-09-09 22:30:00,0.4,0.44688940048217773,512,-0.04688940048217771
58651,2025-09-09 22:45:00,0.42,0.4653558135032654,512,-0.045355813503265396
58652,2025-09-09 23:00:00,0.45,0.4844846725463867,512,-0.03448467254638671
58653,2025-09-09 23:15:00,0.41,0.5085784792900085,512,-0.09857847929000857
58654,2025-09-09 23:30:00,0.28,0.4678281545639038,512,-0.18782815456390378
58655,2025-09-09 23:45:00,0.27,0.38511860370635986,512,-0.11511860370635985
58656,2025-09-10 00:00:00,0.26,0.3575543761253357,512,-0.09755437612533568
58657,2025-09-10 00:15:00,0.24,0.3472733497619629,512,-0.1072733497619629
58658,2025-09-10 00:30:00,0.24,0.32180240750312805,512,-0.08180240750312806
58659,2025-09-10 00:45:00,0.29,0.3266317844390869,512,-0.036631784439086934
58660,2025-09-10 01:00:00,0.29,0.3572697341442108,512,-0.06726973414421084
58661,2025-09-10 01:15:00,0.27,0.37033337354660034,512,-0.10033337354660032
58662,2025-09-10 01:30:00,0.27,0.37212300300598145,512,-0.10212300300598143
58663,2025-09-10 01:45:00,0.24,0.3762310743331909,512,-0.13623107433319093
58664,2025-09-10 02:00:00,0.24,0.33524566888809204,512,-0.09524566888809205
58665,2025-09-10 02:15:00,0.26,0.3293859660625458,512,-0.06938596606254577
58666,2025-09-10 02:30:00,0.29,0.32756751775741577,512,-0.03756751775741579
58667,2025-09-10 02:45:00,0.29,0.3319098949432373,512,-0.041909894943237325
58668,2025-09-10 03:00:00,0.28,0.31705254316329956,512,-0.037052543163299534
58669,2025-09-10 03:15:00,0.26,0.3244646191596985,512,-0.06446461915969848
58670,2025-09-10 03:30:00,0.24,0.29999569058418274,512,-0.05999569058418275
58671,2025-09-10 03:45:00,0.24,0.31906944513320923,512,-0.07906944513320924
58672,2025-09-10 04:00:00,0.27,0.2939089238643646,512,-0.023908923864364606
58673,2025-09-10 04:15:00,0.29,0.3095296621322632,512,-0.019529662132263204
58674,2025-09-10 04:30:00,0.28,0.33510205149650574,512,-0.05510205149650571
58675,2025-09-10 04:45:00,0.27,0.3061712682247162,512,-0.03617126822471617
58676,2025-09-10 05:00:00,0.25,0.3189636170864105,512,-0.06896361708641052
58677,2025-09-10 05:15:00,0.24,0.30244457721710205,512,-0.06244457721710206
58678,2025-09-10 05:30:00,1.76,0.28493478894233704,512,1.475065211057663
58679,2025-09-10 05:45:00,1.76,1.4519861936569214,512,0.3080138063430786
58680,2025-09-10 06:00:00,0.34,1.4647598266601562,512,-1.1247598266601562
58681,2025-09-10 06:15:00,0.32,0.39365148544311523,512,-0.07365148544311523
58682,2025-09-10 06:30:00,0.34,0.3863769769668579,512,-0.046376976966857886
58683,2025-09-10 06:45:00,0.32,0.3982580304145813,512,-0.07825803041458129
58684,2025-09-10 07:00:00,0.33,0.3961520791053772,512,-0.06615207910537718
58685,2025-09-10 07:15:00,0.33,0.45436614751815796,512,-0.12436614751815794
58686,2025-09-10 07:30:00,1.1,0.4504326581954956,512,0.6495673418045045
58687,2025-09-10 07:45:00,1.15,1.0183515548706055,512,0.13164844512939444
58688,2025-09-10 08:00:00,0.52,1.0233955383300781,512,-0.5033955383300781
58689,2025-09-10 08:15:00,1.11,0.5366345643997192,512,0.5733654356002809
58690,2025-09-10 08:30:00,1.61,0.8995623588562012,512,0.7104376411437989
58691,2025-09-10 08:45:00,1.64,1.2247068881988525,512,0.41529311180114736
58692,2025-09-10 09:00:00,0.4,1.3586468696594238,512,-0.9586468696594238
58693,2025-09-10 09:15:00,0.27,0.48708993196487427,512,-0.21708993196487425
58694,2025-09-10 09:30:00,0.32,0.3175992965698242,512,0.002400703430175788
58695,2025-09-10 09:45:00,3.11,0.3758639097213745,512,2.7341360902786254
58696,2025-09-10 10:00:00,1.31,2.402796506881714,512,-1.0927965068817138
58697,2025-09-10 10:15:00,0.29,1.1623486280441284,512,-0.8723486280441284
58698,2025-09-10 10:30:00,1.64,0.5654692053794861,512,1.0745307946205138
58699,2025-09-10 10:45:00,1.69,1.7807214260101318,512,-0.09072142601013189
58700,2025-09-10 11:00:00,2.45,1.6596410274505615,512,0.7903589725494387
58701,2025-09-10 11:15:00,2.66,2.0586280822753906,512,0.6013719177246095
58702,2025-09-10 11:30:00,2.96,2.263394355773926,512,0.6966056442260742
58703,2025-09-10 11:45:00,3.06,2.5638108253479004,512,0.49618917465209966
58704,2025-09-10 12:00:00,5.11,2.558194160461426,512,2.5518058395385745
58705,2025-09-10 12:15:00,3.0,3.6739883422851562,512,-0.6739883422851562
58706,2025-09-10 12:30:00,0.56,2.2966723442077637,512,-1.7366723442077636
58707,2025-09-10 12:45:00,0.6,0.6473417282104492,512,-0.04734172821044924
58708,2025-09-10 13:00:00,0.55,0.6310290694236755,512,-0.08102906942367549
58709,2025-09-10 13:15:00,1.04,0.5914127826690674,512,0.44858721733093265
58710,2025-09-10 13:30:00,1.08,0.9521892070770264,512,0.1278107929229737
58711,2025-09-10 13:45:00,0.47,1.109807014465332,512,-0.6398070144653321
58712,2025-09-10 14:00:00,0.49,0.7272394895553589,512,-0.2372394895553589
58713,2025-09-10 14:15:00,0.5,0.7400449514389038,512,-0.2400449514389038
58714,2025-09-10 14:30:00,0.37,0.6806508302688599,512,-0.31065083026885987
58715,2025-09-10 14:45:00,0.19,0.5257707834243774,512,-0.33577078342437744
58716,2025-09-10 15:00:00,0.22,0.37579506635665894,512,-0.15579506635665893
58717,2025-09-10 15:15:00,0.26,0.3349747657775879,512,-0.07497476577758788
58718,2025-09-10 15:30:00,0.28,0.3163360357284546,512,-0.03633603572845456
58719,2025-09-10 15:45:00,0.28,0.3365497589111328,512,-0.056549758911132786
58720,2025-09-10 16:00:00,0.25,0.3249361515045166,512,-0.0749361515045166
58721,2025-09-10 16:15:00,0.21,0.3188227415084839,512,-0.1088227415084839
58722,2025-09-10 16:30:00,0.2,0.3149789571762085,512,-0.11497895717620848
58723,2025-09-10 16:45:00,0.2,0.2919929027557373,512,-0.0919929027557373
58724,2025-09-10 17:00:00,0.23,0.2857081890106201,512,-0.05570818901062011
58725,2025-09-10 17:15:00,0.23,0.3280583620071411,512,-0.0980583620071411
58726,2025-09-10 17:30:00,0.22,0.29974818229675293,512,-0.07974818229675293
58727,2025-09-10 17:45:00,0.22,0.3058004379272461,512,-0.08580043792724609
58728,2025-09-10 18:00:00,0.21,0.2990363836288452,512,-0.08903638362884522
58729,2025-09-10 18:15:00,0.19,0.28147488832473755,512,-0.09147488832473755
58730,2025-09-10 18:30:00,0.23,0.2614801526069641,512,-0.0314801526069641
58731,2025-09-10 18:45:00,3.1,0.28808826208114624,512,2.811911737918854
58732,2025-09-10 19:00:00,2.98,2.0417234897613525,512,0.9382765102386474
58733,2025-09-10 19:15:00,1.46,2.2898433208465576,512,-0.8298433208465577
58734,2025-09-10 19:30:00,1.05,1.1664844751358032,512,-0.11648447513580318
58735,2025-09-10 19:45:00,0.68,0.9810115098953247,512,-0.30101150989532466
58736,2025-09-10 20:00:00,0.72,0.7343827486038208,512,-0.014382748603820827
58737,2025-09-10 20:15:00,1.73,0.7902714014053345,512,0.9397285985946655
58738,2025-09-10 20:30:00,0.87,1.8734850883483887,512,-1.0034850883483886
58739,2025-09-10 20:45:00,0.42,0.7679126262664795,512,-0.3479126262664795
58740,2025-09-10 21:00:00,0.39,0.513579785823822,512,-0.12357978582382201
58741,2025-09-10 21:15:00,0.37,0.4983603358268738,512,-0.12836033582687378
58742,2025-09-10 21:30:00,0.4,0.48573535680770874,512,-0.08573535680770872
58743,2025-09-10 21:45:00,0.43,0.48734068870544434,512,-0.05734068870544434
58744,2025-09-10 22:00:00,0.43,0.5260460376739502,512,-0.0960460376739502
58745,2025-09-10 22:15:00,0.43,0.5341839790344238,512,-0.10418397903442383
58746,2025-09-10 22:30:00,0.49,0.4978187084197998,512,-0.007818708419799814
58747,2025-09-10 22:45:00,0.52,0.5446763634681702,512,-0.024676363468170148
58748,2025-09-10 23:00:00,1.12,0.5632613301277161,512,0.556738669872284
58749,2025-09-10 23:15:00,1.46,1.0939586162567139,512,0.3660413837432861
58750,2025-09-10 23:30:00,0.57,1.206917643547058,512,-0.6369176435470582
58751,2025-09-10 23:45:00,0.44,0.5452473163604736,512,-0.10524731636047363
58752,2025-09-11 00:00:00,0.31,0.47346031665802,512,-0.16346031665802002
58753,2025-09-11 00:15:00,0.26,0.36316126585006714,512,-0.10316126585006713
58754,2025-09-11 00:30:00,0.26,0.3190982937812805,512,-0.05909829378128051
58755,2025-09-11 00:45:00,0.23,0.31353890895843506,512,-0.08353890895843505
58756,2025-09-11 01:00:00,0.23,0.2988303005695343,512,-0.06883030056953429
58757,2025-09-11 01:15:00,0.28,0.2961015999317169,512,-0.016101599931716892
58758,2025-09-11 01:30:00,0.3,0.3310694694519043,512,-0.031069469451904308
58759,2025-09-11 01:45:00,0.29,0.3346293866634369,512,-0.04462938666343691
58760,2025-09-11 02:00:00,0.33,0.3492344915866852,512,-0.019234491586685165
58761,2025-09-11 02:15:00,0.36,0.35219606757164,512,0.007803932428359972
58762,2025-09-11 02:30:00,0.27,0.354182630777359,512,-0.08418263077735899
58763,2025-09-11 02:45:00,0.29,0.30738312005996704,512,-0.01738312005996706
58764,2025-09-11 03:00:00,0.31,0.30958476662635803,512,0.00041523337364196555
58765,2025-09-11 03:15:00,0.31,0.33640116453170776,512,-0.026401164531707766
58766,2025-09-11 03:30:00,0.29,0.3218608498573303,512,-0.03186084985733034
58767,2025-09-11 03:45:00,0.23,0.3197314441204071,512,-0.0897314441204071
58768,2025-09-11 04:00:00,0.26,0.26907581090927124,512,-0.009075810909271231
58769,2025-09-11 04:15:00,0.32,0.2890247404575348,512,0.030975259542465217
58770,2025-09-11 04:30:00,1.66,0.313973069190979,512,1.346026930809021
58771,2025-09-11 04:45:00,0.36,1.1958245038986206,512,-0.8358245038986206
58772,2025-09-11 05:00:00,0.32,0.35017502307891846,512,-0.03017502307891845
58773,2025-09-11 05:15:00,2.22,0.41215234994888306,512,1.8078476500511171
58774,2025-09-11 05:30:00,0.31,1.5019981861114502,512,-1.1919981861114501
58775,2025-09-11 05:45:00,0.3,0.4033460021018982,512,-0.1033460021018982
58776,2025-09-11 06:00:00,0.93,0.3545132279396057,512,0.5754867720603943
58777,2025-09-11 06:15:00,0.31,0.6562373638153076,512,-0.3462373638153076
58778,2025-09-11 06:30:00,0.28,0.37810713052749634,512,-0.09810713052749631
58779,2025-09-11 06:45:00,0.24,0.35949426889419556,512,-0.11949426889419557
58780,2025-09-11 07:00:00,0.2,0.33143410086631775,512,-0.13143410086631774
58781,2025-09-11 07:15:00,0.94,0.3088817894458771,512,0.6311182105541229
58782,2025-09-11 07:30:00,2.83,0.6543270945549011,512,2.175672905445099
58783,2025-09-11 07:45:00,1.27,1.7129991054534912,512,-0.4429991054534912
58784,2025-09-11 08:00:00,1.28,0.8159282803535461,512,0.4640717196464539
58785,2025-09-11 08:15:00,0.56,1.029232382774353,512,-0.469232382774353
58786,2025-09-11 08:30:00,0.72,0.5487682819366455,512,0.17123171806335447
58787,2025-09-11 08:45:00,0.78,0.6321134567260742,512,0.1478865432739258
58788,2025-09-11 09:00:00,1.99,0.6557556390762329,512,1.334244360923767
58789,2025-09-11 09:15:00,1.44,1.3785715103149414,512,0.06142848968505854
58790,2025-09-11 09:30:00,3.02,1.177139163017273,512,1.842860836982727
58791,2025-09-11 09:45:00,1.95,2.5538320541381836,512,-0.6038320541381836
58792,2025-09-11 10:00:00,2.11,1.7565792798995972,512,0.3534207201004027
58793,2025-09-11 10:15:00,1.56,2.192999839782715,512,-0.6329998397827148
58794,2025-09-11 10:30:00,0.23,1.882090449333191,512,-1.652090449333191
58795,2025-09-11 10:45:00,1.34,0.4833146631717682,512,0.8566853368282319
58796,2025-09-11 11:00:00,1.74,1.7678687572479248,512,-0.027868757247924814
58797,2025-09-11 11:15:00,1.79,2.076172113418579,512,-0.28617211341857907
58798,2025-09-11 11:30:00,1.84,2.02872633934021,512,-0.18872633934020988
58799,2025-09-11 11:45:00,1.81,1.9753361940383911,512,-0.16533619403839106
58800,2025-09-11 12:00:00,2.82,1.8416204452514648,512,0.978379554748535
58801,2025-09-11 12:15:00,2.52,2.064699172973633,512,0.4553008270263672
58802,2025-09-11 12:30:00,2.32,1.731313705444336,512,0.5886862945556639
58803,2025-09-11 12:45:00,2.41,1.9100770950317383,512,0.49992290496826186
58804,2025-09-11 13:00:00,2.87,1.9680652618408203,512,0.9019347381591798
58805,2025-09-11 13:15:00,2.78,2.258568286895752,512,0.5214317131042479
58806,2025-09-11 13:30:00,2.35,2.2239134311676025,512,0.12608656883239755
58807,2025-09-11 13:45:00,0.47,1.8354415893554688,512,-1.3654415893554688
58808,2025-09-11 14:00:00,0.37,0.44928932189941406,512,-0.07928932189941407
58809,2025-09-11 14:15:00,1.63,0.4269125461578369,512,1.203087453842163
58810,2025-09-11 14:30:00,0.37,1.2639524936676025,512,-0.8939524936676025
58811,2025-09-11 14:45:00,0.99,0.3940475583076477,512,0.5959524416923523
58812,2025-09-11 15:00:00,0.97,0.7377982139587402,512,0.23220178604125974
58813,2025-09-11 15:15:00,0.35,0.7834453582763672,512,-0.4334453582763672
58814,2025-09-11 15:30:00,0.32,0.455142617225647,512,-0.13514261722564697
58815,2025-09-11 15:45:00,0.93,0.409532368183136,512,0.5204676318168641
58816,2025-09-11 16:00:00,0.28,0.7781663537025452,512,-0.49816635370254514
58817,2025-09-11 16:15:00,0.23,0.39993828535079956,512,-0.16993828535079955
58818,2025-09-11 16:30:00,0.2,0.3193773627281189,512,-0.11937736272811889
58819,2025-09-11 16:45:00,0.18,0.283566951751709,512,-0.10356695175170899
58820,2025-09-11 17:00:00,0.22,0.26575350761413574,512,-0.04575350761413574
58821,2025-09-11 17:15:00,0.22,0.3191443085670471,512,-0.09914430856704712
58822,2025-09-11 17:30:00,0.22,0.2685527801513672,512,-0.048552780151367186
58823,2025-09-11 17:45:00,0.22,0.3118000626564026,512,-0.09180006265640259
58824,2025-09-11 18:00:00,0.21,0.3078128695487976,512,-0.09781286954879762
58825,2025-09-11 18:15:00,0.19,0.26935458183288574,512,-0.07935458183288574
58826,2025-09-11 18:30:00,1.15,0.25282514095306396,512,0.897174859046936
58827,2025-09-11 18:45:00,0.85,1.3062784671783447,512,-0.45627846717834475
58828,2025-09-11 19:00:00,0.45,0.914644718170166,512,-0.464644718170166
58829,2025-09-11 19:15:00,0.53,0.5928550958633423,512,-0.06285509586334226
58830,2025-09-11 19:30:00,0.52,0.6358293294906616,512,-0.1158293294906616
58831,2025-09-11 19:45:00,0.49,0.6041983366012573,512,-0.11419833660125733
58832,2025-09-11 20:00:00,0.47,0.5721665024757385,512,-0.10216650247573855
58833,2025-09-11 20:15:00,0.6,0.5773850083351135,512,0.022614991664886452
58834,2025-09-11 20:30:00,0.66,0.6629865169525146,512,-0.0029865169525146174
58835,2025-09-11 20:45:00,0.46,0.6816047430038452,512,-0.2216047430038452
58836,2025-09-11 21:00:00,0.32,0.4975658655166626,512,-0.1775658655166626
58837,2025-09-11 21:15:00,0.41,0.39867591857910156,512,0.011324081420898413
58838,2025-09-11 21:30:00,0.44,0.4587857723236084,512,-0.018785772323608396
58839,2025-09-11 21:45:00,1.14,0.5158413052558899,512,0.62415869474411
58840,2025-09-11 22:00:00,0.65,1.126616358757019,512,-0.476616358757019
58841,2025-09-11 22:15:00,0.63,0.6734669804573059,512,-0.043466980457305904
58842,2025-09-11 22:30:00,0.64,0.662856936454773,512,-0.022856936454772936
58843,2025-09-11 22:45:00,0.57,0.6691195368766785,512,-0.09911953687667852
58844,2025-09-11 23:00:00,0.51,0.6129335165023804,512,-0.10293351650238036
58845,2025-09-11 23:15:00,0.41,0.5555024147033691,512,-0.14550241470336917
58846,2025-09-11 23:30:00,0.34,0.4563038647174835,512,-0.1163038647174835
58847,2025-09-11 23:45:00,0.33,0.3742533028125763,512,-0.04425330281257628
58848,2025-09-12 00:00:00,0.33,0.3724646270275116,512,-0.04246462702751158
58849,2025-09-12 00:15:00,0.33,0.3723051846027374,512,-0.04230518460273741
58850,2025-09-12 00:30:00,0.31,0.38323697447776794,512,-0.07323697447776795
58851,2025-09-12 00:45:00,0.31,0.34941336512565613,512,-0.03941336512565613
58852,2025-09-12 01:00:00,0.34,0.3399330675601959,512,6.693243980410157e-05
58853,2025-09-12 01:15:00,0.34,0.36882176995277405,512,-0.028821769952774023
58854,2025-09-12 01:30:00,0.33,0.36798226833343506,512,-0.03798226833343504
58855,2025-09-12 01:45:00,0.33,0.36149781942367554,512,-0.03149781942367552
58856,2025-09-12 02:00:00,0.29,0.3726242184638977,512,-0.08262421846389773
58857,2025-09-12 02:15:00,0.25,0.3483850657939911,512,-0.09838506579399109
58858,2025-09-12 02:30:00,0.28,0.2920650243759155,512,-0.0120650243759155
58859,2025-09-12 02:45:00,0.29,0.32213038206100464,512,-0.03213038206100466
58860,2025-09-12 03:00:00,0.29,0.3216889500617981,512,-0.031688950061798116
58861,2025-09-12 03:15:00,0.28,0.3136230707168579,512,-0.033623070716857884
58862,2025-09-12 03:30:00,0.28,0.3143185079097748,512,-0.034318507909774754
58863,2025-09-12 03:45:00,0.25,0.33175867795944214,512,-0.08175867795944214
58864,2025-09-12 04:00:00,0.29,0.31311625242233276,512,-0.023116252422332784
58865,2025-09-12 04:15:00,0.34,0.3528904616832733,512,-0.012890461683273291
58866,2025-09-12 04:30:00,0.99,0.39035841822624207,512,0.5996415817737579
58867,2025-09-12 04:45:00,0.99,0.8504267930984497,512,0.13957320690155028
58868,2025-09-12 05:00:00,0.35,0.9886369705200195,512,-0.6386369705200196
58869,2025-09-12 05:15:00,2.25,0.4672500491142273,512,1.7827499508857727
58870,2025-09-12 05:30:00,0.32,2.0333616733551025,512,-1.7133616733551025
58871,2025-09-12 05:45:00,1.09,0.4548180103302002,512,0.6351819896697999
58872,2025-09-12 06:00:00,0.35,0.7071147561073303,512,-0.35711475610733034
58873,2025-09-12 06:15:00,1.66,0.4500194787979126,512,1.2099805212020873
58874,2025-09-12 06:30:00,1.78,0.6623961925506592,512,1.1176038074493408
58875,2025-09-12 06:45:00,1.14,0.7471292018890381,512,0.3928707981109618
58876,2025-09-12 07:00:00,1.01,0.8697205781936646,512,0.14027942180633546
58877,2025-09-12 07:15:00,0.38,0.8630009889602661,512,-0.4830009889602661
58878,2025-09-12 07:30:00,1.36,0.6756112575531006,512,0.6843887424468995
58879,2025-09-12 07:45:00,1.65,0.8272775411605835,512,0.8227224588394164
58880,2025-09-12 08:00:00,0.57,0.976992666721344,512,-0.40699266672134404
58881,2025-09-12 08:15:00,0.65,0.6439796090126038,512,0.0060203909873962624
58882,2025-09-12 08:30:00,0.55,0.6437296867370605,512,-0.0937296867370605
58883,2025-09-12 08:45:00,1.84,0.5790836811065674,512,1.2609163188934327
58884,2025-09-12 09:00:00,1.15,1.0497043132781982,512,0.10029568672180167
58885,2025-09-12 09:15:00,1.2,1.001639723777771,512,0.19836027622222896
58886,2025-09-12 09:30:00,2.34,1.178751826286316,512,1.161248173713684
58887,2025-09-12 09:45:00,2.35,1.814712643623352,512,0.535287356376648
58888,2025-09-12 10:00:00,2.07,1.8232076168060303,512,0.24679238319396957
58889,2025-09-12 10:15:00,2.33,1.821974754333496,512,0.508025245666504
58890,2025-09-12 10:30:00,0.33,2.206408739089966,512,-1.8764087390899657
58891,2025-09-12 10:45:00,1.25,1.2710597515106201,512,-0.021059751510620117
58892,2025-09-12 11:00:00,1.63,1.858794927597046,512,-0.228794927597046
58893,2025-09-12 11:15:00,1.86,2.072540283203125,512,-0.2125402832031249
58894,2025-09-12 11:30:00,1.97,2.1454405784606934,512,-0.17544057846069339
58895,2025-09-12 11:45:00,1.89,2.1584808826446533,512,-0.2684808826446534
58896,2025-09-12 12:00:00,1.88,1.9764435291290283,512,-0.09644352912902843
58897,2025-09-12 12:15:00,3.09,1.858151912689209,512,1.2318480873107909
58898,2025-09-12 12:30:00,2.34,2.3512778282165527,512,-0.011277828216552876
58899,2025-09-12 12:45:00,2.07,2.187652349472046,512,-0.11765234947204606
58900,2025-09-12 13:00:00,2.28,2.033186435699463,512,0.24681356430053691
58901,2025-09-12 13:15:00,2.49,1.9689887762069702,512,0.52101122379303
58902,2025-09-12 13:30:00,2.54,1.8850144147872925,512,0.6549855852127076
58903,2025-09-12 13:45:00,2.65,1.7339558601379395,512,0.9160441398620605
58904,2025-09-12 14:00:00,2.98,1.918527364730835,512,1.061472635269165
58905,2025-09-12 14:15:00,0.26,2.2264280319213867,512,-1.9664280319213867
58906,2025-09-12 14:30:00,0.23,0.30938053131103516,512,-0.07938053131103515
58907,2025-09-12 14:45:00,0.2,0.3570144772529602,512,-0.1570144772529602
58908,2025-09-12 15:00:00,0.2,0.2980288863182068,512,-0.09802888631820678
58909,2025-09-12 15:15:00,0.16,0.2419130802154541,512,-0.0819130802154541
58910,2025-09-12 15:30:00,0.47,0.2611364722251892,512,0.20886352777481076
58911,2025-09-12 15:45:00,0.97,0.4126109182834625,512,0.5573890817165374
58912,2025-09-12 16:00:00,0.55,0.6325682401657104,512,-0.0825682401657104
58913,2025-09-12 16:15:00,0.53,0.4026144742965698,512,0.1273855257034302
58914,2025-09-12 16:30:00,0.56,0.41463834047317505,512,0.145361659526825
58915,2025-09-12 16:45:00,0.18,0.4523579478263855,512,-0.2723579478263855
58916,2025-09-12 17:00:00,0.23,0.3019939064979553,512,-0.07199390649795531
58917,2025-09-12 17:15:00,0.24,0.2995913326740265,512,-0.0595913326740265
58918,2025-09-12 17:30:00,0.24,0.28871190547943115,512,-0.04871190547943116
58919,2025-09-12 17:45:00,0.23,0.2831873893737793,512,-0.05318738937377929
58920,2025-09-12 18:00:00,0.21,0.28863000869750977,512,-0.07863000869750977
58921,2025-09-12 18:15:00,0.2,0.2912248969078064,512,-0.09122489690780639
58922,2025-09-12 18:30:00,0.19,0.28634464740753174,512,-0.09634464740753174
58923,2025-09-12 18:45:00,0.24,0.2720959186553955,512,-0.03209591865539552
58924,2025-09-12 19:00:00,0.8,0.2734362483024597,512,0.5265637516975403
58925,2025-09-12 19:15:00,0.6,0.5960391163825989,512,0.003960883617401101
58926,2025-09-12 19:30:00,0.65,0.5222079753875732,512,0.12779202461242678
58927,2025-09-12 19:45:00,0.62,0.5460511445999146,512,0.07394885540008544
58928,2025-09-12 20:00:00,0.68,0.5897736549377441,512,0.09022634506225591
58929,2025-09-12 20:15:00,0.76,0.5959531664848328,512,0.16404683351516725
58930,2025-09-12 20:30:00,0.91,0.6171755194664001,512,0.2928244805335999
58931,2025-09-12 20:45:00,0.75,0.712977409362793,512,0.03702259063720703
58932,2025-09-12 21:00:00,1.53,0.662239670753479,512,0.867760329246521
58933,2025-09-12 21:15:00,1.66,1.0877351760864258,512,0.5722648239135741
58934,2025-09-12 21:30:00,1.75,1.307774305343628,512,0.44222569465637207
58935,2025-09-12 21:45:00,1.74,1.5835978984832764,512,0.15640210151672362
58936,2025-09-12 22:00:00,1.81,1.6169590950012207,512,0.19304090499877935
58937,2025-09-12 22:15:00,1.38,1.6991755962371826,512,-0.3191755962371827
58938,2025-09-12 22:30:00,0.65,1.3322077989578247,512,-0.6822077989578247
58939,2025-09-12 22:45:00,0.84,0.6594808101654053,512,0.1805191898345947
58940,2025-09-12 23:00:00,0.52,0.8040400147438049,512,-0.2840400147438049
58941,2025-09-12 23:15:00,0.51,0.5953161716461182,512,-0.08531617164611816
58942,2025-09-12 23:30:00,0.43,0.537310779094696,512,-0.10731077909469605
58943,2025-09-12 23:45:00,0.26,0.48316216468811035,512,-0.22316216468811034
58944,2025-09-13 00:00:00,0.28,0.3899421691894531,512,-0.1099421691894531
58945,2025-09-13 00:15:00,0.28,0.3924150764942169,512,-0.11241507649421689
58946,2025-09-13 00:30:00,0.26,0.3729908764362335,512,-0.11299087643623351
58947,2025-09-13 00:45:00,0.25,0.3108768165111542,512,-0.060876816511154175
58948,2025-09-13 01:00:00,0.23,0.29899266362190247,512,-0.06899266362190246
58949,2025-09-13 01:15:00,0.22,0.26336151361465454,512,-0.04336151361465454
58950,2025-09-13 01:30:00,0.26,0.25262150168418884,512,0.007378498315811166
58951,2025-09-13 01:45:00,0.99,0.26662197709083557,512,0.7233780229091644
58952,2025-09-13 02:00:00,0.27,0.642013669013977,512,-0.37201366901397703
58953,2025-09-13 02:15:00,0.98,0.3309990167617798,512,0.6490009832382202
58954,2025-09-13 02:30:00,0.26,0.6993085741996765,512,-0.4393085741996765
58955,2025-09-13 02:45:00,0.24,0.3170049786567688,512,-0.07700497865676881
58956,2025-09-13 03:00:00,0.27,0.2881402373313904,512,-0.018140237331390363
58957,2025-09-13 03:15:00,0.33,0.2970874011516571,512,0.03291259884834291
58958,2025-09-13 03:30:00,1.0,0.3359408974647522,512,0.6640591025352478
58959,2025-09-13 03:45:00,1.04,0.7179231643676758,512,0.32207683563232425
58960,2025-09-13 04:00:00,0.4,0.869116485118866,512,-0.46911648511886594
58961,2025-09-13 04:15:00,1.11,0.48126107454299927,512,0.6287389254570008
58962,2025-09-13 04:30:00,0.4,0.8941754698753357,512,-0.49417546987533567
58963,2025-09-13 04:45:00,1.66,0.47704142332077026,512,1.1829585766792297
58964,2025-09-13 05:00:00,0.44,1.0987434387207031,512,-0.6587434387207032
58965,2025-09-13 05:15:00,1.02,0.6009572744369507,512,0.41904272556304933
58966,2025-09-13 05:30:00,1.68,0.7800560593605042,512,0.8999439406394958
58967,2025-09-13 05:45:00,0.3,1.1134666204452515,512,-0.8134666204452514
58968,2025-09-13 06:00:00,1.77,0.5805259346961975,512,1.1894740653038025
58969,2025-09-13 06:15:00,0.34,1.0925250053405762,512,-0.7525250053405761
58970,2025-09-13 06:30:00,0.43,0.6013240814208984,512,-0.17132408142089844
58971,2025-09-13 06:45:00,0.41,0.6015457510948181,512,-0.19154575109481814
58972,2025-09-13 07:00:00,1.1,0.6151930093765259,512,0.4848069906234742
58973,2025-09-13 07:15:00,1.06,0.9550505876541138,512,0.10494941234588628
58974,2025-09-13 07:30:00,0.31,0.9917076826095581,512,-0.681707682609558
58975,2025-09-13 07:45:00,0.33,0.7100616693496704,512,-0.3800616693496704
58976,2025-09-13 08:00:00,0.38,0.5738591551780701,512,-0.19385915517807006
58977,2025-09-13 08:15:00,0.41,0.5457651615142822,512,-0.13576516151428225
58978,2025-09-13 08:30:00,1.62,0.607064425945282,512,1.0129355740547181
58979,2025-09-13 08:45:00,0.26,1.4710540771484375,512,-1.2110540771484375
58980,2025-09-13 09:00:00,0.29,0.6616680026054382,512,-0.37166800260543825
58981,2025-09-13 09:15:00,0.24,0.5823109745979309,512,-0.3423109745979309
58982,2025-09-13 09:30:00,2.4,0.4591135084629059,512,1.940886491537094
58983,2025-09-13 09:45:00,0.32,1.7345943450927734,512,-1.4145943450927734
58984,2025-09-13 10:00:00,0.44,0.6757102012634277,512,-0.23571020126342773
58985,2025-09-13 10:15:00,0.32,0.6704849600791931,512,-0.3504849600791931
58986,2025-09-13 10:30:00,0.24,0.5513622760772705,512,-0.3113622760772705
58987,2025-09-13 10:45:00,1.45,0.559561550617218,512,0.8904384493827819
58988,2025-09-13 11:00:00,2.26,1.4312547445297241,512,0.8287452554702757
58989,2025-09-13 11:15:00,2.39,1.9396908283233643,512,0.45030917167663587
58990,2025-09-13 11:30:00,2.5,2.1164093017578125,512,0.3835906982421875
58991,2025-09-13 11:45:00,2.95,2.2100677490234375,512,0.7399322509765627
58992,2025-09-13 12:00:00,3.39,2.561878204345703,512,0.828121795654297
58993,2025-09-13 12:15:00,3.62,2.960531234741211,512,0.6594687652587892
58994,2025-09-13 12:30:00,2.97,3.226548910140991,512,-0.256548910140991
58995,2025-09-13 12:45:00,2.41,2.7820382118225098,512,-0.3720382118225096
58996,2025-09-13 13:00:00,2.66,2.362867832183838,512,0.29713216781616225
58997,2025-09-13 13:15:00,3.04,2.417746067047119,512,0.6222539329528809
58998,2025-09-13 13:30:00,2.59,2.488422393798828,512,0.10157760620117173
58999,2025-09-13 13:45:00,3.17,2.0564398765563965,512,1.1135601234436034
59000,2025-09-13 14:00:00,2.45,2.4649739265441895,512,-0.014973926544189275
59001,2025-09-13 14:15:00,2.77,1.8246512413024902,512,0.9453487586975098
59002,2025-09-13 14:30:00,2.06,2.170872211456299,512,-0.11087221145629877
59003,2025-09-13 14:45:00,0.27,1.7445228099822998,512,-1.4745228099822998
59004,2025-09-13 15:00:00,0.27,0.4993150234222412,512,-0.2293150234222412
59005,2025-09-13 15:15:00,0.27,0.39849841594696045,512,-0.12849841594696043
59006,2025-09-13 15:30:00,0.26,0.41568678617477417,512,-0.15568678617477416
59007,2025-09-13 15:45:00,1.05,0.3915690779685974,512,0.6584309220314026
59008,2025-09-13 16:00:00,0.24,0.7175828218460083,512,-0.4775828218460083
59009,2025-09-13 16:15:00,0.24,0.3568844199180603,512,-0.11688441991806031
59010,2025-09-13 16:30:00,0.21,0.27222496271133423,512,-0.062224962711334236
59011,2025-09-13 16:45:00,0.21,0.2398034930229187,512,-0.02980349302291871
59012,2025-09-13 17:00:00,0.21,0.24469619989395142,512,-0.034696199893951424
59013,2025-09-13 17:15:00,0.24,0.25850266218185425,512,-0.018502662181854257
59014,2025-09-13 17:30:00,0.24,0.2725268602371216,512,-0.03252686023712159
59015,2025-09-13 17:45:00,0.22,0.268929660320282,512,-0.04892966032028198
59016,2025-09-13 18:00:00,0.21,0.2557687759399414,512,-0.045768775939941414
59017,2025-09-13 18:15:00,0.19,0.2804300785064697,512,-0.09043007850646972
59018,2025-09-13 18:30:00,0.19,0.25575482845306396,512,-0.06575482845306396
59019,2025-09-13 18:45:00,1.55,0.2854524254798889,512,1.2645475745201111
59020,2025-09-13 19:00:00,0.67,1.0201561450958252,512,-0.35015614509582516
59021,2025-09-13 19:15:00,0.69,0.6275801658630371,512,0.06241983413696284
59022,2025-09-13 19:30:00,0.61,0.60561603307724,512,0.0043839669227599964
59023,2025-09-13 19:45:00,0.41,0.6355715394020081,512,-0.22557153940200808
59024,2025-09-13 20:00:00,0.37,0.5634496212005615,512,-0.19344962120056153
59025,2025-09-13 20:15:00,0.36,0.5192311406135559,512,-0.15923114061355592
59026,2025-09-13 20:30:00,0.3,0.4888245463371277,512,-0.1888245463371277
59027,2025-09-13 20:45:00,0.29,0.4095620810985565,512,-0.11956208109855654
59028,2025-09-13 21:00:00,0.28,0.39421942830085754,512,-0.11421942830085752
59029,2025-09-13 21:15:00,0.27,0.3916184902191162,512,-0.1216184902191162
59030,2025-09-13 21:30:00,0.29,0.34526297450065613,512,-0.05526297450065615
59031,2025-09-13 21:45:00,0.39,0.3886924982070923,512,0.0013075017929077282
59032,2025-09-13 22:00:00,0.4,0.41704583168029785,512,-0.01704583168029783
59033,2025-09-13 22:15:00,0.39,0.43658027052879333,512,-0.04658027052879332
59034,2025-09-13 22:30:00,0.38,0.42862468957901,512,-0.048624689579010005
59035,2025-09-13 22:45:00,0.36,0.4258529543876648,512,-0.06585295438766481
59036,2025-09-13 23:00:00,0.36,0.4172342121601105,512,-0.05723421216011049
59037,2025-09-13 23:15:00,0.37,0.4421980381011963,512,-0.0721980381011963
59038,2025-09-13 23:30:00,0.4,0.41146987676620483,512,-0.011469876766204812
59039,2025-09-13 23:45:00,0.38,0.4210352599620819,512,-0.041035259962081905
59040,2025-09-14 00:00:00,0.33,0.4100872576236725,512,-0.08008725762367247
59041,2025-09-14 00:15:00,0.4,0.3724532425403595,512,0.027546757459640525
59042,2025-09-14 00:30:00,0.54,0.38622212409973145,512,0.1537778759002686
59043,2025-09-14 00:45:00,0.26,0.5270444750785828,512,-0.26704447507858275
59044,2025-09-14 01:00:00,0.29,0.36394160985946655,512,-0.07394160985946657
59045,2025-09-14 01:15:00,0.29,0.365027517080307,512,-0.07502751708030703
59046,2025-09-14 01:30:00,0.28,0.373115211725235,512,-0.09311521172523496
59047,2025-09-14 01:45:00,0.28,0.35926955938339233,512,-0.07926955938339231
59048,2025-09-14 02:00:00,0.28,0.33340322971343994,512,-0.053403229713439915
59049,2025-09-14 02:15:00,0.28,0.328634113073349,512,-0.04863411307334897
59050,2025-09-14 02:30:00,0.25,0.30653896927833557,512,-0.05653896927833557
59051,2025-09-14 02:45:00,0.27,0.28208303451538086,512,-0.012083034515380842
59052,2025-09-14 03:00:00,0.28,0.2966462969779968,512,-0.0166462969779968
59053,2025-09-14 03:15:00,0.29,0.3037734031677246,512,-0.01377340316772463
59054,2025-09-14 03:30:00,0.32,0.30962106585502625,512,0.010378934144973762
59055,2025-09-14 03:45:00,0.37,0.3323518633842468,512,0.03764813661575317
59056,2025-09-14 04:00:00,0.37,0.37231194972991943,512,-0.002311949729919438
59057,2025-09-14 04:15:00,0.31,0.398963063955307,512,-0.08896306395530701
59058,2025-09-14 04:30:00,0.3,0.3931805193424225,512,-0.0931805193424225
59059,2025-09-14 04:45:00,0.32,0.36239486932754517,512,-0.04239486932754516
59060,2025-09-14 05:00:00,0.32,0.37448176741600037,512,-0.05448176741600036
59061,2025-09-14 05:15:00,0.3,0.37870311737060547,512,-0.07870311737060548
59062,2025-09-14 05:30:00,0.26,0.35087090730667114,512,-0.09087090730667113
59063,2025-09-14 05:45:00,0.24,0.29394248127937317,512,-0.05394248127937318
59064,2025-09-14 06:00:00,0.27,0.2876509428024292,512,-0.01765094280242918
59065,2025-09-14 06:15:00,0.26,0.29502326250076294,512,-0.03502326250076293
59066,2025-09-14 06:30:00,0.29,0.3061365485191345,512,-0.01613654851913454
59067,2025-09-14 06:45:00,0.28,0.3081113398075104,512,-0.02811133980751035
59068,2025-09-14 07:00:00,0.27,0.3224119544029236,512,-0.052411954402923566
59069,2025-09-14 07:15:00,0.32,0.33217135071754456,512,-0.012171350717544549
59070,2025-09-14 07:30:00,0.32,0.3381788730621338,512,-0.018178873062133782
59071,2025-09-14 07:45:00,0.3,0.3762547969818115,512,-0.07625479698181153
59072,2025-09-14 08:00:00,0.34,0.279148131608963,512,0.06085186839103701
59073,2025-09-14 08:15:00,0.35,0.31861135363578796,512,0.031388646364212014
59074,2025-09-14 08:30:00,0.75,0.33504390716552734,512,0.41495609283447266
59075,2025-09-14 08:45:00,0.5,0.698162317276001,512,-0.19816231727600098
59076,2025-09-14 09:00:00,3.28,0.522789478302002,512,2.757210521697998
59077,2025-09-14 09:15:00,5.01,1.9031901359558105,512,3.1068098640441892
59078,2025-09-14 09:30:00,1.67,3.3950212001800537,512,-1.7250212001800538
59079,2025-09-14 09:45:00,0.59,1.671492099761963,512,-1.081492099761963
59080,2025-09-14 10:00:00,0.38,0.9552033543586731,512,-0.5752033543586731
59081,2025-09-14 10:15:00,2.3,0.6194711923599243,512,1.6805288076400755
59082,2025-09-14 10:30:00,0.33,2.2042453289031982,512,-1.8742453289031982
59083,2025-09-14 10:45:00,3.05,0.8042618036270142,512,2.2457381963729857
59084,2025-09-14 11:00:00,1.89,2.233642101287842,512,-0.3436421012878419
59085,2025-09-14 11:15:00,1.97,1.5980939865112305,512,0.3719060134887695
59086,2025-09-14 11:30:00,1.9,1.7749133110046387,512,0.12508668899536124
59087,2025-09-14 11:45:00,2.66,1.8411517143249512,512,0.818848285675049
59088,2025-09-14 12:00:00,2.44,2.2857987880706787,512,0.15420121192932124
59089,2025-09-14 12:15:00,3.2,2.3647358417510986,512,0.8352641582489015
59090,2025-09-14 12:30:00,2.85,2.738616943359375,512,0.11138305664062509
59091,2025-09-14 12:45:00,1.21,2.5593316555023193,512,-1.3493316555023194
59092,2025-09-14 13:00:00,0.3,1.6267085075378418,512,-1.3267085075378418
59093,2025-09-14 13:15:00,0.25,0.6356906294822693,512,-0.3856906294822693
59094,2025-09-14 13:30:00,0.25,0.5094848871231079,512,-0.2594848871231079
59095,2025-09-14 13:45:00,0.23,0.4273252785205841,512,-0.1973252785205841
59096,2025-09-14 14:00:00,1.72,0.3121145963668823,512,1.4078854036331176
59097,2025-09-14 14:15:00,0.25,1.3851168155670166,512,-1.1351168155670166
59098,2025-09-14 14:30:00,0.24,0.3832389712333679,512,-0.14323897123336793
59099,2025-09-14 14:45:00,0.22,0.2686876058578491,512,-0.04868760585784912
59100,2025-09-14 15:00:00,0.21,0.27835315465927124,512,-0.06835315465927125
59101,2025-09-14 15:15:00,0.2,0.3312551975250244,512,-0.1312551975250244
59102,2025-09-14 15:30:00,0.23,0.25379884243011475,512,-0.023798842430114736
59103,2025-09-14 15:45:00,0.22,0.22826725244522095,512,-0.008267252445220946
59104,2025-09-14 16:00:00,0.21,0.1641187071800232,512,0.0458812928199768
59105,2025-09-14 16:15:00,0.21,0.1969415545463562,512,0.013058445453643791
59106,2025-09-14 16:30:00,0.2,0.19212210178375244,512,0.00787789821624757
59107,2025-09-14 16:45:00,0.18,0.1795443892478943,512,0.00045561075210570623
59108,2025-09-14 17:00:00,0.23,0.21060198545455933,512,0.019398014545440684
59109,2025-09-14 17:15:00,0.23,0.21950185298919678,512,0.010498147010803233
59110,2025-09-14 17:30:00,0.22,0.20348483324050903,512,0.016515166759490968
59111,2025-09-14 17:45:00,0.22,0.2163051962852478,512,0.0036948037147521984
59112,2025-09-14 18:00:00,0.2,0.1934138536453247,512,0.006586146354675304
59113,2025-09-14 18:15:00,1.27,0.04386711120605469,512,1.2261328887939453
59114,2025-09-14 18:30:00,2.84,1.3280714750289917,512,1.5119285249710082
59115,2025-09-14 18:45:00,4.37,2.5449461936950684,512,1.8250538063049317
59116,2025-09-14 19:00:00,1.02,3.6266307830810547,512,-2.6066307830810547
59117,2025-09-14 19:15:00,0.98,1.1305941343307495,512,-0.15059413433074953
59118,2025-09-14 19:30:00,0.98,1.0905965566635132,512,-0.1105965566635132
59119,2025-09-14 19:45:00,2.44,1.1092934608459473,512,1.3307065391540527
59120,2025-09-14 20:00:00,1.39,2.0104758739471436,512,-0.6204758739471437
59121,2025-09-14 20:15:00,0.63,1.6473991870880127,512,-1.0173991870880128
59122,2025-09-14 20:30:00,1.27,0.9827550649642944,512,0.2872449350357056
59123,2025-09-14 20:45:00,1.28,1.290874719619751,512,-0.01087471961975095
59124,2025-09-14 21:00:00,0.6,1.3496506214141846,512,-0.7496506214141846
59125,2025-09-14 21:15:00,0.54,0.8853757977485657,512,-0.34537579774856564
59126,2025-09-14 21:30:00,0.43,0.7926473617553711,512,-0.3626473617553711
59127,2025-09-14 21:45:00,0.45,0.6622222661972046,512,-0.21222226619720458
59128,2025-09-14 22:00:00,0.4,0.5968344211578369,512,-0.1968344211578369
59129,2025-09-14 22:15:00,0.35,0.5018558502197266,512,-0.15185585021972658
59130,2025-09-14 22:30:00,0.27,0.4415632486343384,512,-0.17156324863433836
59131,2025-09-14 22:45:00,0.36,0.39777132868766785,512,-0.03777132868766786
59132,2025-09-14 23:00:00,0.52,0.42792531847953796,512,0.09207468152046205
59133,2025-09-14 23:15:00,0.51,0.49245381355285645,512,0.017546186447143564
59134,2025-09-14 23:30:00,0.53,0.5287868976593018,512,0.0012131023406982688
59135,2025-09-14 23:45:00,0.35,0.5444177985191345,512,-0.19441779851913454
59136,2025-09-15 00:00:00,0.28,0.45723649859428406,512,-0.17723649859428403
59137,2025-09-15 00:15:00,0.28,0.4122620224952698,512,-0.13226202249526975
59138,2025-09-15 00:30:00,0.28,0.35849514603614807,512,-0.07849514603614804
59139,2025-09-15 00:45:00,0.27,0.3471442759037018,512,-0.07714427590370176
59140,2025-09-15 01:00:00,0.27,0.36029842495918274,512,-0.09029842495918272
59141,2025-09-15 01:15:00,0.23,0.36891186237335205,512,-0.13891186237335204
59142,2025-09-15 01:30:00,0.23,0.3028019964694977,512,-0.07280199646949767
59143,2025-09-15 01:45:00,0.28,0.31522154808044434,512,-0.03522154808044431
59144,2025-09-15 02:00:00,0.31,0.3805319666862488,512,-0.07053196668624878
59145,2025-09-15 02:15:00,0.29,0.4095556139945984,512,-0.11955561399459841
59146,2025-09-15 02:30:00,0.23,0.4064038097858429,512,-0.17640380978584289
59147,2025-09-15 02:45:00,0.23,0.32389992475509644,512,-0.09389992475509643
59148,2025-09-15 03:00:00,0.24,0.223026841878891,512,0.016973158121109
59149,2025-09-15 03:15:00,0.27,0.23199866712093353,512,0.038001332879066485
59150,2025-09-15 03:30:00,0.28,0.26333075761795044,512,0.016669242382049587
59151,2025-09-15 03:45:00,0.27,0.25607892870903015,512,0.013921071290969866
59152,2025-09-15 04:00:00,1.11,0.25227975845336914,512,0.857720241546631
59153,2025-09-15 04:15:00,1.11,1.2390590906143188,512,-0.12905909061431875
59154,2025-09-15 04:30:00,1.75,1.180484652519226,512,0.5695153474807739
59155,2025-09-15 04:45:00,0.37,1.9157593250274658,512,-1.5457593250274657
59156,2025-09-15 05:00:00,0.51,0.4956989288330078,512,0.014301071166992196
59157,2025-09-15 05:15:00,2.31,0.6577655076980591,512,1.652234492301941
59158,2025-09-15 05:30:00,1.09,2.218501567840576,512,-1.128501567840576
59159,2025-09-15 05:45:00,0.33,1.0631353855133057,512,-0.7331353855133056
59160,2025-09-15 06:00:00,0.27,0.5568241477012634,512,-0.2868241477012634
59161,2025-09-15 06:15:00,0.89,0.4461405873298645,512,0.4438594126701355
59162,2025-09-15 06:30:00,0.29,0.6935052871704102,512,-0.4035052871704102
59163,2025-09-15 06:45:00,0.29,0.48283329606056213,512,-0.19283329606056215
59164,2025-09-15 07:00:00,0.26,0.48679614067077637,512,-0.22679614067077636
59165,2025-09-15 07:15:00,0.48,0.44124603271484375,512,0.03875396728515623
59166,2025-09-15 07:30:00,1.14,0.5406026840209961,512,0.5993973159790038
59167,2025-09-15 07:45:00,2.54,0.8894326686859131,512,1.650567331314087
59168,2025-09-15 08:00:00,2.67,1.7473946809768677,512,0.9226053190231323
59169,2025-09-15 08:15:00,1.22,2.475696563720703,512,-1.2556965637207032
59170,2025-09-15 08:30:00,1.91,1.401723027229309,512,0.5082769727706908
59171,2025-09-15 08:45:00,0.35,1.848968744277954,512,-1.498968744277954
59172,2025-09-15 09:00:00,0.43,0.790744960308075,512,-0.36074496030807496
59173,2025-09-15 09:15:00,0.89,0.7765055298805237,512,0.11349447011947633
59174,2025-09-15 09:30:00,1.85,1.2551417350769043,512,0.5948582649230958
59175,2025-09-15 09:45:00,1.09,1.9603610038757324,512,-0.8703610038757323
59176,2025-09-15 10:00:00,1.61,1.4961484670639038,512,0.11385153293609629
59177,2025-09-15 10:15:00,0.38,1.8174906969070435,512,-1.4374906969070436
59178,2025-09-15 10:30:00,0.26,0.9866148233413696,512,-0.7266148233413696
59179,2025-09-15 10:45:00,1.11,0.7179243564605713,512,0.3920756435394288
59180,2025-09-15 11:00:00,1.61,1.3319191932678223,512,0.27808080673217783
59181,2025-09-15 11:15:00,1.6,1.8411229848861694,512,-0.24112298488616934
59182,2025-09-15 11:30:00,1.69,2.016892671585083,512,-0.32689267158508306
59183,2025-09-15 11:45:00,1.8,2.019798755645752,512,-0.2197987556457519
59184,2025-09-15 12:00:00,1.77,1.9332187175750732,512,-0.16321871757507322
59185,2025-09-15 12:15:00,1.85,1.9611172676086426,512,-0.11111726760864249
59186,2025-09-15 12:30:00,1.87,1.9075227975845337,512,-0.037522797584533585
59187,2025-09-15 12:45:00,1.92,1.8712108135223389,512,0.04878918647766106
59188,2025-09-15 13:00:00,1.99,1.9372761249542236,512,0.05272387504577636
59189,2025-09-15 13:15:00,3.43,1.9565602540969849,512,1.4734397459030153
59190,2025-09-15 13:30:00,3.03,2.6904501914978027,512,0.33954980850219707
59191,2025-09-15 13:45:00,3.29,2.7300896644592285,512,0.5599103355407715
59192,2025-09-15 14:00:00,3.6,3.043527364730835,512,0.5564726352691651
59193,2025-09-15 14:15:00,1.91,2.9082727432250977,512,-0.9982727432250977
59194,2025-09-15 14:30:00,0.27,1.6164613962173462,512,-1.3464613962173462
59195,2025-09-15 14:45:00,0.97,0.5094650983810425,512,0.4605349016189575
59196,2025-09-15 15:00:00,0.31,0.8114584684371948,512,-0.5014584684371948
59197,2025-09-15 15:15:00,0.33,0.554379940032959,512,-0.22437994003295897
59198,2025-09-15 15:30:00,1.45,0.5409594178199768,512,0.9090405821800231
59199,2025-09-15 15:45:00,0.29,1.2077714204788208,512,-0.9177714204788208
59200,2025-09-15 16:00:00,0.28,0.5807284116744995,512,-0.3007284116744995
59201,2025-09-15 16:15:00,0.3,0.5765461325645447,512,-0.2765461325645447
59202,2025-09-15 16:30:00,1.62,0.4958164095878601,512,1.12418359041214
59203,2025-09-15 16:45:00,0.92,1.3707422018051147,512,-0.4507422018051147
59204,2025-09-15 17:00:00,0.24,1.2009016275405884,512,-0.9609016275405884
59205,2025-09-15 17:15:00,0.25,0.8072834014892578,512,-0.5572834014892578
59206,2025-09-15 17:30:00,0.24,0.5853520631790161,512,-0.3453520631790161
59207,2025-09-15 17:45:00,0.24,0.5573493838310242,512,-0.3173493838310242
59208,2025-09-15 18:00:00,0.23,0.5436807870864868,512,-0.31368078708648683
59209,2025-09-15 18:15:00,2.3,0.5830991268157959,512,1.716900873184204
59210,2025-09-15 18:30:00,0.64,2.0681686401367188,512,-1.4281686401367186
59211,2025-09-15 18:45:00,1.09,0.9956506490707397,512,0.09434935092926033
59212,2025-09-15 19:00:00,1.4,1.1825597286224365,512,0.2174402713775634
59213,2025-09-15 19:15:00,0.69,1.4616237878799438,512,-0.7716237878799439
59214,2025-09-15 19:30:00,1.98,1.2174237966537476,512,0.7625762033462524
59215,2025-09-15 19:45:00,3.15,1.6485095024108887,512,1.5014904975891112
59216,2025-09-15 20:00:00,1.85,2.2157769203186035,512,-0.3657769203186034
59217,2025-09-15 20:15:00,1.01,1.7886035442352295,512,-0.7786035442352295
59218,2025-09-15 20:30:00,1.18,1.3550176620483398,512,-0.1750176620483399
59219,2025-09-15 20:45:00,0.42,1.2912485599517822,512,-0.8712485599517823
59220,2025-09-15 21:00:00,0.41,0.7810149788856506,512,-0.37101497888565066
59221,2025-09-15 21:15:00,0.52,0.6198254823684692,512,-0.09982548236846922
59222,2025-09-15 21:30:00,0.57,0.6670709252357483,512,-0.09707092523574834
59223,2025-09-15 21:45:00,1.66,0.6484749913215637,512,1.0115250086784362
59224,2025-09-15 22:00:00,0.35,1.0354188680648804,512,-0.6854188680648804
59225,2025-09-15 22:15:00,1.09,0.5712882876396179,512,0.5187117123603822
59226,2025-09-15 22:30:00,1.05,0.7894495725631714,512,0.26055042743682866
59227,2025-09-15 22:45:00,0.34,0.8729804754257202,512,-0.5329804754257201
59228,2025-09-15 23:00:00,0.33,0.6259785890579224,512,-0.29597858905792235
59229,2025-09-15 23:15:00,0.31,0.5334489941596985,512,-0.2234489941596985
59230,2025-09-15 23:30:00,0.26,0.4624221920967102,512,-0.2024221920967102
59231,2025-09-15 23:45:00,0.3,0.38568243384361267,512,-0.08568243384361268
59232,2025-09-16 00:00:00,0.31,0.37946364283561707,512,-0.06946364283561707
59233,2025-09-16 00:15:00,0.3,0.37729716300964355,512,-0.07729716300964357
59234,2025-09-16 00:30:00,0.29,0.34874698519706726,512,-0.05874698519706728
59235,2025-09-16 00:45:00,0.27,0.354099303483963,512,-0.084099303483963
59236,2025-09-16 01:00:00,0.26,0.32720887660980225,512,-0.06720887660980224
59237,2025-09-16 01:15:00,0.3,0.30572009086608887,512,-0.005720090866088878
59238,2025-09-16 01:30:00,0.31,0.3197084367275238,512,-0.009708436727523806
59239,2025-09-16 01:45:00,0.3,0.35052984952926636,512,-0.05052984952926637
59240,2025-09-16 02:00:00,0.29,0.3556896150112152,512,-0.06568961501121523
59241,2025-09-16 02:15:00,0.27,0.34006091952323914,512,-0.07006091952323912
59242,2025-09-16 02:30:00,0.26,0.33483365178108215,512,-0.07483365178108214
59243,2025-09-16 02:45:00,0.26,0.3232991397380829,512,-0.06329913973808288
59244,2025-09-16 03:00:00,0.31,0.32904598116874695,512,-0.01904598116874695
59245,2025-09-16 03:15:00,0.3,0.37356260418891907,512,-0.07356260418891908
59246,2025-09-16 03:30:00,0.29,0.36147043108940125,512,-0.07147043108940127
59247,2025-09-16 03:45:00,0.29,0.3859514594078064,512,-0.09595145940780642
59248,2025-09-16 04:00:00,0.27,0.38436415791511536,512,-0.11436415791511534
59249,2025-09-16 04:15:00,0.29,0.36421722173690796,512,-0.07421722173690798
59250,2025-09-16 04:30:00,0.35,0.36458536982536316,512,-0.014585369825363181
59251,2025-09-16 04:45:00,0.98,0.3952890932559967,512,0.5847109067440033
59252,2025-09-16 05:00:00,0.99,0.7174754738807678,512,0.27252452611923217
59253,2025-09-16 05:15:00,0.32,0.9505691528320312,512,-0.6305691528320312
59254,2025-09-16 05:30:00,0.3,0.4890814423561096,512,-0.18908144235610963
59255,2025-09-16 05:45:00,0.91,0.40334081649780273,512,0.5066591835021973
59256,2025-09-16 06:00:00,1.55,0.7193430662155151,512,0.8306569337844849
59257,2025-09-16 06:15:00,0.33,1.1578848361968994,512,-0.8278848361968993
59258,2025-09-16 06:30:00,0.33,0.5886149406433105,512,-0.25861494064331053
59259,2025-09-16 06:45:00,0.3,0.5015592575073242,512,-0.20155925750732423
59260,2025-09-16 07:00:00,0.28,0.4257757067680359,512,-0.14577570676803586
59261,2025-09-16 07:15:00,0.21,0.3974340558052063,512,-0.1874340558052063
59262,2025-09-16 07:30:00,0.72,0.3385721445083618,512,0.38142785549163816
59263,2025-09-16 07:45:00,0.25,0.6626680493354797,512,-0.41266804933547974
59264,2025-09-16 08:00:00,0.78,0.43870607018470764,512,0.3412939298152924
59265,2025-09-16 08:15:00,0.43,0.6566033959388733,512,-0.2266033959388733
59266,2025-09-16 08:30:00,0.41,0.5595587491989136,512,-0.1495587491989136
59267,2025-09-16 08:45:00,0.41,0.5085229873657227,512,-0.09852298736572268
59268,2025-09-16 09:00:00,0.25,0.5388584733009338,512,-0.28885847330093384
59269,2025-09-16 09:15:00,0.2,0.4744495749473572,512,-0.27444957494735717
59270,2025-09-16 09:30:00,0.24,0.3943003714084625,512,-0.15430037140846253
59271,2025-09-16 09:45:00,0.23,0.3633187413215637,512,-0.1333187413215637
59272,2025-09-16 10:00:00,0.22,0.3535691499710083,512,-0.1335691499710083
59273,2025-09-16 10:15:00,0.22,0.35704588890075684,512,-0.13704588890075683
59274,2025-09-16 10:30:00,0.19,0.36272794008255005,512,-0.17272794008255005
59275,2025-09-16 10:45:00,1.13,0.34863120317459106,512,0.7813687968254088
59276,2025-09-16 11:00:00,1.66,0.770028829574585,512,0.889971170425415
59277,2025-09-16 11:15:00,1.82,1.393168568611145,512,0.42683143138885504
59278,2025-09-16 11:30:00,1.93,1.7299487590789795,512,0.20005124092102045
59279,2025-09-16 11:45:00,1.98,1.8449022769927979,512,0.13509772300720213
59280,2025-09-16 12:00:00,2.44,1.9159667491912842,512,0.5240332508087158
59281,2025-09-16 12:15:00,2.42,2.2661380767822266,512,0.15386192321777337
59282,2025-09-16 12:30:00,2.83,2.226449728012085,512,0.6035502719879151
59283,2025-09-16 12:45:00,1.96,2.518573760986328,512,-0.5585737609863282
59284,2025-09-16 13:00:00,0.2,1.798003911972046,512,-1.598003911972046
59285,2025-09-16 13:15:00,0.24,0.37756025791168213,512,-0.13756025791168214
59286,2025-09-16 13:30:00,0.23,0.361319899559021,512,-0.13131989955902099
59287,2025-09-16 13:45:00,0.19,0.3229602575302124,512,-0.1329602575302124
59288,2025-09-16 14:00:00,0.22,0.272674560546875,512,-0.052674560546875
59289,2025-09-16 14:15:00,0.22,0.25812196731567383,512,-0.03812196731567383
59290,2025-09-16 14:30:00,0.24,0.30746006965637207,512,-0.06746006965637208
59291,2025-09-16 14:45:00,0.24,0.34069275856018066,512,-0.10069275856018067
59292,2025-09-16 15:00:00,0.21,0.35839593410491943,512,-0.14839593410491944
59293,2025-09-16 15:15:00,0.18,0.35192739963531494,512,-0.17192739963531495
59294,2025-09-16 15:30:00,0.18,0.307509183883667,512,-0.127509183883667
59295,2025-09-16 15:45:00,0.23,0.2883952856063843,512,-0.05839528560638427
59296,2025-09-16 16:00:00,0.24,0.30052995681762695,512,-0.06052995681762696
59297,2025-09-16 16:15:00,0.22,0.2925434112548828,512,-0.07254341125488281
59298,2025-09-16 16:30:00,0.22,0.30898332595825195,512,-0.08898332595825195
59299,2025-09-16 16:45:00,0.2,0.31233155727386475,512,-0.11233155727386473
59300,2025-09-16 17:00:00,0.19,0.2720797061920166,512,-0.0820797061920166
59301,2025-09-16 17:15:00,0.2,0.23412072658538818,512,-0.03412072658538817
59302,2025-09-16 17:30:00,0.24,0.2282804250717163,512,0.011719574928283683
59303,2025-09-16 17:45:00,0.32,0.27763402462005615,512,0.042365975379943854
59304,2025-09-16 18:00:00,0.47,0.34970927238464355,512,0.12029072761535642
59305,2025-09-16 18:15:00,0.46,0.4900388717651367,512,-0.0300388717651367
59306,2025-09-16 18:30:00,1.54,0.4828081727027893,512,1.0571918272972107
59307,2025-09-16 18:45:00,0.71,1.3244892358779907,512,-0.6144892358779908
59308,2025-09-16 19:00:00,0.49,0.7176157236099243,512,-0.22761572360992433
59309,2025-09-16 19:15:00,0.53,0.5920521020889282,512,-0.062052102088928196
59310,2025-09-16 19:30:00,0.58,0.6231076717376709,512,-0.04310767173767094
59311,2025-09-16 19:45:00,0.57,0.6420899629592896,512,-0.0720899629592896
59312,2025-09-16 20:00:00,0.38,0.5840020179748535,512,-0.2040020179748535
59313,2025-09-16 20:15:00,0.28,0.4438124895095825,512,-0.1638124895095825
59314,2025-09-16 20:30:00,0.28,0.37760308384895325,512,-0.09760308384895322
59315,2025-09-16 20:45:00,0.3,0.3855200409889221,512,-0.08552004098892213
59316,2025-09-16 21:00:00,0.56,0.3985891044139862,512,0.16141089558601385
59317,2025-09-16 21:15:00,0.41,0.5366461873054504,512,-0.12664618730545046
59318,2025-09-16 21:30:00,0.34,0.4783819317817688,512,-0.13838193178176877
59319,2025-09-16 21:45:00,0.34,0.428506076335907,512,-0.08850607633590696
59320,2025-09-16 22:00:00,0.37,0.4064071476459503,512,-0.03640714764595032
59321,2025-09-16 22:15:00,0.33,0.4223710894584656,512,-0.09237108945846556
59322,2025-09-16 22:30:00,0.35,0.3949720859527588,512,-0.04497208595275881
59323,2025-09-16 22:45:00,0.33,0.42422670125961304,512,-0.09422670125961302
59324,2025-09-16 23:00:00,0.33,0.4076237082481384,512,-0.07762370824813841
59325,2025-09-16 23:15:00,0.33,0.3807390332221985,512,-0.05073903322219847
59326,2025-09-16 23:30:00,0.32,0.3781987726688385,512,-0.058198772668838494
59327,2025-09-16 23:45:00,0.35,0.368500679731369,512,-0.01850067973136904
59328,2025-09-17 00:00:00,0.33,0.3999512791633606,512,-0.06995127916336058
59329,2025-09-17 00:15:00,0.3,0.3897417187690735,512,-0.0897417187690735
59330,2025-09-17 00:30:00,0.6,0.3668147027492523,512,0.23318529725074766
59331,2025-09-17 00:45:00,0.26,0.48545747995376587,512,-0.22545747995376586
59332,2025-09-17 01:00:00,0.26,0.3627386689186096,512,-0.10273866891860961
59333,2025-09-17 01:15:00,0.3,0.3358358144760132,512,-0.035835814476013195
59334,2025-09-17 01:30:00,0.31,0.3406161069869995,512,-0.030616106986999514
59335,2025-09-17 01:45:00,0.3,0.34992802143096924,512,-0.04992802143096925
59336,2025-09-17 02:00:00,0.3,0.33306223154067993,512,-0.03306223154067994
59337,2025-09-17 02:15:00,0.27,0.31759488582611084,512,-0.04759488582611082
59338,2025-09-17 02:30:00,0.26,0.3167937994003296,512,-0.05679379940032958
59339,2025-09-17 02:45:00,0.31,0.2896372675895691,512,0.020362732410430906
59340,2025-09-17 03:00:00,0.31,0.3015914857387543,512,0.008408514261245725
59341,2025-09-17 03:15:00,0.3,0.3233734965324402,512,-0.023373496532440197
59342,2025-09-17 03:30:00,0.29,0.3283083736896515,512,-0.03830837368965151
59343,2025-09-17 03:45:00,0.26,0.33121258020401,512,-0.07121258020401
59344,2025-09-17 04:00:00,0.27,0.3053288161754608,512,-0.0353288161754608
59345,2025-09-17 04:15:00,0.31,0.3174605965614319,512,-0.007460596561431887
59346,2025-09-17 04:30:00,0.39,0.3433249592781067,512,0.046675040721893324
59347,2025-09-17 04:45:00,2.34,0.40001869201660156,512,1.9399813079833983
59348,2025-09-17 05:00:00,0.37,1.9003655910491943,512,-1.5303655910491942
59349,2025-09-17 05:15:00,0.37,0.47858932614326477,512,-0.10858932614326477
59350,2025-09-17 05:30:00,1.01,0.4841412901878357,512,0.5258587098121643
59351,2025-09-17 05:45:00,0.33,0.8288599252700806,512,-0.49885992527008055
59352,2025-09-17 06:00:00,0.36,0.5368118286132812,512,-0.17681182861328126
59353,2025-09-17 06:15:00,0.36,0.4957302510738373,512,-0.1357302510738373
59354,2025-09-17 06:30:00,0.34,0.4886558949947357,512,-0.1486558949947357
59355,2025-09-17 06:45:00,0.34,0.4418866038322449,512,-0.10188660383224485
59356,2025-09-17 07:00:00,0.3,0.4417709410190582,512,-0.14177094101905824
59357,2025-09-17 07:15:00,0.24,0.43923014402389526,512,-0.19923014402389527
59358,2025-09-17 07:30:00,0.37,0.4000377058982849,512,-0.030037705898284917
59359,2025-09-17 07:45:00,0.26,0.48520687222480774,512,-0.22520687222480773
59360,2025-09-17 08:00:00,0.24,0.3964373469352722,512,-0.15643734693527223
59361,2025-09-17 08:15:00,0.22,0.35931396484375,512,-0.13931396484375
59362,2025-09-17 08:30:00,0.33,0.34250572323799133,512,-0.012505723237991317
59363,2025-09-17 08:45:00,0.41,0.4004267156124115,512,0.009573284387588477
59364,2025-09-17 09:00:00,0.45,0.5186441540718079,512,-0.06864415407180785
59365,2025-09-17 09:15:00,0.23,0.6004840135574341,512,-0.3704840135574341
59366,2025-09-17 09:30:00,0.22,0.40003329515457153,512,-0.18003329515457153
59367,2025-09-17 09:45:00,0.21,0.34818971157073975,512,-0.13818971157073975
59368,2025-09-17 10:00:00,0.21,0.2944754362106323,512,-0.08447543621063233
59369,2025-09-17 10:15:00,0.2,0.34161651134490967,512,-0.14161651134490966
59370,2025-09-17 10:30:00,0.18,0.3617715835571289,512,-0.1817715835571289
59371,2025-09-17 10:45:00,1.2,0.40805763006210327,512,0.7919423699378967
59372,2025-09-17 11:00:00,1.69,1.2754454612731934,512,0.4145545387268066
59373,2025-09-17 11:15:00,1.79,1.833897352218628,512,-0.043897352218627894
59374,2025-09-17 11:30:00,1.91,2.0883684158325195,512,-0.1783684158325196
59375,2025-09-17 11:45:00,1.98,2.120603084564209,512,-0.140603084564209
59376,2025-09-17 12:00:00,2.33,2.0454983711242676,512,0.2845016288757325
59377,2025-09-17 12:15:00,2.56,2.19399356842041,512,0.3660064315795899
59378,2025-09-17 12:30:00,2.9,2.502802610397339,512,0.39719738960266104
59379,2025-09-17 12:45:00,1.16,2.6700119972229004,512,-1.5100119972229005
59380,2025-09-17 13:00:00,0.22,0.981718897819519,512,-0.7617188978195191
59381,2025-09-17 13:15:00,0.22,0.4171818494796753,512,-0.1971818494796753
59382,2025-09-17 13:30:00,0.21,0.3945305347442627,512,-0.1845305347442627
59383,2025-09-17 13:45:00,0.14,0.38458001613616943,512,-0.24458001613616942
59384,2025-09-17 14:00:00,0.22,0.31460583209991455,512,-0.09460583209991455
59385,2025-09-17 14:15:00,0.23,0.33035290241241455,512,-0.10035290241241454
59386,2025-09-17 14:30:00,0.22,0.32207393646240234,512,-0.10207393646240234
59387,2025-09-17 14:45:00,0.25,0.3178945779800415,512,-0.0678945779800415
59388,2025-09-17 15:00:00,0.34,0.3188248872756958,512,0.021175112724304224
59389,2025-09-17 15:15:00,0.24,0.3854529857635498,512,-0.1454529857635498
59390,2025-09-17 15:30:00,1.12,0.33171749114990234,512,0.7882825088500978
59391,2025-09-17 15:45:00,0.56,0.8338659405708313,512,-0.27386594057083125
59392,2025-09-17 16:00:00,0.23,0.5179213285446167,512,-0.2879213285446167
59393,2025-09-17 16:15:00,0.23,0.32385921478271484,512,-0.09385921478271483
59394,2025-09-17 16:30:00,0.23,0.30993008613586426,512,-0.07993008613586425
59395,2025-09-17 16:45:00,0.23,0.31084299087524414,512,-0.08084299087524413
59396,2025-09-17 17:00:00,0.25,0.2896782159805298,512,-0.039678215980529785
59397,2025-09-17 17:15:00,0.32,0.2909635305404663,512,0.029036469459533698
59398,2025-09-17 17:30:00,0.26,0.4018259048461914,512,-0.1418259048461914
59399,2025-09-17 17:45:00,0.25,0.39360761642456055,512,-0.14360761642456055
59400,2025-09-17 18:00:00,0.27,0.4121930003166199,512,-0.14219300031661986
59401,2025-09-17 18:15:00,0.28,0.44982367753982544,512,-0.1698236775398254
59402,2025-09-17 18:30:00,2.05,0.4512259364128113,512,1.5987740635871885
59403,2025-09-17 18:45:00,0.82,1.6833420991897583,512,-0.8633420991897583
59404,2025-09-17 19:00:00,0.47,0.7951916456222534,512,-0.32519164562225344
59405,2025-09-17 19:15:00,0.51,0.5836196541786194,512,-0.07361965417861938
59406,2025-09-17 19:30:00,2.07,0.6337863206863403,512,1.4362136793136595
59407,2025-09-17 19:45:00,1.45,1.407764196395874,512,0.04223580360412593
59408,2025-09-17 20:00:00,1.71,1.068780779838562,512,0.641219220161438
59409,2025-09-17 20:15:00,0.74,1.3005893230438232,512,-0.5605893230438233
59410,2025-09-17 20:30:00,1.32,0.7182126045227051,512,0.601787395477295
59411,2025-09-17 20:45:00,1.87,0.9907633066177368,512,0.8792366933822633
59412,2025-09-17 21:00:00,1.12,1.5296385288238525,512,-0.40963852882385243
59413,2025-09-17 21:15:00,0.38,1.1411746740341187,512,-0.7611746740341186
59414,2025-09-17 21:30:00,0.84,0.6120522618293762,512,0.22794773817062375
59415,2025-09-17 21:45:00,1.02,0.7462195158004761,512,0.27378048419952394
59416,2025-09-17 22:00:00,0.7,0.9070145487785339,512,-0.20701454877853398
59417,2025-09-17 22:15:00,0.7,0.740375280380249,512,-0.04037528038024907
59418,2025-09-17 22:30:00,0.63,0.7348916530609131,512,-0.10489165306091308
59419,2025-09-17 22:45:00,1.32,0.6954085230827332,512,0.6245914769172669
59420,2025-09-17 23:00:00,2.68,0.9910863041877747,512,1.6889136958122255
59421,2025-09-17 23:15:00,0.31,1.7378273010253906,512,-1.4278273010253906
59422,2025-09-17 23:30:00,0.37,0.4982147812843323,512,-0.12821478128433228
59423,2025-09-17 23:45:00,0.36,0.4747821092605591,512,-0.1147821092605591
59424,2025-09-18 00:00:00,1.06,0.4263985753059387,512,0.6336014246940613
59425,2025-09-18 00:15:00,0.34,0.6493446826934814,512,-0.3093446826934814
59426,2025-09-18 00:30:00,0.4,0.49973616003990173,512,-0.09973616003990171
59427,2025-09-18 00:45:00,0.38,0.44492632150650024,512,-0.06492632150650024
59428,2025-09-18 01:00:00,0.38,0.4179428815841675,512,-0.037942881584167476
59429,2025-09-18 01:15:00,0.33,0.4253765940666199,512,-0.09537659406661986
59430,2025-09-18 01:30:00,0.32,0.4244530200958252,512,-0.10445302009582519
59431,2025-09-18 01:45:00,0.31,0.39521074295043945,512,-0.08521074295043946
59432,2025-09-18 02:00:00,0.29,0.37708666920661926,512,-0.08708666920661928
59433,2025-09-18 02:15:00,0.27,0.3479973375797272,512,-0.07799733757972716
59434,2025-09-18 02:30:00,0.27,0.30245572328567505,512,-0.03245572328567503
59435,2025-09-18 02:45:00,0.33,0.3015495836734772,512,0.028450416326522843
59436,2025-09-18 03:00:00,0.32,0.3414239287376404,512,-0.021423928737640374
59437,2025-09-18 03:15:00,0.31,0.3522062599658966,512,-0.04220625996589661
59438,2025-09-18 03:30:00,0.3,0.3551861345767975,512,-0.055186134576797496
59439,2025-09-18 03:45:00,0.37,0.338238924741745,512,0.031761075258255
59440,2025-09-18 04:00:00,0.32,0.3952849507331848,512,-0.07528495073318481
59441,2025-09-18 04:15:00,1.08,0.40490812063217163,512,0.6750918793678284
59442,2025-09-18 04:30:00,1.1,0.9402830600738525,512,0.15971693992614755
59443,2025-09-18 04:45:00,0.43,0.9952084422111511,512,-0.5652084422111512
59444,2025-09-18 05:00:00,0.45,0.5919570922851562,512,-0.14195709228515624
59445,2025-09-18 05:15:00,3.12,0.6040948629379272,512,2.515905137062073
59446,2025-09-18 05:30:00,0.43,1.7946152687072754,512,-1.3646152687072755
59447,2025-09-18 05:45:00,0.46,0.5979498624801636,512,-0.13794986248016355
59448,2025-09-18 06:00:00,2.44,0.5986656546592712,512,1.8413343453407287
59449,2025-09-18 06:15:00,1.06,1.386574625968933,512,-0.32657462596893305
59450,2025-09-18 06:30:00,0.45,0.9613125920295715,512,-0.5113125920295716
59451,2025-09-18 06:45:00,0.45,0.7084546089172363,512,-0.2584546089172363
59452,2025-09-18 07:00:00,0.45,0.6427698731422424,512,-0.19276987314224242
59453,2025-09-18 07:15:00,0.32,0.6319339275360107,512,-0.31193392753601074
59454,2025-09-18 07:30:00,0.35,0.5386955738067627,512,-0.18869557380676272
59455,2025-09-18 07:45:00,1.11,0.5139102935791016,512,0.5960897064208985
59456,2025-09-18 08:00:00,1.05,0.8464717864990234,512,0.2035282135009766
59457,2025-09-18 08:15:00,0.34,0.9184141159057617,512,-0.5784141159057616
59458,2025-09-18 08:30:00,1.68,0.6058470010757446,512,1.0741529989242553
59459,2025-09-18 08:45:00,0.38,0.9802830815315247,512,-0.6002830815315247
59460,2025-09-18 09:00:00,0.93,0.6249282360076904,512,0.3050717639923096
59461,2025-09-18 09:15:00,0.34,0.8178860545158386,512,-0.4778860545158386
59462,2025-09-18 09:30:00,0.25,0.6265965700149536,512,-0.3765965700149536
59463,2025-09-18 09:45:00,1.26,0.5465708374977112,512,0.7134291625022888
59464,2025-09-18 10:00:00,0.91,0.9493927955627441,512,-0.03939279556274411
59465,2025-09-18 10:15:00,1.43,1.059438943862915,512,0.3705610561370849
59466,2025-09-18 10:30:00,1.23,1.5904921293258667,512,-0.3604921293258667
59467,2025-09-18 10:45:00,2.25,1.6260910034179688,512,0.6239089965820312
59468,2025-09-18 11:00:00,1.99,2.148012161254883,512,-0.15801216125488282
59469,2025-09-18 11:15:00,1.7,2.20865797996521,512,-0.50865797996521
59470,2025-09-18 11:30:00,1.74,2.05222749710083,512,-0.3122274971008301
59471,2025-09-18 11:45:00,1.83,1.9274414777755737,512,-0.09744147777557366
59472,2025-09-18 12:00:00,2.82,2.0430736541748047,512,0.7769263458251952
59473,2025-09-18 12:15:00,2.61,2.5328245162963867,512,0.07717548370361316
59474,2025-09-18 12:30:00,2.6,2.5078442096710205,512,0.09215579032897958
59475,2025-09-18 12:45:00,2.4,2.3691859245300293,512,0.030814075469970614
59476,2025-09-18 13:00:00,3.06,2.2468018531799316,512,0.8131981468200684
59477,2025-09-18 13:15:00,2.51,2.5110626220703125,512,-0.0010626220703127132
59478,2025-09-18 13:30:00,2.77,2.476856231689453,512,0.2931437683105469
59479,2025-09-18 13:45:00,2.97,2.5882983207702637,512,0.3817016792297365
59480,2025-09-18 14:00:00,3.06,2.6304616928100586,512,0.42953830718994146
59481,2025-09-18 14:15:00,0.18,2.7086997032165527,512,-2.5286997032165526
59482,2025-09-18 14:30:00,0.26,0.3448507785797119,512,-0.0848507785797119
59483,2025-09-18 14:45:00,0.29,0.3779022693634033,512,-0.08790226936340334
59484,2025-09-18 15:00:00,0.29,0.34578168392181396,512,-0.055781683921813985
59485,2025-09-18 15:15:00,0.28,0.3542616367340088,512,-0.07426163673400876
59486,2025-09-18 15:30:00,0.26,0.3508056402206421,512,-0.09080564022064208
59487,2025-09-18 15:45:00,0.24,0.3114563226699829,512,-0.07145632266998292
59488,2025-09-18 16:00:00,0.24,0.25372374057769775,512,-0.013723740577697763
59489,2025-09-18 16:15:00,0.26,0.2564486265182495,512,0.003551373481750497
59490,2025-09-18 16:30:00,0.29,0.26906514167785645,512,0.020934858322143535
59491,2025-09-18 16:45:00,0.29,0.2500110864639282,512,0.03998891353607176
59492,2025-09-18 17:00:00,0.28,0.2726120948791504,512,0.007387905120849636
59493,2025-09-18 17:15:00,0.27,0.2641270160675049,512,0.005872983932495135
59494,2025-09-18 17:30:00,0.25,0.230707049369812,512,0.01929295063018799
59495,2025-09-18 17:45:00,0.24,0.2710314989089966,512,-0.03103149890899659
59496,2025-09-18 18:00:00,0.29,0.3062478303909302,512,-0.016247830390930196
59497,2025-09-18 18:15:00,0.29,0.40926921367645264,512,-0.11926921367645266
59498,2025-09-18 18:30:00,0.29,0.4236459732055664,512,-0.13364597320556643
59499,2025-09-18 18:45:00,0.33,0.36734986305236816,512,-0.03734986305236815
59500,2025-09-18 19:00:00,2.02,0.3660895824432373,512,1.6539104175567627
59501,2025-09-18 19:15:00,1.51,1.8437824249267578,512,-0.3337824249267578
59502,2025-09-18 19:30:00,1.24,1.475650668144226,512,-0.23565066814422608
59503,2025-09-18 19:45:00,0.67,1.26160728931427,512,-0.59160728931427
59504,2025-09-18 20:00:00,0.58,0.7258960008621216,512,-0.14589600086212162
59505,2025-09-18 20:15:00,0.33,0.6353846788406372,512,-0.3053846788406372
59506,2025-09-18 20:30:00,0.3,0.49087780714035034,512,-0.19087780714035035
59507,2025-09-18 20:45:00,0.55,0.4530903697013855,512,0.09690963029861455
59508,2025-09-18 21:00:00,0.56,0.5269405841827393,512,0.033059415817260795
59509,2025-09-18 21:15:00,0.64,0.5567991733551025,512,0.08320082664489747
59510,2025-09-18 21:30:00,0.62,0.6226871013641357,512,-0.0026871013641357466
59511,2025-09-18 21:45:00,0.61,0.6050795316696167,512,0.0049204683303832875
59512,2025-09-18 22:00:00,0.56,0.5907620787620544,512,-0.03076207876205439
59513,2025-09-18 22:15:00,1.19,0.5619958639144897,512,0.6280041360855102
59514,2025-09-18 22:30:00,0.88,0.8292077779769897,512,0.05079222202301026
59515,2025-09-18 22:45:00,0.55,0.7823654413223267,512,-0.23236544132232662
59516,2025-09-18 23:00:00,0.56,0.5746980905532837,512,-0.014698090553283638
59517,2025-09-18 23:15:00,0.56,0.5644837617874146,512,-0.0044837617874144975
59518,2025-09-18 23:30:00,0.55,0.5502522587776184,512,-0.0002522587776183638
59519,2025-09-18 23:45:00,0.54,0.5480295419692993,512,-0.008029541969299281
59520,2025-09-19 00:00:00,0.57,0.5217049717903137,512,0.04829502820968623
59521,2025-09-19 00:15:00,0.32,0.5285535454750061,512,-0.2085535454750061
59522,2025-09-19 00:30:00,0.33,0.42422598600387573,512,-0.09422598600387572
59523,2025-09-19 00:45:00,0.31,0.3858188986778259,512,-0.07581889867782593
59524,2025-09-19 01:00:00,0.3,0.3680162727832794,512,-0.06801627278327943
59525,2025-09-19 01:15:00,0.29,0.3654366731643677,512,-0.0754366731643677
59526,2025-09-19 01:30:00,0.26,0.3633325695991516,512,-0.1033325695991516
59527,2025-09-19 01:45:00,0.26,0.342898428440094,512,-0.08289842844009399
59528,2025-09-19 02:00:00,0.29,0.3299708366394043,512,-0.03997083663940432
59529,2025-09-19 02:15:00,0.3,0.3325895667076111,512,-0.032589566707611095
59530,2025-09-19 02:30:00,0.3,0.3333696126937866,512,-0.03336961269378663
59531,2025-09-19 02:45:00,0.29,0.3358704447746277,512,-0.045870444774627706
59532,2025-09-19 03:00:00,0.27,0.35620173811912537,512,-0.08620173811912535
59533,2025-09-19 03:15:00,0.26,0.3338533639907837,512,-0.07385336399078368
59534,2025-09-19 03:30:00,0.26,0.3236437737941742,512,-0.06364377379417419
59535,2025-09-19 03:45:00,0.3,0.34250983595848083,512,-0.042509835958480846
59536,2025-09-19 04:00:00,0.3,0.36229440569877625,512,-0.062294405698776256
59537,2025-09-19 04:15:00,0.29,0.3751714825630188,512,-0.08517148256301882
59538,2025-09-19 04:30:00,0.28,0.37644287943840027,512,-0.09644287943840024
59539,2025-09-19 04:45:00,0.28,0.3546382188796997,512,-0.07463821887969968
59540,2025-09-19 05:00:00,0.25,0.3291177749633789,512,-0.0791177749633789
59541,2025-09-19 05:15:00,1.01,0.3189685344696045,512,0.6910314655303955
59542,2025-09-19 05:30:00,0.31,0.7585586309432983,512,-0.44855863094329834
59543,2025-09-19 05:45:00,0.31,0.3872830271720886,512,-0.07728302717208863
59544,2025-09-19 06:00:00,0.32,0.3756556510925293,512,-0.05565565109252929
59545,2025-09-19 06:15:00,0.33,0.41418397426605225,512,-0.08418397426605223
59546,2025-09-19 06:30:00,1.61,0.3905932903289795,512,1.2194067096710206
59547,2025-09-19 06:45:00,0.99,1.026784062385559,512,-0.03678406238555909
59548,2025-09-19 07:00:00,0.3,0.7046278715133667,512,-0.4046278715133667
59549,2025-09-19 07:15:00,0.3,0.44824859499931335,512,-0.14824859499931337
59550,2025-09-19 07:30:00,1.52,0.4423983693122864,512,1.0776016306877136
59551,2025-09-19 07:45:00,2.46,0.7522139549255371,512,1.7077860450744629
59552,2025-09-19 08:00:00,1.08,1.3295292854309082,512,-0.24952928543090813
59553,2025-09-19 08:15:00,0.93,0.7077196836471558,512,0.2222803163528443
59554,2025-09-19 08:30:00,0.56,0.772623598575592,512,-0.212623598575592
59555,2025-09-19 08:45:00,0.4,0.584618330001831,512,-0.18461833000183103
59556,2025-09-19 09:00:00,4.21,0.47706615924835205,512,3.732933840751648
59557,2025-09-19 09:15:00,4.04,1.900652527809143,512,2.139347472190857
59558,2025-09-19 09:30:00,2.1,2.4563422203063965,512,-0.3563422203063964
59559,2025-09-19 09:45:00,2.51,1.6465346813201904,512,0.8634653186798094
59560,2025-09-19 10:00:00,1.8,2.2016119956970215,512,-0.40161199569702144
59561,2025-09-19 10:15:00,0.3,1.7097101211547852,512,-1.4097101211547851
59562,2025-09-19 10:30:00,0.36,0.6904581785202026,512,-0.33045817852020265
59563,2025-09-19 10:45:00,1.18,0.6738938093185425,512,0.5061061906814575
59564,2025-09-19 11:00:00,1.71,1.322638988494873,512,0.3873610115051269
59565,2025-09-19 11:15:00,1.66,1.8807640075683594,512,-0.22076400756835945
59566,2025-09-19 11:30:00,1.87,1.911303997039795,512,-0.041303997039794815
59567,2025-09-19 11:45:00,1.93,2.1281213760375977,512,-0.19812137603759772
59568,2025-09-19 12:00:00,1.98,2.169672966003418,512,-0.189672966003418
59569,2025-09-19 12:15:00,2.17,2.17002272605896,512,-2.2726058960031992e-05
59570,2025-09-19 12:30:00,2.45,2.223428726196289,512,0.22657127380371112
59571,2025-09-19 12:45:00,2.96,2.2170281410217285,512,0.7429718589782714
59572,2025-09-19 13:00:00,4.09,2.573124408721924,512,1.516875591278076
59573,2025-09-19 13:15:00,3.32,3.14603853225708,512,0.17396146774291976
59574,2025-09-19 13:30:00,0.31,2.6464743614196777,512,-2.3364743614196777
59575,2025-09-19 13:45:00,0.23,0.41713714599609375,512,-0.18713714599609374
59576,2025-09-19 14:00:00,0.21,0.3330487012863159,512,-0.12304870128631593
59577,2025-09-19 14:15:00,0.22,0.2417377233505249,512,-0.0217377233505249
59578,2025-09-19 14:30:00,0.2,0.2796616554260254,512,-0.07966165542602538
59579,2025-09-19 14:45:00,0.18,0.263999342918396,512,-0.083999342918396
59580,2025-09-19 15:00:00,0.22,0.27063262462615967,512,-0.05063262462615967
59581,2025-09-19 15:15:00,0.23,0.30213189125061035,512,-0.07213189125061034
59582,2025-09-19 15:30:00,0.23,0.2779107093811035,512,-0.047910709381103506
59583,2025-09-19 15:45:00,0.22,0.26975393295288086,512,-0.04975393295288086
59584,2025-09-19 16:00:00,0.2,0.290397584438324,512,-0.09039758443832396
59585,2025-09-19 16:15:00,0.18,0.28629815578460693,512,-0.10629815578460694
59586,2025-09-19 16:30:00,0.21,0.2902408242225647,512,-0.0802408242225647
59587,2025-09-19 16:45:00,0.23,0.321575403213501,512,-0.09157540321350097
59588,2025-09-19 17:00:00,0.23,0.3093096613883972,512,-0.0793096613883972
59589,2025-09-19 17:15:00,0.22,0.3032268285751343,512,-0.08322682857513428
59590,2025-09-19 17:30:00,0.22,0.2857208251953125,512,-0.0657208251953125
59591,2025-09-19 17:45:00,0.21,0.3031197786331177,512,-0.09311977863311768
59592,2025-09-19 18:00:00,0.17,0.296408474445343,512,-0.126408474445343
59593,2025-09-19 18:15:00,0.22,0.28091931343078613,512,-0.06091931343078613
59594,2025-09-19 18:30:00,0.23,0.318029522895813,512,-0.08802952289581298
59595,2025-09-19 18:45:00,0.22,0.3226468563079834,512,-0.1026468563079834
59596,2025-09-19 19:00:00,0.48,0.31963926553726196,512,0.16036073446273802
59597,2025-09-19 19:15:00,2.75,0.500560998916626,512,2.249439001083374
59598,2025-09-19 19:30:00,2.94,2.3054018020629883,512,0.6345981979370117
59599,2025-09-19 19:45:00,0.92,2.0107016563415527,512,-1.0907016563415528
59600,2025-09-19 20:00:00,0.69,0.765952467918396,512,-0.07595246791839605
59601,2025-09-19 20:15:00,1.08,0.6716148257255554,512,0.40838517427444465
59602,2025-09-19 20:30:00,0.69,1.0359431505203247,512,-0.34594315052032476
59603,2025-09-19 20:45:00,0.66,0.7539407014846802,512,-0.09394070148468014
59604,2025-09-19 21:00:00,0.44,0.707495391368866,512,-0.26749539136886596
59605,2025-09-19 21:15:00,0.38,0.5682320594787598,512,-0.18823205947875976
59606,2025-09-19 21:30:00,0.24,0.5332700610160828,512,-0.2932700610160828
59607,2025-09-19 21:45:00,0.53,0.45084601640701294,512,0.07915398359298709
59608,2025-09-19 22:00:00,0.75,0.5954781770706177,512,0.15452182292938232
59609,2025-09-19 22:15:00,1.39,0.7383472919464111,512,0.6516527080535888
59610,2025-09-19 22:30:00,1.56,1.0613975524902344,512,0.4986024475097657
59611,2025-09-19 22:45:00,1.85,1.2437580823898315,512,0.6062419176101685
59612,2025-09-19 23:00:00,1.36,1.4051177501678467,512,-0.04511775016784658
59613,2025-09-19 23:15:00,1.38,1.0689942836761475,512,0.31100571632385243
59614,2025-09-19 23:30:00,1.4,1.1376354694366455,512,0.2623645305633544
59615,2025-09-19 23:45:00,1.05,1.1851868629455566,512,-0.1351868629455566
59616,2025-09-20 00:00:00,0.8,0.9620629549026489,512,-0.16206295490264888
59617,2025-09-20 00:15:00,0.28,0.7201094031333923,512,-0.4401094031333923
59618,2025-09-20 00:30:00,0.25,0.42214712500572205,512,-0.17214712500572205
59619,2025-09-20 00:45:00,0.24,0.3293873071670532,512,-0.08938730716705323
59620,2025-09-20 01:00:00,0.26,0.2815237045288086,512,-0.021523704528808585
59621,2025-09-20 01:15:00,0.31,0.29941326379776,512,0.010586736202239988
59622,2025-09-20 01:30:00,0.31,0.34564727544784546,512,-0.03564727544784546
59623,2025-09-20 01:45:00,0.3,0.34206122159957886,512,-0.04206122159957887
59624,2025-09-20 02:00:00,0.28,0.33282601833343506,512,-0.05282601833343503
59625,2025-09-20 02:15:00,0.26,0.3186182975769043,512,-0.05861829757690429
59626,2025-09-20 02:30:00,0.26,0.3002961575984955,512,-0.040296157598495475
59627,2025-09-20 02:45:00,0.32,0.28605711460113525,512,0.03394288539886475
59628,2025-09-20 03:00:00,0.31,0.33297407627105713,512,-0.02297407627105713
59629,2025-09-20 03:15:00,0.29,0.3314869999885559,512,-0.04148699998855593
59630,2025-09-20 03:30:00,0.28,0.3038098216056824,512,-0.023809821605682346
59631,2025-09-20 03:45:00,0.28,0.2968308627605438,512,-0.016830862760543797
59632,2025-09-20 04:00:00,0.32,0.3078002333641052,512,0.012199766635894782
59633,2025-09-20 04:15:00,0.31,0.34618350863456726,512,-0.03618350863456726
59634,2025-09-20 04:30:00,1.68,0.3617953062057495,512,1.3182046937942504
59635,2025-09-20 04:45:00,0.37,1.5491199493408203,512,-1.1791199493408202
59636,2025-09-20 05:00:00,0.35,0.4369904398918152,512,-0.08699043989181521
59637,2025-09-20 05:15:00,2.27,0.4309087097644806,512,1.8390912902355194
59638,2025-09-20 05:30:00,1.37,1.6383594274520874,512,-0.2683594274520873
59639,2025-09-20 05:45:00,1.3,1.0957924127578735,512,0.2042075872421265
59640,2025-09-20 06:00:00,3.15,1.2778077125549316,512,1.8721922874450683
59641,2025-09-20 06:15:00,1.71,2.3105249404907227,512,-0.6005249404907227
59642,2025-09-20 06:30:00,0.35,1.4377450942993164,512,-1.0877450942993163
59643,2025-09-20 06:45:00,0.32,0.5336589217185974,512,-0.2136589217185974
59644,2025-09-20 07:00:00,0.46,0.45384451746940613,512,0.006155482530593892
59645,2025-09-20 07:15:00,0.41,0.561318039894104,512,-0.15131803989410403
59646,2025-09-20 07:30:00,1.08,0.5884694457054138,512,0.49153055429458625
59647,2025-09-20 07:45:00,0.43,0.8851444721221924,512,-0.4551444721221924
59648,2025-09-20 08:00:00,0.49,0.6013063788414001,512,-0.11130637884140016
59649,2025-09-20 08:15:00,0.47,0.6073668003082275,512,-0.13736680030822757
59650,2025-09-20 08:30:00,0.56,0.5618298053741455,512,-0.0018298053741454545
59651,2025-09-20 08:45:00,1.43,0.652462899684906,512,0.7775371003150939
59652,2025-09-20 09:00:00,2.17,1.1373369693756104,512,1.0326630306243896
59653,2025-09-20 09:15:00,0.62,1.6142873764038086,512,-0.9942873764038086
59654,2025-09-20 09:30:00,0.57,0.7580246329307556,512,-0.18802463293075566
59655,2025-09-20 09:45:00,0.56,0.6636744737625122,512,-0.10367447376251215
59656,2025-09-20 10:00:00,0.21,0.6106501817703247,512,-0.40065018177032474
59657,2025-09-20 10:15:00,0.21,0.36955857276916504,512,-0.15955857276916505
59658,2025-09-20 10:30:00,0.2,0.38952749967575073,512,-0.18952749967575072
59659,2025-09-20 10:45:00,1.05,0.38299232721328735,512,0.6670076727867127
59660,2025-09-20 11:00:00,1.52,1.0347143411636353,512,0.48528565883636476
59661,2025-09-20 11:15:00,1.57,1.5455071926116943,512,0.024492807388305726
59662,2025-09-20 11:30:00,1.63,1.691554307937622,512,-0.06155430793762218
59663,2025-09-20 11:45:00,1.75,1.8210982084274292,512,-0.0710982084274292
59664,2025-09-20 12:00:00,1.82,1.9267303943634033,512,-0.10673039436340326
59665,2025-09-20 12:15:00,1.97,2.01047945022583,512,-0.040479450225830105
59666,2025-09-20 12:30:00,2.0,2.004287004470825,512,-0.004287004470825195
59667,2025-09-20 12:45:00,2.03,2.0921552181243896,512,-0.062155218124389844
59668,2025-09-20 13:00:00,2.24,2.102707862854004,512,0.1372921371459963
59669,2025-09-20 13:15:00,2.6,2.2784690856933594,512,0.3215309143066407
59670,2025-09-20 13:30:00,2.56,2.673027753829956,512,-0.113027753829956
59671,2025-09-20 13:45:00,3.55,2.5299229621887207,512,1.0200770378112791
59672,2025-09-20 14:00:00,2.89,3.2558131217956543,512,-0.3658131217956542
59673,2025-09-20 14:15:00,0.93,2.3799424171447754,512,-1.4499424171447752
59674,2025-09-20 14:30:00,0.97,0.7288498878479004,512,0.24115011215209958
59675,2025-09-20 14:45:00,0.27,0.8253581523895264,512,-0.5553581523895263
59676,2025-09-20 15:00:00,0.3,0.392952561378479,512,-0.09295256137847902
59677,2025-09-20 15:15:00,0.3,0.4044663906097412,512,-0.10446639060974122
59678,2025-09-20 15:30:00,0.29,0.404884934425354,512,-0.11488493442535402
59679,2025-09-20 15:45:00,0.27,0.4292105436325073,512,-0.1592105436325073
59680,2025-09-20 16:00:00,0.23,0.41797852516174316,512,-0.18797852516174315
59681,2025-09-20 16:15:00,0.29,0.3916902542114258,512,-0.1016902542114258
59682,2025-09-20 16:30:00,0.3,0.37645459175109863,512,-0.07645459175109864
59683,2025-09-20 16:45:00,0.35,0.35869932174682617,512,-0.008699321746826194
59684,2025-09-20 17:00:00,1.14,0.3720993995666504,512,0.7679006004333495
59685,2025-09-20 17:15:00,0.25,0.8561574816703796,512,-0.6061574816703796
59686,2025-09-20 17:30:00,0.23,0.36926376819610596,512,-0.13926376819610595
59687,2025-09-20 17:45:00,0.21,0.3216702938079834,512,-0.1116702938079834
59688,2025-09-20 18:00:00,0.2,0.29867804050445557,512,-0.09867804050445556
59689,2025-09-20 18:15:00,0.25,0.28933411836624146,512,-0.039334118366241455
59690,2025-09-20 18:30:00,0.24,0.2914539575576782,512,-0.05145395755767823
59691,2025-09-20 18:45:00,0.23,0.28471899032592773,512,-0.054718990325927724
59692,2025-09-20 19:00:00,0.25,0.28864622116088867,512,-0.03864622116088867
59693,2025-09-20 19:15:00,0.24,0.3267056941986084,512,-0.08670569419860841
59694,2025-09-20 19:30:00,0.24,0.3197205662727356,512,-0.0797205662727356
59695,2025-09-20 19:45:00,0.26,0.2943946123123169,512,-0.034394612312316886
59696,2025-09-20 20:00:00,0.37,0.31435227394104004,512,0.055647726058959956
59697,2025-09-20 20:15:00,0.65,0.3650093078613281,512,0.2849906921386719
59698,2025-09-20 20:30:00,0.55,0.5481325387954712,512,0.001867461204528853
59699,2025-09-20 20:45:00,0.47,0.5177769660949707,512,-0.04777696609497073
59700,2025-09-20 21:00:00,0.46,0.46804749965667725,512,-0.008047499656677226
59701,2025-09-20 21:15:00,0.38,0.4815899729728699,512,-0.10158997297286987
59702,2025-09-20 21:30:00,0.3,0.452375590801239,512,-0.15237559080123902
59703,2025-09-20 21:45:00,0.3,0.41892868280410767,512,-0.11892868280410768
59704,2025-09-20 22:00:00,0.31,0.42804044485092163,512,-0.11804044485092163
59705,2025-09-20 22:15:00,0.34,0.4473421573638916,512,-0.10734215736389158
59706,2025-09-20 22:30:00,0.72,0.44720420241355896,512,0.272795797586441
59707,2025-09-20 22:45:00,0.32,0.6598865389823914,512,-0.33988653898239135
59708,2025-09-20 23:00:00,0.34,0.48207828402519226,512,-0.14207828402519224
59709,2025-09-20 23:15:00,0.35,0.47020456194877625,512,-0.12020456194877627
59710,2025-09-20 23:30:00,0.29,0.43006420135498047,512,-0.1400642013549805
59711,2025-09-20 23:45:00,0.29,0.3698420822620392,512,-0.0798420822620392
59712,2025-09-21 00:00:00,0.29,0.35344812273979187,512,-0.06344812273979189
59713,2025-09-21 00:15:00,0.27,0.33684980869293213,512,-0.06684980869293211
59714,2025-09-21 00:30:00,0.26,0.305494487285614,512,-0.045494487285614005
59715,2025-09-21 00:45:00,0.31,0.28347480297088623,512,0.026525197029113767
59716,2025-09-21 01:00:00,0.3,0.31953108310699463,512,-0.01953108310699464
59717,2025-09-21 01:15:00,0.29,0.3151088356971741,512,-0.025108835697174092
59718,2025-09-21 01:30:00,0.28,0.32772672176361084,512,-0.04772672176361081
59719,2025-09-21 01:45:00,0.36,0.31427299976348877,512,0.04572700023651122
59720,2025-09-21 02:00:00,0.31,0.37945133447647095,512,-0.06945133447647095
59721,2025-09-21 02:15:00,0.29,0.3611675202846527,512,-0.07116752028465273
59722,2025-09-21 02:30:00,0.3,0.3434719145298004,512,-0.043471914529800426
59723,2025-09-21 02:45:00,0.29,0.33543860912323,512,-0.04543860912323
59724,2025-09-21 03:00:00,0.29,0.31490644812583923,512,-0.024906448125839253
59725,2025-09-21 03:15:00,0.28,0.3023051619529724,512,-0.022305161952972385
59726,2025-09-21 03:30:00,0.27,0.2974059581756592,512,-0.027405958175659162
59727,2025-09-21 03:45:00,0.27,0.29811444878578186,512,-0.028114448785781843
59728,2025-09-21 04:00:00,0.3,0.2892705202102661,512,0.010729479789733876
59729,2025-09-21 04:15:00,0.29,0.31147873401641846,512,-0.021478734016418477
59730,2025-09-21 04:30:00,0.29,0.31285837292671204,512,-0.022858372926712056
59731,2025-09-21 04:45:00,0.29,0.30484652519226074,512,-0.014846525192260762
59732,2025-09-21 05:00:00,0.27,0.3039926290512085,512,-0.03399262905120848
59733,2025-09-21 05:15:00,0.3,0.2971683740615845,512,0.0028316259384155162
59734,2025-09-21 05:30:00,0.28,0.33058011531829834,512,-0.05058011531829831
59735,2025-09-21 05:45:00,0.3,0.3160688281059265,512,-0.016068828105926525
59736,2025-09-21 06:00:00,0.29,0.3194768726825714,512,-0.02947687268257143
59737,2025-09-21 06:15:00,0.28,0.31073659658432007,512,-0.03073659658432004
59738,2025-09-21 06:30:00,0.28,0.30483198165893555,512,-0.02483198165893552
59739,2025-09-21 06:45:00,0.25,0.29764625430107117,512,-0.04764625430107117
59740,2025-09-21 07:00:00,0.26,0.28391700983047485,512,-0.023917009830474845
59741,2025-09-21 07:15:00,0.26,0.28502482175827026,512,-0.025024821758270255
59742,2025-09-21 07:30:00,0.24,0.2793259620666504,512,-0.0393259620666504
59743,2025-09-21 07:45:00,0.27,0.2666091322898865,512,0.003390867710113543
59744,2025-09-21 08:00:00,0.27,0.2757810056209564,512,-0.005781005620956403
59745,2025-09-21 08:15:00,0.26,0.28833433985710144,512,-0.02833433985710143
59746,2025-09-21 08:30:00,0.25,0.28034907579421997,512,-0.03034907579421997
59747,2025-09-21 08:45:00,0.29,0.2691035568714142,512,0.020896443128585795
59748,2025-09-21 09:00:00,0.45,0.28700780868530273,512,0.16299219131469728
59749,2025-09-21 09:15:00,0.36,0.40386927127838135,512,-0.04386927127838136
59750,2025-09-21 09:30:00,2.47,0.3788483440876007,512,2.0911516559123995
59751,2025-09-21 09:45:00,1.14,1.9437792301177979,512,-0.803779230117798
59752,2025-09-21 10:00:00,1.88,1.0793795585632324,512,0.8006204414367675
59753,2025-09-21 10:15:00,0.98,1.7108638286590576,512,-0.7308638286590576
59754,2025-09-21 10:30:00,2.45,0.9845972061157227,512,1.4654027938842775
59755,2025-09-21 10:45:00,3.33,2.009345054626465,512,1.3206549453735352
59756,2025-09-21 11:00:00,2.46,2.649601697921753,512,-0.18960169792175297
59757,2025-09-21 11:15:00,1.98,1.8752986192703247,512,0.10470138072967528
59758,2025-09-21 11:30:00,1.98,1.6784553527832031,512,0.30154464721679686
59759,2025-09-21 11:45:00,2.69,1.6473047733306885,512,1.0426952266693115
59760,2025-09-21 12:00:00,3.2,2.0699119567871094,512,1.1300880432128908
59761,2025-09-21 12:15:00,2.56,2.571908473968506,512,-0.011908473968505806
59762,2025-09-21 12:30:00,3.63,2.0357494354248047,512,1.5942505645751952
59763,2025-09-21 12:45:00,2.1,2.7717883586883545,512,-0.6717883586883544
59764,2025-09-21 13:00:00,0.27,1.7097444534301758,512,-1.4397444534301758
59765,2025-09-21 13:15:00,1.03,0.3692367672920227,512,0.6607632327079773
59766,2025-09-21 13:30:00,0.22,0.8209337592124939,512,-0.6009337592124939
59767,2025-09-21 13:45:00,0.26,0.45524096488952637,512,-0.19524096488952636
59768,2025-09-21 14:00:00,0.24,0.40504658222198486,512,-0.16504658222198487
59769,2025-09-21 14:15:00,0.22,0.3374861478805542,512,-0.1174861478805542
59770,2025-09-21 14:30:00,0.22,0.3298128545284271,512,-0.10981285452842712
59771,2025-09-21 14:45:00,0.26,0.3044859766960144,512,-0.044485976696014395
59772,2025-09-21 15:00:00,0.2,0.31265494227409363,512,-0.11265494227409362
59773,2025-09-21 15:15:00,0.22,0.26875996589660645,512,-0.048759965896606444
59774,2025-09-21 15:30:00,0.34,0.276324987411499,512,0.063675012588501
59775,2025-09-21 15:45:00,1.71,0.3132723867893219,512,1.396727613210678
59776,2025-09-21 16:00:00,0.31,0.9925466179847717,512,-0.6825466179847717
59777,2025-09-21 16:15:00,0.31,0.37879475951194763,512,-0.06879475951194763
59778,2025-09-21 16:30:00,2.46,0.34412938356399536,512,2.1158706164360046
59779,2025-09-21 16:45:00,1.75,1.4573317766189575,512,0.2926682233810425
59780,2025-09-21 17:00:00,0.97,1.1091822385787964,512,-0.1391822385787964
59781,2025-09-21 17:15:00,1.27,0.7157984972000122,512,0.5542015027999878
59782,2025-09-21 17:30:00,1.26,1.0407676696777344,512,0.21923233032226563
59783,2025-09-21 17:45:00,0.92,0.9880590438842773,512,-0.0680590438842773
59784,2025-09-21 18:00:00,0.6,0.8221184015274048,512,-0.2221184015274048
59785,2025-09-21 18:15:00,0.66,0.569341778755188,512,0.09065822124481204
59786,2025-09-21 18:30:00,1.1,0.6165089011192322,512,0.4834910988807679
59787,2025-09-21 18:45:00,0.42,0.9357584118843079,512,-0.5157584118843079
59788,2025-09-21 19:00:00,0.43,0.5303770899772644,512,-0.10037708997726441
59789,2025-09-21 19:15:00,0.55,0.5331632494926453,512,0.01683675050735478
59790,2025-09-21 19:30:00,0.51,0.5983827710151672,512,-0.08838277101516723
59791,2025-09-21 19:45:00,0.45,0.5503561496734619,512,-0.1003561496734619
59792,2025-09-21 20:00:00,0.33,0.5057505369186401,512,-0.17575053691864012
59793,2025-09-21 20:15:00,0.24,0.44285255670547485,512,-0.20285255670547486
59794,2025-09-21 20:30:00,0.27,0.37331095337867737,512,-0.10331095337867735
59795,2025-09-21 20:45:00,0.32,0.36176443099975586,512,-0.04176443099975585
59796,2025-09-21 21:00:00,0.37,0.3632681965827942,512,0.006731803417205806
59797,2025-09-21 21:15:00,0.46,0.38956987857818604,512,0.07043012142181398
59798,2025-09-21 21:30:00,0.61,0.4488961100578308,512,0.16110388994216918
59799,2025-09-21 21:45:00,0.45,0.5627055764198303,512,-0.11270557641983031
59800,2025-09-21 22:00:00,0.53,0.5052429437637329,512,0.024757056236267116
59801,2025-09-21 22:15:00,0.55,0.5644745230674744,512,-0.01447452306747432
59802,2025-09-21 22:30:00,0.55,0.5943847298622131,512,-0.04438472986221309
59803,2025-09-21 22:45:00,0.36,0.5589525699615479,512,-0.19895256996154786
59804,2025-09-21 23:00:00,0.33,0.44190356135368347,512,-0.11190356135368346
59805,2025-09-21 23:15:00,0.29,0.39875468611717224,512,-0.10875468611717226
59806,2025-09-21 23:30:00,0.23,0.36559194326400757,512,-0.13559194326400756
59807,2025-09-21 23:45:00,0.28,0.33145156502723694,512,-0.05145156502723691
59808,2025-09-22 00:00:00,0.28,0.3411858379840851,512,-0.061185837984085056
59809,2025-09-22 00:15:00,0.28,0.32694143056869507,512,-0.04694143056869504
59810,2025-09-22 00:30:00,0.27,0.32477325201034546,512,-0.05477325201034544
59811,2025-09-22 00:45:00,0.25,0.3027046024799347,512,-0.05270460247993469
59812,2025-09-22 01:00:00,0.24,0.296036958694458,512,-0.05603695869445802
59813,2025-09-22 01:15:00,0.27,0.30131274461746216,512,-0.03131274461746214
59814,2025-09-22 01:30:00,0.32,0.3158079981803894,512,0.004192001819610602
59815,2025-09-22 01:45:00,2.44,0.34560707211494446,512,2.0943929278850555
59816,2025-09-22 02:00:00,0.32,1.8007832765579224,512,-1.4807832765579223
59817,2025-09-22 02:15:00,1.0,0.3738805949687958,512,0.6261194050312042
59818,2025-09-22 02:30:00,0.29,0.7278531193733215,512,-0.43785311937332155
59819,2025-09-22 02:45:00,0.3,0.37274083495140076,512,-0.07274083495140077
59820,2025-09-22 03:00:00,0.36,0.379627525806427,512,-0.019627525806427015
59821,2025-09-22 03:15:00,0.37,0.3930460810661316,512,-0.023046081066131596
59822,2025-09-22 03:30:00,0.36,0.41325169801712036,512,-0.053251698017120375
59823,2025-09-22 03:45:00,0.36,0.3947111964225769,512,-0.03471119642257692
59824,2025-09-22 04:00:00,1.01,0.39715737104415894,512,0.6128426289558411
59825,2025-09-22 04:15:00,0.42,0.6191596984863281,512,-0.19915969848632814
59826,2025-09-22 04:30:00,1.06,0.447348415851593,512,0.612651584148407
59827,2025-09-22 04:45:00,1.04,0.6731526851654053,512,0.36684731483459476
59828,2025-09-22 05:00:00,0.45,0.8398221731185913,512,-0.3898221731185913
59829,2025-09-22 05:15:00,2.37,0.5334490537643433,512,1.8365509462356568
59830,2025-09-22 05:30:00,1.69,1.339876651763916,512,0.35012334823608393
59831,2025-09-22 05:45:00,0.33,1.0337706804275513,512,-0.7037706804275512
59832,2025-09-22 06:00:00,0.32,0.4742298126220703,512,-0.1542298126220703
59833,2025-09-22 06:15:00,1.59,0.4545447826385498,512,1.1354552173614503
59834,2025-09-22 06:30:00,0.34,0.8075783848762512,512,-0.4675783848762512
59835,2025-09-22 06:45:00,0.31,0.46132373809814453,512,-0.15132373809814453
59836,2025-09-22 07:00:00,0.29,0.4415074288845062,512,-0.15150742888450625
59837,2025-09-22 07:15:00,0.42,0.39284491539001465,512,0.027155084609985336
59838,2025-09-22 07:30:00,0.87,0.4212378263473511,512,0.4487621736526489
59839,2025-09-22 07:45:00,0.72,0.600926399230957,512,0.11907360076904294
59840,2025-09-22 08:00:00,2.24,0.6080764532089233,512,1.6319235467910769
59841,2025-09-22 08:15:00,0.76,1.3412368297576904,512,-0.5812368297576904
59842,2025-09-22 08:30:00,1.0,0.7312338352203369,512,0.2687661647796631
59843,2025-09-22 08:45:00,1.55,0.8916705846786499,512,0.6583294153213501
59844,2025-09-22 09:00:00,2.06,1.2710657119750977,512,0.7889342880249024
59845,2025-09-22 09:15:00,1.37,1.5776606798171997,512,-0.2076606798171996
59846,2025-09-22 09:30:00,0.57,1.335612416267395,512,-0.7656124162673951
59847,2025-09-22 09:45:00,0.55,0.7807397246360779,512,-0.23073972463607784
59848,2025-09-22 10:00:00,0.23,0.6974495649337769,512,-0.4674495649337769
59849,2025-09-22 10:15:00,0.19,0.4657744765281677,512,-0.2757744765281677
59850,2025-09-22 10:30:00,0.22,0.37159159779548645,512,-0.15159159779548645
59851,2025-09-22 10:45:00,1.45,0.3905031085014343,512,1.0594968914985656
59852,2025-09-22 11:00:00,2.31,1.072172999382019,512,1.237827000617981
59853,2025-09-22 11:15:00,2.51,1.78139328956604,512,0.7286067104339597
59854,2025-09-22 11:30:00,2.64,2.177565336227417,512,0.46243466377258313
59855,2025-09-22 11:45:00,2.87,2.349613666534424,512,0.5203863334655763
59856,2025-09-22 12:00:00,2.97,2.5872011184692383,512,0.3827988815307619
59857,2025-09-22 12:15:00,3.14,2.862927198410034,512,0.27707280158996594
59858,2025-09-22 12:30:00,1.23,3.2380669116973877,512,-2.0080669116973877
59859,2025-09-22 12:45:00,0.23,1.3824394941329956,512,-1.1524394941329956
59860,2025-09-22 13:00:00,0.22,0.5381489396095276,512,-0.3181489396095276
59861,2025-09-22 13:15:00,0.19,0.45525479316711426,512,-0.26525479316711426
59862,2025-09-22 13:30:00,0.19,0.4389234483242035,512,-0.2489234483242035
59863,2025-09-22 13:45:00,0.24,0.43684542179107666,512,-0.19684542179107667
59864,2025-09-22 14:00:00,0.24,0.44626155495643616,512,-0.20626155495643617
59865,2025-09-22 14:15:00,0.23,0.38043737411499023,512,-0.15043737411499022
59866,2025-09-22 14:30:00,0.23,0.3830617666244507,512,-0.15306176662445067
59867,2025-09-22 14:45:00,0.33,0.3602468967437744,512,-0.0302468967437744
59868,2025-09-22 15:00:00,0.41,0.4009819030761719,512,0.0090180969238281
59869,2025-09-22 15:15:00,0.23,0.4235279858112335,512,-0.1935279858112335
59870,2025-09-22 15:30:00,0.22,0.34117045998573303,512,-0.12117045998573303
59871,2025-09-22 15:45:00,0.21,0.3328303396701813,512,-0.12283033967018128
59872,2025-09-22 16:00:00,0.21,0.28039926290512085,512,-0.07039926290512086
59873,2025-09-22 16:15:00,0.2,0.31752490997314453,512,-0.11752490997314452
59874,2025-09-22 16:30:00,0.2,0.32225146889686584,512,-0.12225146889686583
59875,2025-09-22 16:45:00,0.23,0.29934558272361755,512,-0.06934558272361754
59876,2025-09-22 17:00:00,0.23,0.29877769947052,512,-0.06877769947052001
59877,2025-09-22 17:15:00,0.22,0.2926936745643616,512,-0.07269367456436157
59878,2025-09-22 17:30:00,0.22,0.2726680338382721,512,-0.052668033838272094
59879,2025-09-22 17:45:00,0.2,0.27344346046447754,512,-0.07344346046447753
59880,2025-09-22 18:00:00,0.19,0.25913384556770325,512,-0.06913384556770324
59881,2025-09-22 18:15:00,0.23,0.2667497992515564,512,-0.036749799251556386
59882,2025-09-22 18:30:00,0.23,0.29609671235084534,512,-0.06609671235084533
59883,2025-09-22 18:45:00,0.22,0.31669706106185913,512,-0.09669706106185913
59884,2025-09-22 19:00:00,0.23,0.3180060386657715,512,-0.08800603866577147
59885,2025-09-22 19:15:00,2.73,0.327440470457077,512,2.402559529542923
59886,2025-09-22 19:30:00,0.99,1.6907782554626465,512,-0.7007782554626465
59887,2025-09-22 19:45:00,0.8,0.726266086101532,512,0.07373391389846806
59888,2025-09-22 20:00:00,0.63,0.6211404800415039,512,0.008859519958496098
59889,2025-09-22 20:15:00,0.6,0.568662166595459,512,0.03133783340454099
59890,2025-09-22 20:30:00,0.28,0.5805665254592896,512,-0.3005665254592895
59891,2025-09-22 20:45:00,0.27,0.40266668796539307,512,-0.13266668796539305
59892,2025-09-22 21:00:00,0.57,0.38337644934654236,512,0.1866235506534576
59893,2025-09-22 21:15:00,0.59,0.5087159872055054,512,0.0812840127944946
59894,2025-09-22 21:30:00,0.59,0.541499674320221,512,0.04850032567977902
59895,2025-09-22 21:45:00,0.59,0.5591010451316833,512,0.03089895486831662
59896,2025-09-22 22:00:00,0.58,0.593434751033783,512,-0.013434751033782999
59897,2025-09-22 22:15:00,0.58,0.6209876537322998,512,-0.040987653732299845
59898,2025-09-22 22:30:00,0.55,0.6430265307426453,512,-0.09302653074264522
59899,2025-09-22 22:45:00,0.53,0.571012020111084,512,-0.04101202011108396
59900,2025-09-22 23:00:00,0.33,0.5219283103942871,512,-0.1919283103942871
59901,2025-09-22 23:15:00,0.27,0.4057598412036896,512,-0.13575984120368956
59902,2025-09-22 23:30:00,0.26,0.3753317892551422,512,-0.1153317892551422
59903,2025-09-22 23:45:00,0.26,0.34588557481765747,512,-0.08588557481765746
59904,2025-09-23 00:00:00,0.26,0.3230864107608795,512,-0.06308641076087951
59905,2025-09-23 00:15:00,0.22,0.31729626655578613,512,-0.09729626655578613
59906,2025-09-23 00:30:00,0.26,0.2765953540802002,512,-0.016595354080200186
59907,2025-09-23 00:45:00,0.27,0.2854515314102173,512,-0.015451531410217267
59908,2025-09-23 01:00:00,0.26,0.302756667137146,512,-0.04275666713714599
59909,2025-09-23 01:15:00,0.26,0.3137468695640564,512,-0.05374686956405639
59910,2025-09-23 01:30:00,0.23,0.3123200535774231,512,-0.08232005357742309
59911,2025-09-23 01:45:00,0.23,0.2833828926086426,512,-0.05338289260864257
59912,2025-09-23 02:00:00,0.25,0.2838001847267151,512,-0.03380018472671509
59913,2025-09-23 02:15:00,0.26,0.3067731261253357,512,-0.046773126125335684
59914,2025-09-23 02:30:00,0.26,0.31090277433395386,512,-0.05090277433395385
59915,2025-09-23 02:45:00,0.25,0.313763827085495,512,-0.063763827085495
59916,2025-09-23 03:00:00,0.25,0.2979716956615448,512,-0.0479716956615448
59917,2025-09-23 03:15:00,0.23,0.2831540107727051,512,-0.05315401077270507
59918,2025-09-23 03:30:00,0.26,0.26329177618026733,512,-0.003291776180267325
59919,2025-09-23 03:45:00,0.27,0.2800377607345581,512,-0.010037760734558088
59920,2025-09-23 04:00:00,0.29,0.30603981018066406,512,-0.016039810180664082
59921,2025-09-23 04:15:00,0.28,0.3080672323703766,512,-0.02806723237037656
59922,2025-09-23 04:30:00,0.26,0.3166314661502838,512,-0.056631466150283805
59923,2025-09-23 04:45:00,0.26,0.31479331851005554,512,-0.05479331851005553
59924,2025-09-23 05:00:00,0.3,0.3159201443195343,512,-0.015920144319534313
59925,2025-09-23 05:15:00,0.3,0.3479336202144623,512,-0.04793362021446229
59926,2025-09-23 05:30:00,0.28,0.34382274746894836,512,-0.06382274746894834
59927,2025-09-23 05:45:00,0.28,0.32302698493003845,512,-0.043026984930038426
59928,2025-09-23 06:00:00,0.26,0.3247216045856476,512,-0.06472160458564757
59929,2025-09-23 06:15:00,0.25,0.3074958622455597,512,-0.05749586224555969
59930,2025-09-23 06:30:00,0.3,0.3098103404045105,512,-0.00981034040451051
59931,2025-09-23 06:45:00,0.29,0.34433069825172424,512,-0.05433069825172426
59932,2025-09-23 07:00:00,0.28,0.34121614694595337,512,-0.06121614694595334
59933,2025-09-23 07:15:00,0.82,0.354518324136734,512,0.46548167586326594
59934,2025-09-23 07:30:00,0.4,0.682492196559906,512,-0.282492196559906
59935,2025-09-23 07:45:00,0.54,0.5046584606170654,512,0.035341539382934606
59936,2025-09-23 08:00:00,0.63,0.606900155544281,512,0.023099844455719
59937,2025-09-23 08:15:00,1.16,0.6429929137229919,512,0.517007086277008
59938,2025-09-23 08:30:00,0.44,0.9141372442245483,512,-0.47413724422454834
59939,2025-09-23 08:45:00,1.56,0.567062497138977,512,0.992937502861023
59940,2025-09-23 09:00:00,0.86,1.1044397354125977,512,-0.24443973541259767
59941,2025-09-23 09:15:00,0.24,0.7934581637382507,512,-0.5534581637382507
59942,2025-09-23 09:30:00,0.91,0.4025301933288574,512,0.5074698066711426
59943,2025-09-23 09:45:00,0.98,0.7054679989814758,512,0.27453200101852415
59944,2025-09-23 10:00:00,0.89,0.8549281358718872,512,0.035071864128112806
59945,2025-09-23 10:15:00,1.52,0.8433169722557068,512,0.6766830277442932
59946,2025-09-23 10:30:00,0.96,1.209478497505188,512,-0.24947849750518802
59947,2025-09-23 10:45:00,3.78,1.0488663911819458,512,2.731133608818054
59948,2025-09-23 11:00:00,4.16,2.56355881690979,512,1.59644118309021
59949,2025-09-23 11:15:00,2.55,2.782207489013672,512,-0.23220748901367205
59950,2025-09-23 11:30:00,2.72,2.017336845397949,512,0.702663154602051
59951,2025-09-23 11:45:00,3.58,2.3446764945983887,512,1.2353235054016114
59952,2025-09-23 12:00:00,3.0,2.7746195793151855,512,0.22538042068481445
59953,2025-09-23 12:15:00,3.8,2.403780937194824,512,1.3962190628051756
59954,2025-09-23 12:30:00,1.87,2.802750587463379,512,-0.9327505874633788
59955,2025-09-23 12:45:00,0.23,1.3871616125106812,512,-1.1571616125106812
59956,2025-09-23 13:00:00,0.23,0.45834386348724365,512,-0.22834386348724364
59957,2025-09-23 13:15:00,0.48,0.40050673484802246,512,0.07949326515197752
59958,2025-09-23 13:30:00,0.61,0.4591906666755676,512,0.15080933332443236
59959,2025-09-23 13:45:00,0.43,0.5501497387886047,512,-0.12014973878860474
59960,2025-09-23 14:00:00,0.26,0.5156562924385071,512,-0.25565629243850707
59961,2025-09-23 14:15:00,0.25,0.3918384313583374,512,-0.1418384313583374
59962,2025-09-23 14:30:00,0.24,0.36554276943206787,512,-0.12554276943206788
59963,2025-09-23 14:45:00,0.28,0.3577052354812622,512,-0.07770523548126218
59964,2025-09-23 15:00:00,0.2,0.3503059148788452,512,-0.1503059148788452
59965,2025-09-23 15:15:00,0.23,0.28899991512298584,512,-0.05899991512298583
59966,2025-09-23 15:30:00,0.19,0.2847278118133545,512,-0.09472781181335449
59967,2025-09-23 15:45:00,0.26,0.2550346851348877,512,0.004965314865112314
59968,2025-09-23 16:00:00,0.23,0.2932177782058716,512,-0.06321777820587157
59969,2025-09-23 16:15:00,0.22,0.30753278732299805,512,-0.08753278732299805
59970,2025-09-23 16:30:00,0.23,0.29065394401550293,512,-0.06065394401550292
59971,2025-09-23 16:45:00,0.23,0.284426212310791,512,-0.054426212310791006
59972,2025-09-23 17:00:00,0.22,0.2924455404281616,512,-0.07244554042816162
59973,2025-09-23 17:15:00,0.21,0.2744823694229126,512,-0.0644823694229126
59974,2025-09-23 17:30:00,0.19,0.23965096473693848,512,-0.049650964736938474
59975,2025-09-23 17:45:00,0.24,0.2350543737411499,512,0.004945626258850089
59976,2025-09-23 18:00:00,0.23,0.31261342763900757,512,-0.08261342763900756
59977,2025-09-23 18:15:00,0.23,0.30141228437423706,512,-0.07141228437423705
59978,2025-09-23 18:30:00,0.44,0.3236846923828125,512,0.1163153076171875
59979,2025-09-23 18:45:00,2.07,0.43605107069015503,512,1.6339489293098448
59980,2025-09-23 19:00:00,2.1,1.6598917245864868,512,0.4401082754135133
59981,2025-09-23 19:15:00,2.25,1.8617157936096191,512,0.38828420639038086
59982,2025-09-23 19:30:00,1.07,1.8677210807800293,512,-0.7977210807800292
59983,2025-09-23 19:45:00,0.64,0.8786152601242065,512,-0.23861526012420653
59984,2025-09-23 20:00:00,0.67,0.6291496753692627,512,0.040850324630737345
59985,2025-09-23 20:15:00,0.75,0.6300654411315918,512,0.1199345588684082
59986,2025-09-23 20:30:00,0.7,0.7273428440093994,512,-0.02734284400939946
59987,2025-09-23 20:45:00,0.69,0.7540916204452515,512,-0.06409162044525152
59988,2025-09-23 21:00:00,0.61,0.774681806564331,512,-0.16468180656433107
59989,2025-09-23 21:15:00,0.58,0.6907041072845459,512,-0.11070410728454594
59990,2025-09-23 21:30:00,0.53,0.6608887314796448,512,-0.13088873147964475
59991,2025-09-23 21:45:00,1.24,0.6396400928497314,512,0.6003599071502685
59992,2025-09-23 22:00:00,0.57,1.0932207107543945,512,-0.5232207107543946
59993,2025-09-23 22:15:00,0.54,0.7623298168182373,512,-0.22232981681823727
59994,2025-09-23 22:30:00,0.47,0.6443474292755127,512,-0.17434742927551272
59995,2025-09-23 22:45:00,0.69,0.5476504564285278,512,0.14234954357147211
59996,2025-09-23 23:00:00,0.61,0.6562544107437134,512,-0.04625441074371339
59997,2025-09-23 23:15:00,0.3,0.6003125309944153,512,-0.3003125309944153
59998,2025-09-23 23:30:00,0.28,0.4197208881378174,512,-0.13972088813781736
59999,2025-09-23 23:45:00,0.22,0.36998072266578674,512,-0.14998072266578674
60000,2025-09-24 00:00:00,0.22,0.31465259194374084,512,-0.09465259194374084
60001,2025-09-24 00:15:00,0.26,0.2986721098423004,512,-0.038672109842300406
60002,2025-09-24 00:30:00,0.3,0.318867564201355,512,-0.01886756420135499
60003,2025-09-24 00:45:00,0.29,0.357429563999176,512,-0.06742956399917605
60004,2025-09-24 01:00:00,0.24,0.3536525368690491,512,-0.11365253686904908
60005,2025-09-24 01:15:00,0.22,0.34001994132995605,512,-0.12001994132995605
60006,2025-09-24 01:30:00,0.23,0.310930997133255,512,-0.080930997133255
60007,2025-09-24 01:45:00,0.26,0.3042183816432953,512,-0.04421838164329528
60008,2025-09-24 02:00:00,0.27,0.3106151819229126,512,-0.04061518192291258
60009,2025-09-24 02:15:00,0.26,0.3161287307739258,512,-0.05612873077392577
60010,2025-09-24 02:30:00,0.26,0.30726251006126404,512,-0.04726251006126403
60011,2025-09-24 02:45:00,0.23,0.2999217212200165,512,-0.06992172122001647
60012,2025-09-24 03:00:00,0.22,0.2804027795791626,512,-0.0604027795791626
60013,2025-09-24 03:15:00,0.25,0.2656373679637909,512,-0.015637367963790894
60014,2025-09-24 03:30:00,0.27,0.2863384485244751,512,-0.01633844852447508
60015,2025-09-24 03:45:00,0.3,0.30325937271118164,512,-0.0032593727111816517
60016,2025-09-24 04:00:00,0.3,0.3346346914768219,512,-0.03463469147682191
60017,2025-09-24 04:15:00,1.54,0.339504599571228,512,1.200495400428772
60018,2025-09-24 04:30:00,1.54,1.068068027496338,512,0.47193197250366214
60019,2025-09-24 04:45:00,0.3,1.221103310585022,512,-0.9211033105850219
60020,2025-09-24 05:00:00,0.28,0.3921217918395996,512,-0.11212179183959958
60021,2025-09-24 05:15:00,0.89,0.37964946031570435,512,0.5103505396842957
60022,2025-09-24 05:30:00,1.52,0.6979488134384155,512,0.8220511865615845
60023,2025-09-24 05:45:00,0.25,0.9481465816497803,512,-0.6981465816497803
60024,2025-09-24 06:00:00,0.22,0.3773687779903412,512,-0.15736877799034119
60025,2025-09-24 06:15:00,0.23,0.33724159002304077,512,-0.10724159002304076
60026,2025-09-24 06:30:00,0.23,0.32996973395347595,512,-0.09996973395347594
60027,2025-09-24 06:45:00,0.23,0.3085174560546875,512,-0.07851745605468749
60028,2025-09-24 07:00:00,0.28,0.3147088289260864,512,-0.0347088289260864
60029,2025-09-24 07:15:00,0.28,0.36971887946128845,512,-0.08971887946128843
60030,2025-09-24 07:30:00,0.4,0.3630581200122833,512,0.0369418799877167
60031,2025-09-24 07:45:00,0.52,0.4610831141471863,512,0.05891688585281374
60032,2025-09-24 08:00:00,1.27,0.5262320041656494,512,0.7437679958343506
60033,2025-09-24 08:15:00,2.54,0.9456138014793396,512,1.5943861985206604
60034,2025-09-24 08:30:00,1.29,1.8206596374511719,512,-0.5306596374511718
60035,2025-09-24 08:45:00,0.59,1.1453711986541748,512,-0.5553711986541748
60036,2025-09-24 09:00:00,0.28,0.6613553166389465,512,-0.3813553166389465
60037,2025-09-24 09:15:00,0.98,0.40137937664985657,512,0.5786206233501434
60038,2025-09-24 09:30:00,0.33,0.9031866192817688,512,-0.5731866192817687
60039,2025-09-24 09:45:00,0.29,0.4484747052192688,512,-0.15847470521926882
60040,2025-09-24 10:00:00,0.33,0.40244126319885254,512,-0.07244126319885252
60041,2025-09-24 10:15:00,1.32,0.5040254592895508,512,0.8159745407104493
60042,2025-09-24 10:30:00,0.24,1.2836496829986572,512,-1.0436496829986572
60043,2025-09-24 10:45:00,1.58,0.5407026410102844,512,1.0392973589897156
60044,2025-09-24 11:00:00,2.35,1.6951225996017456,512,0.6548774003982545
60045,2025-09-24 11:15:00,2.5,2.212725877761841,512,0.2872741222381592
60046,2025-09-24 11:30:00,2.67,2.3751931190490723,512,0.29480688095092766
60047,2025-09-24 11:45:00,2.82,2.459742784500122,512,0.36025721549987777
60048,2025-09-24 12:00:00,2.87,2.6070761680603027,512,0.26292383193969737
60049,2025-09-24 12:15:00,3.0,2.597445011138916,512,0.402554988861084
60050,2025-09-24 12:30:00,2.15,2.6167776584625244,512,-0.4667776584625245
60051,2025-09-24 12:45:00,0.22,1.6960939168930054,512,-1.4760939168930054
60052,2025-09-24 13:00:00,0.21,0.4444223642349243,512,-0.23442236423492432
60053,2025-09-24 13:15:00,0.18,0.3941504955291748,512,-0.2141504955291748
60054,2025-09-24 13:30:00,0.33,0.304144024848938,512,0.025855975151062027
60055,2025-09-24 13:45:00,0.22,0.43024134635925293,512,-0.21024134635925293
60056,2025-09-24 14:00:00,0.22,0.39594078063964844,512,-0.17594078063964844
60057,2025-09-24 14:15:00,0.21,0.3785356283187866,512,-0.16853562831878663
60058,2025-09-24 14:30:00,0.21,0.3137643337249756,512,-0.1037643337249756
60059,2025-09-24 14:45:00,0.13,0.26647329330444336,512,-0.13647329330444335
60060,2025-09-24 15:00:00,0.34,0.2049952745437622,512,0.13500472545623782
60061,2025-09-24 15:15:00,0.23,0.30356931686401367,512,-0.07356931686401366
60062,2025-09-24 15:30:00,0.18,0.23778247833251953,512,-0.05778247833251954
60063,2025-09-24 15:45:00,0.21,0.25858747959136963,512,-0.04858747959136964
60064,2025-09-24 16:00:00,0.21,0.2719540596008301,512,-0.061954059600830086
60065,2025-09-24 16:15:00,0.19,0.29731249809265137,512,-0.10731249809265136
60066,2025-09-24 16:30:00,0.21,0.27457213401794434,512,-0.06457213401794434
60067,2025-09-24 16:45:00,0.22,0.2802923917770386,512,-0.06029239177703857
60068,2025-09-24 17:00:00,0.22,0.2856858968734741,512,-0.06568589687347412
60069,2025-09-24 17:15:00,0.22,0.2751603126525879,512,-0.05516031265258789
60070,2025-09-24 17:30:00,0.2,0.21027076244354248,512,-0.01027076244354247
60071,2025-09-24 17:45:00,0.19,0.19990581274032593,512,-0.009905812740325926
60072,2025-09-24 18:00:00,0.22,0.20907390117645264,512,0.010926098823547364
60073,2025-09-24 18:15:00,0.21,0.2569448947906494,512,-0.04694489479064942
60074,2025-09-24 18:30:00,0.22,0.31860285997390747,512,-0.09860285997390747
60075,2025-09-24 18:45:00,0.34,0.364490807056427,512,-0.024490807056426978
60076,2025-09-24 19:00:00,1.41,0.4816446602344513,512,0.9283553397655486
60077,2025-09-24 19:15:00,0.79,1.3619911670684814,512,-0.5719911670684814
60078,2025-09-24 19:30:00,0.68,0.7421033978462219,512,-0.062103397846221875
60079,2025-09-24 19:45:00,3.67,0.6282749176025391,512,3.041725082397461
60080,2025-09-24 20:00:00,0.65,2.2402377128601074,512,-1.5902377128601075
60081,2025-09-24 20:15:00,0.36,0.6243600845336914,512,-0.2643600845336914
60082,2025-09-24 20:30:00,0.3,0.5258187055587769,512,-0.22581870555877687
60083,2025-09-24 20:45:00,0.53,0.4988163113594055,512,0.03118368864059451
60084,2025-09-24 21:00:00,0.48,0.6155301332473755,512,-0.1355301332473755
60085,2025-09-24 21:15:00,0.49,0.5750875473022461,512,-0.0850875473022461
60086,2025-09-24 21:30:00,0.43,0.6021037101745605,512,-0.17210371017456055
60087,2025-09-24 21:45:00,0.55,0.5569750666618347,512,-0.006975066661834672
60088,2025-09-24 22:00:00,1.8,0.6158987879753113,512,1.1841012120246888
60089,2025-09-24 22:15:00,1.4,1.2080228328704834,512,0.1919771671295165
60090,2025-09-24 22:30:00,1.48,1.0344269275665283,512,0.44557307243347166
60091,2025-09-24 22:45:00,1.51,1.1092960834503174,512,0.4007039165496826
60092,2025-09-24 23:00:00,1.51,1.050922155380249,512,0.459077844619751
60093,2025-09-24 23:15:00,1.47,1.0665971040725708,512,0.4034028959274292
60094,2025-09-24 23:30:00,1.52,1.0288102626800537,512,0.4911897373199463
60095,2025-09-24 23:45:00,1.31,1.1329644918441772,512,0.1770355081558228
60096,2025-09-25 00:00:00,1.57,0.9956855773925781,512,0.5743144226074219
60097,2025-09-25 00:15:00,0.27,1.3723907470703125,512,-1.1023907470703125
60098,2025-09-25 00:30:00,0.27,0.3865871727466583,512,-0.11658717274665831
60099,2025-09-25 00:45:00,0.24,0.36017677187919617,512,-0.12017677187919618
60100,2025-09-25 01:00:00,0.22,0.30839836597442627,512,-0.08839836597442627
60101,2025-09-25 01:15:00,0.27,0.32876142859458923,512,-0.058761428594589216
60102,2025-09-25 01:30:00,0.26,0.342572420835495,512,-0.08257242083549499
60103,2025-09-25 01:45:00,0.26,0.31917139887809753,512,-0.059171398878097525
60104,2025-09-25 02:00:00,0.26,0.2983035445213318,512,-0.03830354452133178
60105,2025-09-25 02:15:00,0.24,0.29584139585494995,512,-0.05584139585494996
60106,2025-09-25 02:30:00,0.21,0.270158052444458,512,-0.060158052444458016
60107,2025-09-25 02:45:00,0.26,0.2654939889907837,512,-0.0054939889907836825
60108,2025-09-25 03:00:00,0.28,0.2631404995918274,512,0.016859500408172634
60109,2025-09-25 03:15:00,0.24,0.2753784656524658,512,-0.03537846565246583
60110,2025-09-25 03:30:00,0.26,0.2969523072242737,512,-0.03695230722427367
60111,2025-09-25 03:45:00,0.99,0.32442814111709595,512,0.665571858882904
60112,2025-09-25 04:00:00,2.35,0.9181618690490723,512,1.4318381309509278
60113,2025-09-25 04:15:00,0.98,1.93435800075531,512,-0.9543580007553101
60114,2025-09-25 04:30:00,0.39,0.8279147744178772,512,-0.4379147744178772
60115,2025-09-25 04:45:00,0.37,0.4797589182853699,512,-0.10975891828536988
60116,2025-09-25 05:00:00,0.35,0.4858150780200958,512,-0.13581507802009585
60117,2025-09-25 05:15:00,2.19,0.448710560798645,512,1.741289439201355
60118,2025-09-25 05:30:00,0.35,1.297928810119629,512,-0.9479288101196289
60119,2025-09-25 05:45:00,0.32,0.4372662305831909,512,-0.11726623058319091
60120,2025-09-25 06:00:00,0.41,0.3661276400089264,512,0.043872359991073584
60121,2025-09-25 06:15:00,0.27,0.48377200961112976,512,-0.21377200961112974
60122,2025-09-25 06:30:00,0.28,0.36905935406684875,512,-0.08905935406684873
60123,2025-09-25 06:45:00,0.37,0.3881221115589142,512,-0.01812211155891419
60124,2025-09-25 07:00:00,0.38,0.48296433687210083,512,-0.10296433687210083
60125,2025-09-25 07:15:00,1.05,0.5167765617370605,512,0.5332234382629395
60126,2025-09-25 07:30:00,2.05,0.8897459506988525,512,1.1602540493011473
60127,2025-09-25 07:45:00,2.65,1.5725164413452148,512,1.077483558654785
60128,2025-09-25 08:00:00,0.77,2.0331192016601562,512,-1.2631192016601562
60129,2025-09-25 08:15:00,1.23,0.8757496476173401,512,0.3542503523826599
60130,2025-09-25 08:30:00,1.89,1.2073626518249512,512,0.6826373481750487
60131,2025-09-25 08:45:00,0.47,1.587662696838379,512,-1.117662696838379
60132,2025-09-25 09:00:00,0.36,0.7006163001060486,512,-0.3406163001060486
60133,2025-09-25 09:15:00,1.67,0.598743200302124,512,1.071256799697876
60134,2025-09-25 09:30:00,1.51,1.6187806129455566,512,-0.10878061294555663
60135,2025-09-25 09:45:00,1.69,1.677954077720642,512,0.012045922279357857
60136,2025-09-25 10:00:00,1.38,1.9787230491638184,512,-0.5987230491638185
60137,2025-09-25 10:15:00,0.24,1.617051601409912,512,-1.3770516014099121
60138,2025-09-25 10:30:00,0.21,0.815438985824585,512,-0.605438985824585
60139,2025-09-25 10:45:00,1.48,0.8218528628349304,512,0.6581471371650696
60140,2025-09-25 11:00:00,2.24,2.1211624145507812,512,0.11883758544921896
60141,2025-09-25 11:15:00,2.43,2.4076576232910156,512,0.022342376708984535
60142,2025-09-25 11:30:00,2.56,2.6187286376953125,512,-0.05872863769531245
60143,2025-09-25 11:45:00,2.76,2.6897568702697754,512,0.0702431297302244
60144,2025-09-25 12:00:00,2.88,2.7421185970306396,512,0.13788140296936024
60145,2025-09-25 12:15:00,2.94,2.872992992401123,512,0.0670070075988769
60146,2025-09-25 12:30:00,3.05,2.520186424255371,512,0.5298135757446287
60147,2025-09-25 12:45:00,0.24,2.263456344604492,512,-2.023456344604492
60148,2025-09-25 13:00:00,0.22,0.46756511926651,512,-0.24756511926651
60149,2025-09-25 13:15:00,0.23,0.4052696228027344,512,-0.17526962280273437
60150,2025-09-25 13:30:00,0.21,0.37259072065353394,512,-0.16259072065353394
60151,2025-09-25 13:45:00,0.21,0.3609042763710022,512,-0.1509042763710022
60152,2025-09-25 14:00:00,0.18,0.3664394021034241,512,-0.18643940210342408
60153,2025-09-25 14:15:00,0.19,0.3397495746612549,512,-0.14974957466125488
60154,2025-09-25 14:30:00,0.22,0.3058246374130249,512,-0.0858246374130249
60155,2025-09-25 14:45:00,0.7,0.2829693555831909,512,0.41703064441680904
60156,2025-09-25 15:00:00,0.93,0.4633675217628479,512,0.46663247823715215
60157,2025-09-25 15:15:00,0.91,0.6172024011611938,512,0.2927975988388062
60158,2025-09-25 15:30:00,0.73,0.6888125538825989,512,0.041187446117401105
60159,2025-09-25 15:45:00,0.35,0.5948836803436279,512,-0.24488368034362795
60160,2025-09-25 16:00:00,0.23,0.378684401512146,512,-0.14868440151214599
60161,2025-09-25 16:15:00,0.22,0.35142195224761963,512,-0.13142195224761963
60162,2025-09-25 16:30:00,0.22,0.33367806673049927,512,-0.11367806673049927
60163,2025-09-25 16:45:00,0.21,0.30700361728668213,512,-0.09700361728668214
60164,2025-09-25 17:00:00,0.19,0.2709808945655823,512,-0.08098089456558227
60165,2025-09-25 17:15:00,0.23,0.23594063520431519,512,-0.0059406352043151756
60166,2025-09-25 17:30:00,0.23,0.23473966121673584,512,-0.00473966121673583
60167,2025-09-25 17:45:00,0.39,0.26807254552841187,512,0.12192745447158815
60168,2025-09-25 18:00:00,0.51,0.39644575119018555,512,0.11355424880981446
60169,2025-09-25 18:15:00,0.5,0.5281508564949036,512,-0.028150856494903564
60170,2025-09-25 18:30:00,0.53,0.5472031235694885,512,-0.0172031235694885
60171,2025-09-25 18:45:00,1.38,0.6078094244003296,512,0.7721905755996703
60172,2025-09-25 19:00:00,0.96,1.364949345588684,512,-0.4049493455886841
60173,2025-09-25 19:15:00,0.6,1.0911238193511963,512,-0.4911238193511963
60174,2025-09-25 19:30:00,0.56,0.7177371978759766,512,-0.1577371978759765
60175,2025-09-25 19:45:00,0.6,0.6547771096229553,512,-0.054777109622955344
60176,2025-09-25 20:00:00,0.67,0.6034958362579346,512,0.06650416374206547
60177,2025-09-25 20:15:00,0.59,0.6506528258323669,512,-0.060652825832366974
60178,2025-09-25 20:30:00,2.42,0.6181457042694092,512,1.8018542957305907
60179,2025-09-25 20:45:00,0.3,2.153005361557007,512,-1.8530053615570068
60180,2025-09-25 21:00:00,0.36,0.5230210423469543,512,-0.16302104234695436
60181,2025-09-25 21:15:00,0.68,0.47627466917037964,512,0.2037253308296204
60182,2025-09-25 21:30:00,0.47,0.7173886895179749,512,-0.24738868951797488
60183,2025-09-25 21:45:00,0.51,0.6343457102775574,512,-0.12434571027755736
60184,2025-09-25 22:00:00,1.94,0.6105828881263733,512,1.3294171118736267
60185,2025-09-25 22:15:00,1.66,1.2687959671020508,512,0.39120403289794914
60186,2025-09-25 22:30:00,0.58,1.1606875658035278,512,-0.5806875658035279
60187,2025-09-25 22:45:00,0.48,0.5621638298034668,512,-0.08216382980346681
60188,2025-09-25 23:00:00,0.29,0.48358154296875,512,-0.19358154296875002
60189,2025-09-25 23:15:00,0.25,0.3935093581676483,512,-0.14350935816764832
60190,2025-09-25 23:30:00,0.96,0.36208805441856384,512,0.5979119455814361
60191,2025-09-25 23:45:00,0.29,0.5424485802650452,512,-0.2524485802650452
60192,2025-09-26 00:00:00,0.28,0.34780022501945496,512,-0.06780022501945493
60193,2025-09-26 00:15:00,0.27,0.342640221118927,512,-0.07264022111892698
60194,2025-09-26 00:30:00,0.24,0.3358606994152069,512,-0.09586069941520692
60195,2025-09-26 00:45:00,0.24,0.31619808077812195,512,-0.07619808077812196
60196,2025-09-26 01:00:00,0.28,0.32056906819343567,512,-0.04056906819343564
60197,2025-09-26 01:15:00,0.27,0.33784177899360657,512,-0.06784177899360655
60198,2025-09-26 01:30:00,0.27,0.322501540184021,512,-0.05250154018402098
60199,2025-09-26 01:45:00,0.26,0.3238709270954132,512,-0.0638709270954132
60200,2025-09-26 02:00:00,0.26,0.3042214512825012,512,-0.04422145128250121
60201,2025-09-26 02:15:00,0.23,0.29918166995048523,512,-0.06918166995048522
60202,2025-09-26 02:30:00,0.28,0.284729927778244,512,-0.004729927778243992
60203,2025-09-26 02:45:00,0.31,0.3107251524925232,512,-0.0007251524925231956
60204,2025-09-26 03:00:00,0.94,0.31490105390548706,512,0.6250989460945129
60205,2025-09-26 03:15:00,0.95,0.5484121441841125,512,0.4015878558158874
60206,2025-09-26 03:30:00,0.29,0.6423099040985107,512,-0.35230990409851076
60207,2025-09-26 03:45:00,0.28,0.34808582067489624,512,-0.06808582067489621
60208,2025-09-26 04:00:00,0.29,0.3821670711040497,512,-0.0921670711040497
60209,2025-09-26 04:15:00,2.24,0.34778422117233276,512,1.8922157788276674
60210,2025-09-26 04:30:00,0.32,1.4775347709655762,512,-1.157534770965576
60211,2025-09-26 04:45:00,1.02,0.41656699776649475,512,0.6034330022335053
60212,2025-09-26 05:00:00,0.29,0.8839979767799377,512,-0.5939979767799377
60213,2025-09-26 05:15:00,0.27,0.45068538188934326,512,-0.18068538188934324
60214,2025-09-26 05:30:00,0.29,0.40266403555870056,512,-0.11266403555870058
60215,2025-09-26 05:45:00,0.31,0.3921045958995819,512,-0.08210459589958191
60216,2025-09-26 06:00:00,0.3,0.4092046618461609,512,-0.1092046618461609
60217,2025-09-26 06:15:00,0.27,0.41140130162239075,512,-0.14140130162239073
60218,2025-09-26 06:30:00,0.29,0.3945712447166443,512,-0.10457124471664431
60219,2025-09-26 06:45:00,0.27,0.34859466552734375,512,-0.07859466552734373
60220,2025-09-26 07:00:00,1.09,0.3514050245285034,512,0.7385949754714967
60221,2025-09-26 07:15:00,3.62,0.6289841532707214,512,2.9910158467292787
60222,2025-09-26 07:30:00,1.31,1.5697953701019287,512,-0.25979537010192866
60223,2025-09-26 07:45:00,3.27,0.8878068923950195,512,2.3821931076049805
60224,2025-09-26 08:00:00,2.66,1.6970410346984863,512,0.9629589653015138
60225,2025-09-26 08:15:00,0.63,1.603125810623169,512,-0.9731258106231689
60226,2025-09-26 08:30:00,1.43,0.8340431451797485,512,0.5959568548202514
60227,2025-09-26 08:45:00,1.66,1.0189344882965088,512,0.6410655117034911
60228,2025-09-26 09:00:00,0.87,1.218745231628418,512,-0.348745231628418
60229,2025-09-26 09:15:00,0.38,0.9021786451339722,512,-0.5221786451339722
60230,2025-09-26 09:30:00,0.4,0.6089800596237183,512,-0.20898005962371824
60231,2025-09-26 09:45:00,1.68,0.5671408176422119,512,1.112859182357788
60232,2025-09-26 10:00:00,1.25,1.3942997455596924,512,-0.14429974555969238
60233,2025-09-26 10:15:00,0.43,1.3976000547409058,512,-0.9676000547409058
60234,2025-09-26 10:30:00,0.25,0.8545523881912231,512,-0.6045523881912231
60235,2025-09-26 10:45:00,1.41,0.7914209961891174,512,0.6185790038108825
60236,2025-09-26 11:00:00,2.11,1.5471091270446777,512,0.5628908729553221
60237,2025-09-26 11:15:00,2.24,2.0963501930236816,512,0.14364980697631857
60238,2025-09-26 11:30:00,2.45,2.2620692253112793,512,0.18793077468872088
60239,2025-09-26 11:45:00,2.58,2.4438490867614746,512,0.13615091323852546
60240,2025-09-26 12:00:00,2.8,2.435136318206787,512,0.3648636817932127
60241,2025-09-26 12:15:00,2.87,2.423449993133545,512,0.4465500068664552
60242,2025-09-26 12:30:00,2.92,2.448899269104004,512,0.471100730895996
60243,2025-09-26 12:45:00,3.06,2.1658287048339844,512,0.8941712951660157
60244,2025-09-26 13:00:00,2.4,2.4466028213500977,512,-0.046602821350097745
60245,2025-09-26 13:15:00,0.25,1.8500111103057861,512,-1.6000111103057861
60246,2025-09-26 13:30:00,0.24,0.25173336267471313,512,-0.011733362674713144
60247,2025-09-26 13:45:00,0.22,0.2173355221748352,512,0.002664477825164796
60248,2025-09-26 14:00:00,0.22,0.2529994249343872,512,-0.032999424934387206
60249,2025-09-26 14:15:00,0.2,0.2417736053466797,512,-0.041773605346679676
60250,2025-09-26 14:30:00,0.19,0.25855445861816406,512,-0.06855445861816406
60251,2025-09-26 14:45:00,0.29,0.2807950973510742,512,0.009204902648925761
60252,2025-09-26 15:00:00,0.46,0.3237234950065613,512,0.13627650499343874
60253,2025-09-26 15:15:00,0.46,0.399603009223938,512,0.06039699077606203
60254,2025-09-26 15:30:00,0.45,0.3917664885520935,512,0.058233511447906505
60255,2025-09-26 15:45:00,0.3,0.3923216462135315,512,-0.0923216462135315
60256,2025-09-26 16:00:00,0.22,0.3739317059516907,512,-0.15393170595169067
60257,2025-09-26 16:15:00,0.2,0.33904969692230225,512,-0.13904969692230223
60258,2025-09-26 16:30:00,0.19,0.32770097255706787,512,-0.13770097255706787
60259,2025-09-26 16:45:00,0.23,0.3097054958343506,512,-0.07970549583435058
60260,2025-09-26 17:00:00,0.23,0.3329355716705322,512,-0.10293557167053222
60261,2025-09-26 17:15:00,0.22,0.3026665449142456,512,-0.0826665449142456
60262,2025-09-26 17:30:00,0.2,0.26523685455322266,512,-0.06523685455322265
60263,2025-09-26 17:45:00,0.19,0.2535289525985718,512,-0.06352895259857178
60264,2025-09-26 18:00:00,0.27,0.23999226093292236,512,0.030007739067077654
60265,2025-09-26 18:15:00,1.66,0.3262284994125366,512,1.3337715005874633
60266,2025-09-26 18:30:00,0.46,1.5444111824035645,512,-1.0844111824035645
60267,2025-09-26 18:45:00,0.55,0.6015084981918335,512,-0.05150849819183345
60268,2025-09-26 19:00:00,0.54,0.6584920287132263,512,-0.11849202871322628
60269,2025-09-26 19:15:00,0.68,0.6114458441734314,512,0.06855415582656865
60270,2025-09-26 19:30:00,1.95,0.6559082269668579,512,1.294091773033142
60271,2025-09-26 19:45:00,2.4,1.4392197132110596,512,0.9607802867889403
60272,2025-09-26 20:00:00,1.47,1.7639553546905518,512,-0.2939553546905518
60273,2025-09-26 20:15:00,1.48,1.2589216232299805,512,0.2210783767700195
60274,2025-09-26 20:30:00,0.66,1.362471103668213,512,-0.7024711036682129
60275,2025-09-26 20:45:00,0.4,0.747067928314209,512,-0.34706792831420896
60276,2025-09-26 21:00:00,0.44,0.5824027061462402,512,-0.14240270614624023
60277,2025-09-26 21:15:00,0.67,0.6120306253433228,512,0.057969374656677286
60278,2025-09-26 21:30:00,0.67,0.7439104914665222,512,-0.07391049146652218
60279,2025-09-26 21:45:00,1.19,0.8194688558578491,512,0.3705311441421508
60280,2025-09-26 22:00:00,1.19,1.2045211791992188,512,-0.014521179199218803
60281,2025-09-26 22:15:00,0.26,0.9772899150848389,512,-0.7172899150848389
60282,2025-09-26 22:30:00,0.25,0.49047207832336426,512,-0.24047207832336426
60283,2025-09-26 22:45:00,0.29,0.4329127073287964,512,-0.1429127073287964
60284,2025-09-26 23:00:00,0.37,0.39860647916793823,512,-0.028606479167938237
60285,2025-09-26 23:15:00,0.31,0.42116475105285645,512,-0.11116475105285645
60286,2025-09-26 23:30:00,0.28,0.3790733814239502,512,-0.09907338142395017
60287,2025-09-26 23:45:00,0.33,0.3292483687400818,512,0.0007516312599182284
60288,2025-09-27 00:00:00,0.31,0.37551844120025635,512,-0.06551844120025635
60289,2025-09-27 00:15:00,0.29,0.36312389373779297,512,-0.07312389373779299
60290,2025-09-27 00:30:00,0.26,0.36420589685440063,512,-0.10420589685440063
60291,2025-09-27 00:45:00,0.26,0.3536316156387329,512,-0.0936316156387329
60292,2025-09-27 01:00:00,0.22,0.3468446731567383,512,-0.12684467315673828
60293,2025-09-27 01:15:00,0.3,0.3345969319343567,512,-0.0345969319343567
60294,2025-09-27 01:30:00,0.23,0.3564366102218628,512,-0.12643661022186278
60295,2025-09-27 01:45:00,0.29,0.30349141359329224,512,-0.013491413593292256
60296,2025-09-27 02:00:00,0.3,0.32797887921333313,512,-0.02797887921333314
60297,2025-09-27 02:15:00,0.29,0.3295191824436188,512,-0.039519182443618794
60298,2025-09-27 02:30:00,0.27,0.32826024293899536,512,-0.058260242938995344
60299,2025-09-27 02:45:00,0.31,0.3092281222343445,512,0.0007718777656555154
60300,2025-09-27 03:00:00,0.29,0.3514944911003113,512,-0.0614944911003113
60301,2025-09-27 03:15:00,1.63,0.3528914153575897,512,1.2771085846424102
60302,2025-09-27 03:30:00,0.36,0.8829332590103149,512,-0.522933259010315
60303,2025-09-27 03:45:00,0.99,0.47729119658470154,512,0.5127088034152985
60304,2025-09-27 04:00:00,2.76,0.7400999069213867,512,2.019900093078613
60305,2025-09-27 04:15:00,1.81,1.4203364849090576,512,0.38966351509094244
60306,2025-09-27 04:30:00,1.81,1.0974602699279785,512,0.7125397300720215
60307,2025-09-27 04:45:00,1.48,1.417153000831604,512,0.06284699916839598
60308,2025-09-27 05:00:00,0.33,1.2442125082015991,512,-0.914212508201599
60309,2025-09-27 05:15:00,0.32,0.48565372824668884,512,-0.16565372824668884
60310,2025-09-27 05:30:00,0.28,0.4004937410354614,512,-0.1204937410354614
60311,2025-09-27 05:45:00,0.27,0.3428465723991394,512,-0.07284657239913939
60312,2025-09-27 06:00:00,0.33,0.3477468490600586,512,-0.017746849060058578
60313,2025-09-27 06:15:00,0.4,0.4313141703605652,512,-0.03131417036056516
60314,2025-09-27 06:30:00,0.42,0.4978675842285156,512,-0.07786758422851564
60315,2025-09-27 06:45:00,0.37,0.5962191820144653,512,-0.22621918201446534
60316,2025-09-27 07:00:00,0.36,0.6411847472190857,512,-0.2811847472190857
60317,2025-09-27 07:15:00,0.34,0.5966967344284058,512,-0.25669673442840574
60318,2025-09-27 07:30:00,0.37,0.5260340571403503,512,-0.15603405714035035
60319,2025-09-27 07:45:00,0.43,0.620602548122406,512,-0.190602548122406
60320,2025-09-27 08:00:00,0.48,0.6032146215438843,512,-0.1232146215438843
60321,2025-09-27 08:15:00,0.51,0.6301674246788025,512,-0.12016742467880248
60322,2025-09-27 08:30:00,0.45,0.6442179083824158,512,-0.19421790838241576
60323,2025-09-27 08:45:00,0.48,0.532508373260498,512,-0.052508373260498065
60324,2025-09-27 09:00:00,0.51,0.5701515078544617,512,-0.06015150785446166
60325,2025-09-27 09:15:00,0.4,0.6567139625549316,512,-0.2567139625549316
60326,2025-09-27 09:30:00,0.38,0.5319434404373169,512,-0.1519434404373169
60327,2025-09-27 09:45:00,0.44,0.5213315486907959,512,-0.0813315486907959
60328,2025-09-27 10:00:00,0.44,0.5701490640640259,512,-0.13014906406402588
60329,2025-09-27 10:15:00,0.43,0.5893769264221191,512,-0.15937692642211915
60330,2025-09-27 10:30:00,0.52,0.6411042213439941,512,-0.12110422134399412
60331,2025-09-27 10:45:00,1.62,1.1132559776306152,512,0.5067440223693849
60332,2025-09-27 11:00:00,3.3,2.088346481323242,512,1.2116535186767576
60333,2025-09-27 11:15:00,2.99,2.804403066635132,512,0.18559693336486838
60334,2025-09-27 11:30:00,3.2,2.2409307956695557,512,0.9590692043304445
60335,2025-09-27 11:45:00,3.03,2.5417158603668213,512,0.4882841396331785
60336,2025-09-27 12:00:00,2.92,2.612100601196289,512,0.30789939880371087
60337,2025-09-27 12:15:00,2.79,2.589930534362793,512,0.20006946563720707
60338,2025-09-27 12:30:00,2.83,2.1633691787719727,512,0.6666308212280274
60339,2025-09-27 12:45:00,3.07,2.1380956172943115,512,0.9319043827056883
60340,2025-09-27 13:00:00,2.83,2.1336557865142822,512,0.6963442134857178
60341,2025-09-27 13:15:00,2.82,1.836785912513733,512,0.9832140874862669
60342,2025-09-27 13:30:00,3.02,2.0309181213378906,512,0.9890818786621094
60343,2025-09-27 13:45:00,2.95,2.410397529602051,512,0.5396024703979494
60344,2025-09-27 14:00:00,2.97,2.226052761077881,512,0.7439472389221193
60345,2025-09-27 14:15:00,3.08,2.454193115234375,512,0.6258068847656251
60346,2025-09-27 14:30:00,0.21,2.483548641204834,512,-2.273548641204834
60347,2025-09-27 14:45:00,0.26,0.2832993268966675,512,-0.02329932689666747
60348,2025-09-27 15:00:00,0.26,0.3272761106491089,512,-0.06727611064910888
60349,2025-09-27 15:15:00,0.25,0.3156363368034363,512,-0.06563633680343628
60350,2025-09-27 15:30:00,0.23,0.30459439754486084,512,-0.07459439754486083
60351,2025-09-27 15:45:00,0.21,0.2727161645889282,512,-0.06271616458892823
60352,2025-09-27 16:00:00,0.21,0.2463253140449524,512,-0.0363253140449524
60353,2025-09-27 16:15:00,0.25,0.20811158418655396,512,0.041888415813446045
60354,2025-09-27 16:30:00,0.25,0.2287159562110901,512,0.021284043788909912
60355,2025-09-27 16:45:00,0.38,0.24594372510910034,512,0.13405627489089966
60356,2025-09-27 17:00:00,1.78,0.3152129054069519,512,1.4647870945930481
60357,2025-09-27 17:15:00,0.97,1.2718491554260254,512,-0.3018491554260254
60358,2025-09-27 17:30:00,0.95,0.6544604301452637,512,0.2955395698547363
60359,2025-09-27 17:45:00,0.35,0.8000825047492981,512,-0.4500825047492981
60360,2025-09-27 18:00:00,2.23,0.34206336736679077,512,1.8879366326332092
60361,2025-09-27 18:15:00,0.99,1.9359166622161865,512,-0.9459166622161865
60362,2025-09-27 18:30:00,0.33,0.8630446195602417,512,-0.5330446195602416
60363,2025-09-27 18:45:00,0.35,0.47681042551994324,512,-0.12681042551994326
60364,2025-09-27 19:00:00,0.91,0.4605611264705658,512,0.44943887352943424
60365,2025-09-27 19:15:00,0.29,0.7849469184875488,512,-0.49494691848754885
60366,2025-09-27 19:30:00,0.32,0.4884234368801117,512,-0.1684234368801117
60367,2025-09-27 19:45:00,0.5,0.510637104511261,512,-0.010637104511260986
60368,2025-09-27 20:00:00,1.53,0.5546356439590454,512,0.9753643560409546
60369,2025-09-27 20:15:00,3.12,0.9838904142379761,512,2.136109585762024
60370,2025-09-27 20:30:00,1.16,1.8312797546386719,512,-0.671279754638672
60371,2025-09-27 20:45:00,0.67,0.887558102607727,512,-0.217558102607727
60372,2025-09-27 21:00:00,0.43,0.7596474289894104,512,-0.3296474289894104
60373,2025-09-27 21:15:00,0.43,0.6303001046180725,512,-0.20030010461807252
60374,2025-09-27 21:30:00,1.79,0.5807015895843506,512,1.2092984104156494
60375,2025-09-27 21:45:00,1.94,1.3709882497787476,512,0.5690117502212524
60376,2025-09-27 22:00:00,2.04,1.4761192798614502,512,0.5638807201385498
60377,2025-09-27 22:15:00,0.3,1.3746538162231445,512,-1.0746538162231445
60378,2025-09-27 22:30:00,0.3,0.49709925055503845,512,-0.19709925055503846
60379,2025-09-27 22:45:00,0.63,0.48033425211906433,512,0.14966574788093567
60380,2025-09-27 23:00:00,1.79,0.5837714672088623,512,1.2062285327911377
60381,2025-09-27 23:15:00,1.88,0.9799104332923889,512,0.900089566707611
60382,2025-09-27 23:30:00,0.8,1.0712430477142334,512,-0.27124304771423335
60383,2025-09-27 23:45:00,0.25,0.6327320337295532,512,-0.3827320337295532
60384,2025-09-28 00:00:00,0.28,0.44002485275268555,512,-0.16002485275268552
60385,2025-09-28 00:15:00,0.79,0.3420388102531433,512,0.4479611897468567
60386,2025-09-28 00:30:00,1.83,0.5153022408485413,512,1.3146977591514588
60387,2025-09-28 00:45:00,1.98,0.9498670697212219,512,1.030132930278778
60388,2025-09-28 01:00:00,0.8,1.2912001609802246,512,-0.49120016098022456
60389,2025-09-28 01:15:00,0.25,0.6076834797859192,512,-0.3576834797859192
60390,2025-09-28 01:30:00,0.25,0.3793022334575653,512,-0.1293022334575653
60391,2025-09-28 01:45:00,0.81,0.33617886900901794,512,0.4738211309909821
60392,2025-09-28 02:00:00,1.89,0.6043447256088257,512,1.2856552743911742
60393,2025-09-28 02:15:00,2.06,1.2555826902389526,512,0.8044173097610474
60394,2025-09-28 02:30:00,0.89,1.3611077070236206,512,-0.4711077070236206
60395,2025-09-28 02:45:00,0.26,0.7875520586967468,512,-0.5275520586967468
60396,2025-09-28 03:00:00,0.26,0.4310067892074585,512,-0.1710067892074585
60397,2025-09-28 03:15:00,0.82,0.42050665616989136,512,0.3994933438301086
60398,2025-09-28 03:30:00,1.95,0.8709155321121216,512,1.0790844678878784
60399,2025-09-28 03:45:00,2.12,1.6807645559310913,512,0.4392354440689088
60400,2025-09-28 04:00:00,0.92,1.7684437036514282,512,-0.8484437036514282
60401,2025-09-28 04:15:00,0.27,0.9043537974357605,512,-0.6343537974357605
60402,2025-09-28 04:30:00,0.3,0.5496152639389038,512,-0.24961526393890382
60403,2025-09-28 04:45:00,0.28,0.487295001745224,512,-0.20729500174522397
60404,2025-09-28 05:00:00,1.98,0.5445793867111206,512,1.4354206132888794
60405,2025-09-28 05:15:00,1.51,1.5055785179138184,512,0.0044214820861816495
60406,2025-09-28 05:30:00,0.27,1.0441303253173828,512,-0.7741303253173828
60407,2025-09-28 05:45:00,0.27,0.4992341995239258,512,-0.22923419952392576
60408,2025-09-28 06:00:00,0.26,0.5272899866104126,512,-0.2672899866104126
60409,2025-09-28 06:15:00,0.25,0.4646933674812317,512,-0.2146933674812317
60410,2025-09-28 06:30:00,0.23,0.46261656284332275,512,-0.23261656284332274
60411,2025-09-28 06:45:00,0.22,0.5542196035385132,512,-0.3342196035385132
60412,2025-09-28 07:00:00,0.27,0.33530479669570923,512,-0.06530479669570921
60413,2025-09-28 07:15:00,0.27,0.308130145072937,512,-0.038130145072936994
60414,2025-09-28 07:30:00,0.64,0.412889301776886,512,0.22711069822311403
60415,2025-09-28 07:45:00,0.23,0.7899898886680603,512,-0.5599898886680603
60416,2025-09-28 08:00:00,0.78,0.396622896194458,512,0.383377103805542
60417,2025-09-28 08:15:00,0.34,0.833106517791748,512,-0.493106517791748
60418,2025-09-28 08:30:00,2.05,0.42729756236076355,512,1.6227024376392363
60419,2025-09-28 08:45:00,1.55,1.4154212474822998,512,0.13457875251770024
60420,2025-09-28 09:00:00,0.53,1.1473089456558228,512,-0.6173089456558227
60421,2025-09-28 09:15:00,0.39,0.8695634603500366,512,-0.4795634603500366
60422,2025-09-28 09:30:00,0.37,0.8247936964035034,512,-0.4547936964035034
60423,2025-09-28 09:45:00,1.39,0.9556010961532593,512,0.4343989038467406
60424,2025-09-28 10:00:00,0.44,1.928909420967102,512,-1.488909420967102
60425,2025-09-28 10:15:00,0.26,0.9726351499557495,512,-0.7126351499557495
60426,2025-09-28 10:30:00,0.26,0.7743945121765137,512,-0.5143945121765137
60427,2025-09-28 10:45:00,1.27,1.0755064487457275,512,0.19449355125427248
60428,2025-09-28 11:00:00,1.83,1.9791510105133057,512,-0.1491510105133056
60429,2025-09-28 11:15:00,1.94,2.2462425231933594,512,-0.30624252319335943
60430,2025-09-28 11:30:00,2.18,2.2395215034484863,512,-0.05952150344848617
60431,2025-09-28 11:45:00,3.01,2.3046798706054688,512,0.705320129394531
60432,2025-09-28 12:00:00,3.18,2.660573959350586,512,0.5194260406494142
60433,2025-09-28 12:15:00,3.3,2.77573299407959,512,0.52426700592041
60434,2025-09-28 12:30:00,3.35,2.7403523921966553,512,0.6096476078033448
60435,2025-09-28 12:45:00,3.22,2.8992867469787598,512,0.32071325302124043
60436,2025-09-28 13:00:00,2.4,2.708817958831787,512,-0.3088179588317872
60437,2025-09-28 13:15:00,2.08,1.5366342067718506,512,0.5433657932281495
60438,2025-09-28 13:30:00,2.2,1.6373827457427979,512,0.5626172542572023
60439,2025-09-28 13:45:00,2.62,1.958369255065918,512,0.6616307449340821
60440,2025-09-28 14:00:00,2.78,2.2587547302246094,512,0.5212452697753904
60441,2025-09-28 14:15:00,2.84,1.9144316911697388,512,0.9255683088302611
60442,2025-09-28 14:30:00,2.12,1.8475019931793213,512,0.2724980068206788
60443,2025-09-28 14:45:00,0.44,1.3521108627319336,512,-0.9121108627319336
60444,2025-09-28 15:00:00,0.36,0.3669683337211609,512,-0.006968333721160902
60445,2025-09-28 15:15:00,1.03,0.32989776134490967,512,0.7001022386550904
60446,2025-09-28 15:30:00,0.4,0.7023211717605591,512,-0.30232117176055906
60447,2025-09-28 15:45:00,0.36,0.399026095867157,512,-0.039026095867156996
60448,2025-09-28 16:00:00,1.03,0.37580519914627075,512,0.6541948008537293
60449,2025-09-28 16:15:00,0.96,0.6828603148460388,512,0.27713968515396115
60450,2025-09-28 16:30:00,0.26,0.6537749171257019,512,-0.3937749171257019
60451,2025-09-28 16:45:00,0.24,0.3601333498954773,512,-0.1201333498954773
60452,2025-09-28 17:00:00,0.22,0.334309458732605,512,-0.11430945873260498
60453,2025-09-28 17:15:00,0.26,0.3098185658454895,512,-0.04981856584548949
60454,2025-09-28 17:30:00,0.26,0.3137185573577881,512,-0.05371855735778808
60455,2025-09-28 17:45:00,0.25,0.33117592334747314,512,-0.08117592334747314
60456,2025-09-28 18:00:00,0.24,0.34113407135009766,512,-0.10113407135009767
60457,2025-09-28 18:15:00,0.24,0.30769461393356323,512,-0.06769461393356324
60458,2025-09-28 18:30:00,0.23,0.29705190658569336,512,-0.06705190658569335
60459,2025-09-28 18:45:00,0.28,0.2784281373023987,512,0.001571862697601345
60460,2025-09-28 19:00:00,0.33,0.35919058322906494,512,-0.029190583229064926
60461,2025-09-28 19:15:00,0.33,0.37176018953323364,512,-0.04176018953323363
60462,2025-09-28 19:30:00,0.32,0.3735288381576538,512,-0.0535288381576538
60463,2025-09-28 19:45:00,0.32,0.44488927721977234,512,-0.12488927721977233
60464,2025-09-28 20:00:00,0.5,0.46483010053634644,512,0.035169899463653564
60465,2025-09-28 20:15:00,0.56,0.5743924379348755,512,-0.014392437934875435
60466,2025-09-28 20:30:00,0.37,0.5662442445755005,512,-0.1962442445755005
60467,2025-09-28 20:45:00,0.35,0.4335450232028961,512,-0.08354502320289614
60468,2025-09-28 21:00:00,0.41,0.44411030411720276,512,-0.03411030411720278
60469,2025-09-28 21:15:00,0.46,0.5017454624176025,512,-0.04174546241760252
60470,2025-09-28 21:30:00,1.32,0.5040054321289062,512,0.8159945678710938
60471,2025-09-28 21:45:00,2.68,1.269301176071167,512,1.4106988239288332
60472,2025-09-28 22:00:00,2.35,1.8506419658660889,512,0.4993580341339112
60473,2025-09-28 22:15:00,1.33,1.4673254489898682,512,-0.1373254489898681
60474,2025-09-28 22:30:00,0.7,0.8435710668563843,512,-0.14357106685638432
60475,2025-09-28 22:45:00,0.65,0.6088002920150757,512,0.04119970798492434
60476,2025-09-28 23:00:00,0.72,0.5889604687690735,512,0.1310395312309265
60477,2025-09-28 23:15:00,1.21,0.5986583828926086,512,0.6113416171073913
60478,2025-09-28 23:30:00,1.42,0.8318356871604919,512,0.588164312839508
60479,2025-09-28 23:45:00,1.44,0.9101020097732544,512,0.5298979902267456
60480,2025-09-29 00:00:00,1.11,0.9725286960601807,512,0.13747130393981943
60481,2025-09-29 00:15:00,1.31,0.6516821980476379,512,0.6583178019523621
60482,2025-09-29 00:30:00,1.85,0.8823682069778442,512,0.9676317930221559
60483,2025-09-29 00:45:00,1.39,1.241952896118164,512,0.14804710388183584
60484,2025-09-29 01:00:00,0.33,0.9806009531021118,512,-0.6506009531021117
60485,2025-09-29 01:15:00,0.33,0.3278021216392517,512,0.0021978783607483066
60486,2025-09-29 01:30:00,0.33,0.34368786215782166,512,-0.01368786215782164
60487,2025-09-29 01:45:00,1.35,0.3492879271507263,512,1.0007120728492738
60488,2025-09-29 02:00:00,1.87,0.966497540473938,512,0.9035024595260621
60489,2025-09-29 02:15:00,1.38,1.2118868827819824,512,0.16811311721801747
60490,2025-09-29 02:30:00,0.3,0.833682656288147,512,-0.5336826562881469
60491,2025-09-29 02:45:00,0.39,0.3664906322956085,512,0.023509367704391493
60492,2025-09-29 03:00:00,0.39,0.47241392731666565,512,-0.08241392731666564
60493,2025-09-29 03:15:00,2.03,0.4804219603538513,512,1.5495780396461485
60494,2025-09-29 03:30:00,3.49,1.6195902824401855,512,1.8704097175598147
60495,2025-09-29 03:45:00,2.26,2.701514959335327,512,-0.44151495933532736
60496,2025-09-29 04:00:00,2.48,1.5318437814712524,512,0.9481562185287475
60497,2025-09-29 04:15:00,3.25,1.8578834533691406,512,1.3921165466308594
60498,2025-09-29 04:30:00,0.41,2.2682182788848877,512,-1.8582182788848878
60499,2025-09-29 04:45:00,2.49,0.5063062310218811,512,1.983693768978119
60500,2025-09-29 05:00:00,0.38,2.1746182441711426,512,-1.7946182441711427
60501,2025-09-29 05:15:00,0.37,0.5190284252166748,512,-0.1490284252166748
60502,2025-09-29 05:30:00,2.49,0.5150833129882812,512,1.974916687011719
60503,2025-09-29 05:45:00,0.38,1.56485116481781,512,-1.1848511648178102
60504,2025-09-29 06:00:00,0.39,0.5463563203811646,512,-0.15635632038116454
60505,2025-09-29 06:15:00,0.37,0.5451264381408691,512,-0.17512643814086915
60506,2025-09-29 06:30:00,0.4,0.5842944979667664,512,-0.18429449796676634
60507,2025-09-29 06:45:00,0.41,0.58740234375,512,-0.17740234375000002
60508,2025-09-29 07:00:00,0.51,0.6174408197402954,512,-0.1074408197402954
60509,2025-09-29 07:15:00,0.96,0.6882646679878235,512,0.2717353320121765
60510,2025-09-29 07:30:00,0.8,0.9808181524276733,512,-0.1808181524276733
60511,2025-09-29 07:45:00,1.79,0.912226140499115,512,0.877773859500885
60512,2025-09-29 08:00:00,2.8,1.5560286045074463,512,1.2439713954925535
60513,2025-09-29 08:15:00,1.32,2.1780848503112793,512,-0.8580848503112792
60514,2025-09-29 08:30:00,0.67,1.1943902969360352,512,-0.5243902969360351
60515,2025-09-29 08:45:00,0.6,0.8266470432281494,512,-0.22664704322814944
60516,2025-09-29 09:00:00,0.61,0.7528802752494812,512,-0.14288027524948121
60517,2025-09-29 09:15:00,0.54,0.8329203128814697,512,-0.2929203128814697
60518,2025-09-29 09:30:00,2.02,0.794811487197876,512,1.225188512802124
60519,2025-09-29 09:45:00,1.53,2.1695635318756104,512,-0.6395635318756103
60520,2025-09-29 10:00:00,0.76,1.5552785396575928,512,-0.7952785396575928
60521,2025-09-29 10:15:00,0.23,0.9702192544937134,512,-0.7402192544937134
60522,2025-09-29 10:30:00,0.26,0.6334877014160156,512,-0.3734877014160156
60523,2025-09-29 10:45:00,1.29,0.7883383631706238,512,0.5016616368293763
60524,2025-09-29 11:00:00,1.87,2.0742640495300293,512,-0.2042640495300292
60525,2025-09-29 11:15:00,2.04,2.46468186378479,512,-0.42468186378479
60526,2025-09-29 11:30:00,2.22,2.288766622543335,512,-0.06876662254333477
60527,2025-09-29 11:45:00,2.3,2.4193203449249268,512,-0.11932034492492694
60528,2025-09-29 12:00:00,2.45,2.4742941856384277,512,-0.024294185638427557
60529,2025-09-29 12:15:00,2.52,2.5875749588012695,512,-0.06757495880126951
60530,2025-09-29 12:30:00,2.13,2.6299121379852295,512,-0.4999121379852296
60531,2025-09-29 12:45:00,1.96,1.988402009010315,512,-0.028402009010314977
60532,2025-09-29 13:00:00,1.96,1.9489283561706543,512,0.011071643829345668
60533,2025-09-29 13:15:00,2.51,2.0786571502685547,512,0.4313428497314451
60534,2025-09-29 13:30:00,2.97,2.523747205734253,512,0.44625279426574727
60535,2025-09-29 13:45:00,2.68,2.9817755222320557,512,-0.3017755222320555
60536,2025-09-29 14:00:00,2.36,2.4489552974700928,512,-0.0889552974700929
60537,2025-09-29 14:15:00,2.85,1.8032269477844238,512,1.0467730522155763
60538,2025-09-29 14:30:00,2.95,1.9576382637023926,512,0.9923617362976076
60539,2025-09-29 14:45:00,0.24,1.965188980102539,512,-1.725188980102539
60540,2025-09-29 15:00:00,0.27,0.3256028890609741,512,-0.0556028890609741
60541,2025-09-29 15:15:00,0.27,0.47336649894714355,512,-0.20336649894714354
60542,2025-09-29 15:30:00,0.25,0.36518388986587524,512,-0.11518388986587524
60543,2025-09-29 15:45:00,0.24,0.37838780879974365,512,-0.13838780879974366
60544,2025-09-29 16:00:00,0.22,0.3700968027114868,512,-0.15009680271148682
60545,2025-09-29 16:15:00,0.27,0.30328065156936646,512,-0.03328065156936644
60546,2025-09-29 16:30:00,0.29,0.316842257976532,512,-0.026842257976532002
60547,2025-09-29 16:45:00,0.27,0.33372193574905396,512,-0.06372193574905394
60548,2025-09-29 17:00:00,0.26,0.3059433102607727,512,-0.045943310260772696
60549,2025-09-29 17:15:00,0.27,0.266748309135437,512,0.003251690864563006
60550,2025-09-29 17:30:00,0.26,0.2486264705657959,512,0.01137352943420411
60551,2025-09-29 17:45:00,0.31,0.24117779731750488,512,0.06882220268249511
60552,2025-09-29 18:00:00,0.34,0.277188777923584,512,0.06281122207641604
60553,2025-09-29 18:15:00,0.42,0.3197833299636841,512,0.1002166700363159
60554,2025-09-29 18:30:00,0.69,0.41423285007476807,512,0.2757671499252319
60555,2025-09-29 18:45:00,0.67,0.6827843189239502,512,-0.012784318923950155
60556,2025-09-29 19:00:00,3.47,0.5707361698150635,512,2.8992638301849367
60557,2025-09-29 19:15:00,1.53,2.8797571659088135,512,-1.3497571659088134
60558,2025-09-29 19:30:00,1.31,1.069165587425232,512,0.24083441257476812
60559,2025-09-29 19:45:00,1.71,1.277137279510498,512,0.4328627204895019
60560,2025-09-29 20:00:00,0.62,1.5875296592712402,512,-0.9675296592712402
60561,2025-09-29 20:15:00,0.35,0.7267866134643555,512,-0.3767866134643555
60562,2025-09-29 20:30:00,0.34,0.5364596247673035,512,-0.19645962476730344
60563,2025-09-29 20:45:00,1.01,0.4873778223991394,512,0.5226221776008606
60564,2025-09-29 21:00:00,0.44,1.011002540588379,512,-0.571002540588379
60565,2025-09-29 21:15:00,0.89,0.5607737302780151,512,0.3292262697219849
60566,2025-09-29 21:30:00,0.5,1.0326975584030151,512,-0.5326975584030151
60567,2025-09-29 21:45:00,0.45,0.6766754388809204,512,-0.2266754388809204
60568,2025-09-29 22:00:00,0.45,0.6433507800102234,512,-0.19335078001022338
60569,2025-09-29 22:15:00,0.47,0.5594683885574341,512,-0.08946838855743411
60570,2025-09-29 22:30:00,0.54,0.5764118432998657,512,-0.03641184329986569
60571,2025-09-29 22:45:00,0.58,0.6147177219390869,512,-0.034717721939086954
60572,2025-09-29 23:00:00,1.52,0.5752886533737183,512,0.9447113466262818
60573,2025-09-29 23:15:00,2.01,0.9832152128219604,512,1.0267847871780393
60574,2025-09-29 23:30:00,1.46,1.1954848766326904,512,0.26451512336730953
60575,2025-09-29 23:45:00,0.32,0.9685879349708557,512,-0.6485879349708557
60576,2025-09-30 00:00:00,0.32,0.4399881064891815,512,-0.11998810648918151
60577,2025-09-30 00:15:00,0.31,0.4719987213611603,512,-0.16199872136116028
60578,2025-09-30 00:30:00,1.36,0.38655591011047363,512,0.9734440898895265
60579,2025-09-30 00:45:00,1.88,0.774032711982727,512,1.1059672880172728
60580,2025-09-30 01:00:00,1.4,1.2880921363830566,512,0.11190786361694327
60581,2025-09-30 01:15:00,0.33,0.9244058728218079,512,-0.5944058728218078
60582,2025-09-30 01:30:00,0.32,0.35570216178894043,512,-0.03570216178894042
60583,2025-09-30 01:45:00,0.29,0.42368167638778687,512,-0.13368167638778689
60584,2025-09-30 02:00:00,0.83,0.4144356846809387,512,0.41556431531906124
60585,2025-09-30 02:15:00,1.87,0.7086454033851624,512,1.1613545966148378
60586,2025-09-30 02:30:00,1.97,1.3515009880065918,512,0.6184990119934082
60587,2025-09-30 02:45:00,0.33,1.6868364810943604,512,-1.3568364810943603
60588,2025-09-30 03:00:00,0.32,0.5613842010498047,512,-0.24138420104980468
60589,2025-09-30 03:15:00,0.32,0.5677279829978943,512,-0.24772798299789428
60590,2025-09-30 03:30:00,0.28,0.5567049384117126,512,-0.2767049384117126
60591,2025-09-30 03:45:00,0.28,0.5695884227752686,512,-0.28958842277526853
60592,2025-09-30 04:00:00,0.3,0.47361958026885986,512,-0.17361958026885987
60593,2025-09-30 04:15:00,0.29,0.41256245970726013,512,-0.12256245970726015
60594,2025-09-30 04:30:00,0.28,0.37484899163246155,512,-0.09484899163246152
60595,2025-09-30 04:45:00,0.28,0.45307254791259766,512,-0.17307254791259763
60596,2025-09-30 05:00:00,0.26,0.4629889726638794,512,-0.20298897266387939
60597,2025-09-30 05:15:00,0.26,0.45180344581604004,512,-0.19180344581604003
60598,2025-09-30 05:30:00,0.3,0.4343137741088867,512,-0.13431377410888673
60599,2025-09-30 05:45:00,0.29,0.435224324464798,512,-0.145224324464798
60600,2025-09-30 06:00:00,0.28,0.4464186131954193,512,-0.16641861319541928
60601,2025-09-30 06:15:00,0.28,0.42226341366767883,512,-0.1422634136676788
60602,2025-09-30 06:30:00,0.27,0.45537325739860535,512,-0.18537325739860533
60603,2025-09-30 06:45:00,0.25,0.5054454803466797,512,-0.2554454803466797
60604,2025-09-30 07:00:00,0.27,0.44627881050109863,512,-0.17627881050109862
60605,2025-09-30 07:15:00,0.29,0.44901493191719055,512,-0.15901493191719057
60606,2025-09-30 07:30:00,0.26,0.4466494917869568,512,-0.18664949178695678
60607,2025-09-30 07:45:00,0.57,0.4371689558029175,512,0.13283104419708247
60608,2025-09-30 08:00:00,3.28,0.6297585368156433,512,2.6502414631843565
60609,2025-09-30 08:15:00,4.66,2.5496158599853516,512,2.1103841400146486
60610,2025-09-30 08:30:00,1.94,2.9391002655029297,512,-0.9991002655029297
60611,2025-09-30 08:45:00,1.56,1.0944424867630005,512,0.46555751323699957
60612,2025-09-30 09:00:00,2.34,1.2594467401504517,512,1.0805532598495482
60613,2025-09-30 09:15:00,0.29,2.3376336097717285,512,-2.0476336097717285
60614,2025-09-30 09:30:00,0.41,0.4557221233844757,512,-0.04572212338447573
60615,2025-09-30 09:45:00,0.44,0.578412652015686,512,-0.13841265201568603
60616,2025-09-30 10:00:00,0.45,0.49572286009788513,512,-0.04572286009788512
60617,2025-09-30 10:15:00,1.09,0.5454020500183105,512,0.5445979499816895
60618,2025-09-30 10:30:00,1.07,1.0648713111877441,512,0.0051286888122559215
60619,2025-09-30 10:45:00,1.34,1.3636603355407715,512,-0.023660335540771404
60620,2025-09-30 11:00:00,1.93,1.874299168586731,512,0.05570083141326898
60621,2025-09-30 11:15:00,2.0,1.962415099143982,512,0.037584900856018066
60622,2025-09-30 11:30:00,2.18,1.9158329963684082,512,0.26416700363159196
60623,2025-09-30 11:45:00,1.64,2.121647357940674,512,-0.4816473579406739
60624,2025-09-30 12:00:00,1.71,1.769557237625122,512,-0.059557237625122106
60625,2025-09-30 12:15:00,1.86,1.8017590045928955,512,0.05824099540710459
60626,2025-09-30 12:30:00,1.88,1.8653721809387207,512,0.01462781906127919
60627,2025-09-30 12:45:00,1.87,1.7621904611587524,512,0.10780953884124767
60628,2025-09-30 13:00:00,1.87,1.6590890884399414,512,0.2109109115600587
60629,2025-09-30 13:15:00,2.62,1.7335872650146484,512,0.8864127349853517
60630,2025-09-30 13:30:00,2.0,2.420620918273926,512,-0.4206209182739258
60631,2025-09-30 13:45:00,2.2,1.8674898147583008,512,0.3325101852416994
60632,2025-09-30 14:00:00,2.35,2.3443408012390137,512,0.005659198760986417
60633,2025-09-30 14:15:00,2.5,2.2287344932556152,512,0.27126550674438477
60634,2025-09-30 14:30:00,2.59,1.9976574182510376,512,0.5923425817489623
60635,2025-09-30 14:45:00,2.52,1.8815598487854004,512,0.6384401512145996
60636,2025-09-30 15:00:00,2.96,1.9656391143798828,512,0.9943608856201172
60637,2025-09-30 15:15:00,2.12,2.3284761905670166,512,-0.2084761905670165
60638,2025-09-30 15:30:00,2.67,1.7276180982589722,512,0.9423819017410278
60639,2025-09-30 15:45:00,3.8,2.2055201530456543,512,1.5944798469543455
60640,2025-09-30 16:00:00,1.84,2.9027111530303955,512,-1.0627111530303954
60641,2025-09-30 16:15:00,1.23,1.5588734149932861,512,-0.32887341499328615
60642,2025-09-30 16:30:00,0.23,1.0982184410095215,512,-0.8682184410095215
60643,2025-09-30 16:45:00,0.25,0.32066255807876587,512,-0.07066255807876587
60644,2025-09-30 17:00:00,0.24,0.2733767032623291,512,-0.03337670326232911
60645,2025-09-30 17:15:00,0.23,0.30920732021331787,512,-0.07920732021331786
60646,2025-09-30 17:30:00,0.25,0.31516581773757935,512,-0.06516581773757935
60647,2025-09-30 17:45:00,0.25,0.34025871753692627,512,-0.09025871753692627
60648,2025-09-30 18:00:00,0.24,0.3639334440231323,512,-0.12393344402313233
60649,2025-09-30 18:15:00,0.4,0.36553114652633667,512,0.03446885347366335
60650,2025-09-30 18:30:00,1.22,0.46579113602638245,512,0.7542088639736175
60651,2025-09-30 18:45:00,0.82,1.2736403942108154,512,-0.4536403942108155
60652,2025-09-30 19:00:00,0.69,0.9472050070762634,512,-0.2572050070762635
60653,2025-09-30 19:15:00,0.76,0.8561756610870361,512,-0.09617566108703612
60654,2025-09-30 19:30:00,0.68,0.853072464466095,512,-0.17307246446609492
60655,2025-09-30 19:45:00,0.72,0.7075958251953125,512,0.012404174804687473
60656,2025-09-30 20:00:00,1.31,0.7910250425338745,512,0.5189749574661255
60657,2025-09-30 20:15:00,1.8,1.179425835609436,512,0.620574164390564
60658,2025-09-30 20:30:00,1.68,1.5817033052444458,512,0.09829669475555414
60659,2025-09-30 20:45:00,1.61,1.4572176933288574,512,0.15278230667114268
60660,2025-09-30 21:00:00,0.85,1.5144078731536865,512,-0.6644078731536865
60661,2025-09-30 21:15:00,0.55,0.9385616183280945,512,-0.38856161832809444
60662,2025-09-30 21:30:00,0.6,0.7252042889595032,512,-0.1252042889595032
60663,2025-09-30 21:45:00,1.35,0.6838052272796631,512,0.666194772720337
60664,2025-09-30 22:00:00,2.21,1.2522011995315552,512,0.9577988004684448
60665,2025-09-30 22:15:00,1.14,1.7801878452301025,512,-0.6401878452301026
60666,2025-09-30 22:30:00,0.77,0.9580134153366089,512,-0.18801341533660887
60667,2025-09-30 22:45:00,0.5,0.9022486805915833,512,-0.40224868059158325
60668,2025-09-30 23:00:00,0.45,0.7021740674972534,512,-0.2521740674972534
60669,2025-09-30 23:15:00,0.36,0.6229902505874634,512,-0.2629902505874634
60670,2025-09-30 23:30:00,0.29,0.5191090703010559,512,-0.22910907030105593
60671,2025-09-30 23:45:00,0.28,0.39361661672592163,512,-0.1136166167259216
